job_position_name,predicted_score
Mechanical Engineer,1.023167716769987
Senior Software Engineer,1.0018208397251878
Senior Software Engineer,0.9790332159644488
Management Trainee - Mechanical,0.966644896466136
Data Engineer,0.9570180694069739
Data Engineer,0.952696486301845
Executive/ Sr. Executive -IT,0.9484895537633921
Senior Software Engineer,0.942585122982381
Management Trainee - Mechanical,0.9400889158420946
Mechanical Engineer,0.9373545968786002
Project Coordinator (Civil),0.9278145019980333
Mechanical Engineer,0.927679089254047
Civil Engineer,0.9241768776521521
Senior Software Engineer,0.9240641822479766
Management Trainee - Mechanical,0.9211904153593287
HR Officer,0.9199477773487847
Executive/ Sr. Executive -IT,0.9015107090640424
Mechanical Designer,0.8993446405785189
Site Engineer,0.8988966272941721
Senior Software Engineer,0.8978308427484925
Executive - VAT,0.8948580020298739
Executive/ Sr. Executive -IT,0.8891928878272022
Executive/ Sr. Executive -IT,0.8866919442205339
Mechanical Designer,0.8857376617917834
Executive/ Sr. Executive -IT,0.8825849238296815
HR Officer,0.8799999999999988
Machine Learning (ML) Engineer,0.8786021236245698
Data Engineer,0.8776322929351816
Machine Learning (ML) Engineer,0.8771578936529614
Data Engineer,0.8757328872436945
Machine Learning (ML) Engineer,0.8754348718985023
Data Engineer,0.8725734908249809
Senior Software Engineer,0.8702291710154995
Senior Software Engineer,0.8684007959450477
Senior Software Engineer,0.8662488030470799
Executive - VAT,0.864944469376162
Senior Software Engineer,0.8636382436613608
Project Coordinator (Civil),0.8614962537871599
Intern (Generative AI Engineering - 2D/3D Image Generation),0.8593043738471274
Senior Software Engineer,0.8585785055435742
Project Coordinator (Civil),0.8567790540765796
Data Engineer,0.855497818920951
Mechanical Engineer,0.8543419772852109
"Manager- Human Resource Management (HRM)
",0.8537318355790651
Senior Software Engineer,0.8526214014103072
Project Coordinator (Civil),0.8520642744300373
Senior Software Engineer,0.8518462129687276
HR Officer,0.8493302219780272
Management Trainee - Mechanical,0.8484997552578153
Data Engineer,0.8480100213916758
Network Support Engineer,0.8476221073577818
Senior Software Engineer,0.8469363978760751
Senior Software Engineer,0.8464229167018833
Senior Software Engineer,0.8463874037038972
Senior Software Engineer,0.8456305328620197
Executive/ Sr. Executive -IT,0.8452540717906705
Senior Software Engineer,0.8449516775040256
Senior Software Engineer,0.8446896339696273
Senior Software Engineer,0.8436592746993179
Senior Software Engineer,0.8436570366802918
Senior Software Engineer,0.8428625598267278
AI Engineer,0.8427841373125982
AI Engineer,0.8427656750707642
Civil Engineer,0.8420469759648244
Machine Learning (ML) Engineer,0.841183910450322
Senior Software Engineer,0.8410296650687459
Data Engineer,0.841004166336264
Senior Software Engineer,0.8398030454498464
Machine Learning (ML) Engineer,0.8390198589033047
Machine Learning (ML) Engineer,0.8384154482815489
Machine Learning (ML) Engineer,0.8383881810900946
Mechanical Designer,0.8382157466225136
Intern (Generative AI Engineering - 2D/3D Image Generation),0.8381369848986128
Executive/ Sr. Executive -IT,0.838103908618329
Data Science Engineer,0.8374502331433209
Data Engineer,0.8370631456994868
Mechanical Designer,0.8358656700187813
Executive/ Sr. Executive -IT,0.8357845691437104
Senior Software Engineer,0.8353548145042036
Data Science Engineer,0.8340887673918596
Mechanical Designer,0.8324168533854305
Machine Learning (ML) Engineer,0.8312614540095855
Executive/ Sr. Executive -IT,0.8311713922674406
Executive/ Sr. Executive -IT,0.830632872317677
Senior Software Engineer,0.8305931954483314
Senior Software Engineer,0.8298678007179545
AI Engineer,0.8296698562856331
Senior Software Engineer,0.8295226124863186
Mechanical Engineer,0.8284346211143314
Data Engineer,0.8272072891271521
Senior Software Engineer,0.8265431424585873
Data Engineer,0.8262084515930663
Machine Learning (ML) Engineer,0.825600074585958
Machine Learning (ML) Engineer,0.8254954632987159
Civil Engineer,0.8253955820624529
Management Trainee - Mechanical,0.825333765712174
Intern (Generative AI Engineering - 2D/3D Image Generation),0.825285316202012
Intern (Generative AI Engineering - 2D/3D Image Generation),0.8251035660370988
Executive/ Sr. Executive -IT,0.8250669661048998
Machine Learning (ML) Engineer,0.8246070887257393
Data Engineer,0.8243810753845786
Machine Learning (ML) Engineer,0.8240250682230722
Senior Software Engineer,0.8230134098782702
Machine Learning (ML) Engineer,0.8226907217876276
Senior Software Engineer,0.8223338449516484
Site Engineer,0.8221304673653593
Senior Software Engineer,0.8219692951537168
Data Science Engineer,0.8219052668291061
Machine Learning (ML) Engineer,0.8218854845007284
Machine Learning (ML) Engineer,0.8217398745109059
Mechanical Engineer,0.8216695771342566
Executive/ Sr. Executive -IT,0.8212093706295515
HR Officer,0.8206828148254093
Marketing Officer,0.8195259646494619
Machine Learning (ML) Engineer,0.8183077077907728
Machine Learning (ML) Engineer,0.8181060271011431
Intern (Generative AI Engineering - 2D/3D Image Generation),0.8169618406758721
Executive/ Sr. Executive -IT,0.8169304311161674
Senior Software Engineer,0.8166232594294751
Data Science Engineer,0.8165983829554573
Executive/ Sr. Executive -IT,0.816059514817884
Management Trainee - Mechanical,0.8155423540523269
Mechanical Engineer,0.8145050182207416
Senior Software Engineer,0.8141520660542187
Intern (Generative AI Engineering - 2D/3D Image Generation),0.813689002084407
Machine Learning (ML) Engineer,0.8136733158113588
Intern (Generative AI Engineering - 2D/3D Image Generation),0.8134835592842523
Data Science Engineer,0.8130201635795732
Management Trainee - Mechanical,0.8124647844427662
Data Engineer,0.8124162116780156
Data Engineer,0.8120427044469731
Machine Learning (ML) Engineer,0.8115071239128491
Machine Learning (ML) Engineer,0.8109826892529627
Data Engineer,0.8108240060574973
Management Trainee - Mechanical,0.8107191191472158
Management Trainee - Mechanical,0.8107062126084332
Executive/ Sr. Executive -IT,0.8104760792846378
Marketing Officer,0.8104316956371659
Civil Engineer,0.8101757262963035
Executive/ Sr. Executive -IT,0.8077013023336301
Mechanical Engineer,0.8073811191752742
Intern (Generative AI Engineering - 2D/3D Image Generation),0.8071724199419554
Senior Software Engineer,0.8070875328732658
Intern (Generative AI Engineering - 2D/3D Image Generation),0.8068110805106754
Intern (Generative AI Engineering - 2D/3D Image Generation),0.8062811100829367
Machine Learning (ML) Engineer,0.8057306327365197
Intern (Generative AI Engineering - 2D/3D Image Generation),0.8052444674158694
"Manager- Human Resource Management (HRM)
",0.8049302577121635
Intern (Generative AI Engineering - 2D/3D Image Generation),0.8044688699388157
Mechanical Designer,0.8041011340303847
Senior Software Engineer,0.804054735097928
Executive/ Sr. Executive -IT,0.8035530827098276
Senior Software Engineer,0.8034372871041155
Senior iOS Engineer,0.8031134579948247
"Full Stack Developer (Python,React js)",0.8029495449321586
Machine Learning (ML) Engineer,0.8025504647820926
Machine Learning (ML) Engineer,0.8023323740349508
"Full Stack Developer (Python,React js)",0.8023322345919787
AI Engineer,0.8022610221505807
Machine Learning (ML) Engineer,0.8021424739739365
Executive/ Sr. Executive -IT,0.8021415257043345
Data Science Engineer,0.8021087189236591
Data Engineer,0.8019513988381738
Machine Learning (ML) Engineer,0.801266788061175
Data Engineer,0.8010995853611946
Executive/ Sr. Executive -IT,0.8010679573111776
Machine Learning (ML) Engineer,0.8009842976999522
Executive/ Sr. Executive -IT,0.8009712689453818
Senior Software Engineer,0.8005368833009506
Senior Software Engineer,0.8004875663333803
Executive/ Sr. Executive -IT,0.8004554434653107
Intern (Generative AI Engineering - 2D/3D Image Generation),0.7995492014415676
Network Support Engineer,0.7991519726356954
Senior Software Engineer,0.7991238582253939
Senior Software Engineer,0.7990723214218806
Mechanical Engineer,0.7984318172880072
Executive/ Sr. Executive -IT,0.7980568658715478
Data Engineer,0.7979228593644303
Data Science Engineer,0.7977949930268755
Executive/ Sr. Executive -IT,0.7977850873824979
Management Trainee - Mechanical,0.797447915993998
Intern (Generative AI Engineering - 2D/3D Image Generation),0.7961664730830571
Intern (Generative AI Engineering - 2D/3D Image Generation),0.7959707943492003
Data Engineer,0.7958140203828092
Data Science Engineer,0.7957590213605577
Senior Software Engineer,0.7954993681710676
AI Engineer,0.7950835872461466
Intern (Generative AI Engineering - 2D/3D Image Generation),0.7945629117052446
Machine Learning (ML) Engineer,0.7944134743228661
Business Development Executive,0.7943915952860872
Management Trainee - Mechanical,0.7942761543392046
AI Engineer,0.794143301422934
Senior Software Engineer,0.7937259484598105
Executive/ Sr. Executive -IT,0.7937134261138263
Machine Learning (ML) Engineer,0.7934689222181949
Machine Learning (ML) Engineer,0.7934304452753579
Data Science Engineer,0.7929951821630493
Machine Learning (ML) Engineer,0.7928686550725407
Executive/ Sr. Executive -IT,0.7925763013052144
"Executive/ Senior Executive- Trade Marketing, Hygiene Products",0.7922135150779513
Intern (Generative AI Engineering - 2D/3D Image Generation),0.7922100895548936
Senior Software Engineer,0.7921636743364125
Machine Learning (ML) Engineer,0.7920740369441897
Data Engineer,0.7908868446676336
Senior Software Engineer,0.7908696443908827
Intern (Generative AI Engineering - 2D/3D Image Generation),0.7901467885686513
HR Officer,0.790113529047819
Senior Software Engineer,0.7895780133223981
Senior Software Engineer,0.7894988613492124
Mechanical Engineer,0.7892359249991048
Data Science Engineer,0.7891391836411832
Senior Software Engineer,0.7889186093800918
Management Trainee - Mechanical,0.7884020402251268
Executive/ Sr. Executive -IT,0.7881340638964681
Senior Software Engineer,0.7881308862289891
Senior Software Engineer,0.788101590547023
Machine Learning (ML) Engineer,0.7880532608422162
Intern (Generative AI Engineering - 2D/3D Image Generation),0.7880409137530756
Machine Learning (ML) Engineer,0.7878460618593583
AI Engineer,0.7878093400153924
Senior Software Engineer,0.7866798010375345
Machine Learning (ML) Engineer,0.786655176479502
Machine Learning (ML) Engineer,0.7865306072874798
Mechanical Engineer,0.7860667661187721
Intern (Generative AI Engineering - 2D/3D Image Generation),0.7860529075055012
Senior Software Engineer,0.7859425509638388
Senior Software Engineer,0.7849750139426828
Head of Internal Control & Compliance (ICC) - SEVP/DMD,0.7849257085981782
Intern (Generative AI Engineering - 2D/3D Image Generation),0.784270054921789
Site Engineer,0.7842605398242549
Intern (Generative AI Engineering - 2D/3D Image Generation),0.7841548584583464
Executive/ Sr. Executive -IT,0.7841453411384074
Data Engineer,0.783830812267676
Machine Learning (ML) Engineer,0.7836806475564586
AI Engineer,0.783181701577776
Machine Learning (ML) Engineer,0.7830605990776933
Data Engineer,0.7829499287396763
Intern (Generative AI Engineering - 2D/3D Image Generation),0.7828940267921883
Data Engineer,0.7828514132868027
AI Engineer,0.7825223261768739
Data Science Engineer,0.7823196478040693
Data Science Engineer,0.7822642613911361
Executive/ Sr. Executive -IT,0.7821694451241694
Intern (Generative AI Engineering - 2D/3D Image Generation),0.7820759058996883
Machine Learning (ML) Engineer,0.7820174325958524
Intern (Generative AI Engineering - 2D/3D Image Generation),0.7818889795606202
Machine Learning (ML) Engineer,0.7818658600388178
Intern (Generative AI Engineering - 2D/3D Image Generation),0.7817485867171391
Executive/ Sr. Executive -IT,0.7816903293091391
Data Engineer,0.7814053067376309
Intern (Generative AI Engineering - 2D/3D Image Generation),0.7813840903055078
"Executive/ Senior Executive- Trade Marketing, Hygiene Products",0.7813258557490421
Management Trainee - Mechanical,0.7812806992130036
Machine Learning (ML) Engineer,0.7812516685945206
Senior Software Engineer,0.7811399507326092
Executive/ Sr. Executive -IT,0.7810716393701604
Data Science Engineer,0.7808549706299994
Data Engineer,0.7808244507379066
Machine Learning (ML) Engineer,0.7805406999059626
Executive/ Sr. Executive -IT,0.7802122824437774
Data Science Engineer,0.7800525939420413
Senior Software Engineer,0.7799859633335512
Senior Software Engineer,0.779560419579344
Intern (Generative AI Engineering - 2D/3D Image Generation),0.7795108750287592
Machine Learning (ML) Engineer,0.7794257686972219
Data Engineer,0.7793449086432644
Machine Learning (ML) Engineer,0.7792259117673238
Intern (Generative AI Engineering - 2D/3D Image Generation),0.7792206076490027
Machine Learning (ML) Engineer,0.7791775312249226
Mechanical Designer,0.7790829913851132
Intern (Generative AI Engineering - 2D/3D Image Generation),0.779078522514256
Intern (Generative AI Engineering - 2D/3D Image Generation),0.7790274560387707
Intern (Generative AI Engineering - 2D/3D Image Generation),0.7788413508518874
HR Officer,0.7788265814464786
Database Administrator (DBA),0.7787914173156925
Intern (Generative AI Engineering - 2D/3D Image Generation),0.7786562878131222
Executive/ Sr. Executive -IT,0.7779878310234036
Machine Learning (ML) Engineer,0.7779330727262285
Intern (Generative AI Engineering - 2D/3D Image Generation),0.7779325423539695
Data Engineer,0.777917185084061
Marketing Officer,0.777912051360555
Civil Engineer,0.7778922669569146
AI Engineer,0.7775343830359482
Machine Learning (ML) Engineer,0.7774720617026701
AI Engineer,0.7774087213254304
Intern (Generative AI Engineering - 2D/3D Image Generation),0.7773296358022748
Intern (Generative AI Engineering - 2D/3D Image Generation),0.7770647908020841
Machine Learning (ML) Engineer,0.7769681999039137
Machine Learning (ML) Engineer,0.7768657264385425
Machine Learning (ML) Engineer,0.7767156968265969
Intern (Generative AI Engineering - 2D/3D Image Generation),0.7766419340798475
Machine Learning (ML) Engineer,0.7765771301749029
Intern (Generative AI Engineering - 2D/3D Image Generation),0.7762367944123746
Machine Learning (ML) Engineer,0.7757115665312423
Intern (Generative AI Engineering - 2D/3D Image Generation),0.775699412660101
Data Science Engineer,0.7756868942308939
Senior Software Engineer,0.7754015727971308
Executive/ Sr. Executive -IT,0.7751440086773278
Management Trainee - Mechanical,0.7748939618651118
Data Engineer,0.7748886555597054
Executive/ Sr. Executive -IT,0.7748533700002858
Senior Software Engineer,0.7748290797356554
Executive/ Sr. Executive -IT,0.7745887230648068
Machine Learning (ML) Engineer,0.7745501645587195
Data Science Engineer,0.7745499831722296
Senior Software Engineer,0.7745494725270234
Site Engineer,0.7744100963199528
Mechanical Engineer,0.7739712853178993
"Full Stack Developer (Python,React js)",0.7737753865930173
Executive/ Sr. Executive -IT,0.7734279172878409
Senior Software Engineer,0.7731086232719835
Executive/ Sr. Executive -IT,0.7730408143458294
Civil Engineer,0.7728192118954438
Machine Learning (ML) Engineer,0.772678897610215
Intern (Generative AI Engineering - 2D/3D Image Generation),0.7725826032587833
Senior Software Engineer,0.7723005005668901
Executive/ Sr. Executive -IT,0.7720982339218336
Senior Software Engineer,0.7719009997663915
Machine Learning (ML) Engineer,0.7717496367832929
Marketing Officer,0.7717119282229615
Senior Software Engineer,0.7716031666723312
Executive/ Sr. Executive -IT,0.771446826038348
Data Engineer,0.7713923882885579
Senior Software Engineer,0.7713658520089718
Intern (Generative AI Engineering - 2D/3D Image Generation),0.7713161299865776
Business Development Executive,0.77126655669018
Intern (Generative AI Engineering - 2D/3D Image Generation),0.7712471904375104
Intern (Generative AI Engineering - 2D/3D Image Generation),0.7710418711655896
Executive - VAT,0.7707681364498012
Executive/ Sr. Executive -IT,0.7704621643095138
Management Trainee - Mechanical,0.7702949300877542
Senior Software Engineer,0.7702182300351802
Intern (Generative AI Engineering - 2D/3D Image Generation),0.7702033789694183
Intern (Generative AI Engineering - 2D/3D Image Generation),0.7701715594449047
Data Science Engineer,0.7700805171361147
Database Administrator (DBA),0.7699334766784129
Intern (Generative AI Engineering - 2D/3D Image Generation),0.7698688480142604
Executive/ Sr. Executive -IT,0.769593199638759
Machine Learning (ML) Engineer,0.7694990490614235
Intern (Generative AI Engineering - 2D/3D Image Generation),0.7693187704459777
Senior iOS Engineer,0.7691080568448563
Network Support Engineer,0.768988683962166
AI Engineer,0.768963825746617
Senior Software Engineer,0.7686570744939102
Intern (Generative AI Engineering - 2D/3D Image Generation),0.7686006350725245
Management Trainee - Mechanical,0.768588728582823
Senior Software Engineer,0.7684401505254066
Machine Learning (ML) Engineer,0.7684143832585735
HR Officer,0.7683232850890331
Machine Learning (ML) Engineer,0.7682341370850716
Senior Software Engineer,0.7682211810625873
Machine Learning (ML) Engineer,0.7681589104157153
Executive/ Sr. Executive -IT,0.7680747123107498
Civil Engineer,0.7677528358550542
Senior Software Engineer,0.7675334346708589
AI Engineer,0.7675203420232568
AI Engineer,0.7674234300923569
Executive/ Sr. Executive -IT,0.7670784334896608
Management Trainee - Mechanical,0.7669397051229289
Management Trainee - Mechanical,0.7669073090290317
Machine Learning (ML) Engineer,0.7666460109499681
Intern (Generative AI Engineering - 2D/3D Image Generation),0.7664858181773817
Machine Learning (ML) Engineer,0.7664113029827837
Executive/ Sr. Executive -IT,0.7661957672303269
HR Officer,0.7661234515163917
Machine Learning (ML) Engineer,0.7658117887370823
Intern (Generative AI Engineering - 2D/3D Image Generation),0.7657736983545439
AI Engineer,0.7657595950590637
Machine Learning (ML) Engineer,0.765660147725437
Intern (Generative AI Engineering - 2D/3D Image Generation),0.7655958591387945
Project Coordinator (Civil),0.7655537029829103
Machine Learning (ML) Engineer,0.7653361031324986
Executive/ Sr. Executive -IT,0.7652365716449038
Data Engineer,0.7652184036695685
Executive/ Sr. Executive -IT,0.7651264133804947
Intern (Generative AI Engineering - 2D/3D Image Generation),0.7650076533618043
Civil Engineer,0.7649649897124831
Business Development Executive,0.7649281550125799
Marketing Officer,0.7646773902130742
Machine Learning (ML) Engineer,0.7646086809147842
"Full Stack Developer (Python,React js)",0.7643489611059581
"Full Stack Developer (Python,React js)",0.7643171610935969
Executive/ Sr. Executive -IT,0.7642681468232896
Intern (Generative AI Engineering - 2D/3D Image Generation),0.7642284186231739
Machine Learning (ML) Engineer,0.7641866436612968
Marketing Officer,0.7641099416567991
Intern (Generative AI Engineering - 2D/3D Image Generation),0.7636895067772307
Executive/ Sr. Executive -IT,0.7636455098161976
Intern (Generative AI Engineering - 2D/3D Image Generation),0.7636425827028386
Machine Learning (ML) Engineer,0.7634570699235097
Intern (Generative AI Engineering - 2D/3D Image Generation),0.7634519176154293
"Executive/ Senior Executive- Trade Marketing, Hygiene Products",0.7632956895135592
Senior Software Engineer,0.7631500181671715
Machine Learning (ML) Engineer,0.7631444471535856
Executive/ Sr. Executive -IT,0.7629374463105847
Mechanical Engineer,0.7628282726242924
Data Engineer,0.7628213120361
Machine Learning (ML) Engineer,0.7626299086960999
Intern (Generative AI Engineering - 2D/3D Image Generation),0.7626174029155051
Intern (Generative AI Engineering - 2D/3D Image Generation),0.7625027370685422
Senior Software Engineer,0.7624939681147105
Head of Internal Control & Compliance (ICC) - SEVP/DMD,0.7624231806907535
Senior Software Engineer,0.7622893824572871
Senior Software Engineer,0.7622626341953189
Data Science Engineer,0.7622261217686889
Senior Software Engineer,0.7620887501859769
Intern (Generative AI Engineering - 2D/3D Image Generation),0.7619695784182559
Intern (Generative AI Engineering - 2D/3D Image Generation),0.7618601777594323
Intern (Generative AI Engineering - 2D/3D Image Generation),0.7618491031935123
Intern (Generative AI Engineering - 2D/3D Image Generation),0.7618359322588089
Intern (Generative AI Engineering - 2D/3D Image Generation),0.7617821709722549
Data Science Engineer,0.7616171415737382
Intern (Generative AI Engineering - 2D/3D Image Generation),0.7614628510526571
Management Trainee - Mechanical,0.7614526150041875
Senior Software Engineer,0.7612946545858872
Senior Software Engineer,0.7610924049019487
Civil Engineer,0.760959353640941
Intern (Generative AI Engineering - 2D/3D Image Generation),0.7609399169213009
Senior Software Engineer,0.7608484187288981
Intern (Generative AI Engineering - 2D/3D Image Generation),0.7607301652785473
Data Science Engineer,0.7607300996800197
Database Administrator (DBA),0.7606784671508913
Intern (Generative AI Engineering - 2D/3D Image Generation),0.7606575090331669
Senior Software Engineer,0.7605573721913912
Senior Software Engineer,0.7604566700035675
Intern (Generative AI Engineering - 2D/3D Image Generation),0.760285087258691
Executive/ Sr. Executive -IT,0.7601692048933066
Intern (Generative AI Engineering - 2D/3D Image Generation),0.7601544040337387
Management Trainee - Mechanical,0.7599677691002157
Executive/ Sr. Executive -IT,0.7595496519568898
Management Trainee - Mechanical,0.7595226404249509
Senior Software Engineer,0.7595224557083707
Data Science Engineer,0.7593445124786434
Data Science Engineer,0.7591648038081684
Machine Learning (ML) Engineer,0.75911551463433
AI Engineer,0.7590525815872509
Senior Software Engineer,0.7590455982309515
Executive - VAT,0.7589247880960343
Executive/ Sr. Executive -IT,0.7588988255887448
Intern (Generative AI Engineering - 2D/3D Image Generation),0.7588464783498644
Senior Software Engineer,0.7587465603584715
Executive/ Sr. Executive -IT,0.758608046177591
Machine Learning (ML) Engineer,0.7585091564439475
Intern (Generative AI Engineering - 2D/3D Image Generation),0.7584466174302728
Intern (Generative AI Engineering - 2D/3D Image Generation),0.7584375412390196
Intern (Generative AI Engineering - 2D/3D Image Generation),0.7584338139173543
Intern (Generative AI Engineering - 2D/3D Image Generation),0.7581703827451783
Executive/ Sr. Executive -IT,0.758102517533889
Executive/ Sr. Executive -IT,0.7580505502067967
Machine Learning (ML) Engineer,0.7580071350386173
Database Administrator (DBA),0.7579922135935666
AI Engineer,0.7579211839269191
Data Science Engineer,0.7578192922690445
Head of Internal Control & Compliance (ICC) - SEVP/DMD,0.7577735912042728
Intern (Generative AI Engineering - 2D/3D Image Generation),0.757633719137951
Mechanical Engineer,0.7575726840774997
Project Coordinator (Civil),0.7575466351377416
Senior Software Engineer,0.7575240336944966
Intern (Generative AI Engineering - 2D/3D Image Generation),0.7575146690102785
Data Science Engineer,0.7572812186809719
Intern (Generative AI Engineering - 2D/3D Image Generation),0.7571555138131377
Senior Software Engineer,0.7570793323666839
Senior Software Engineer,0.7570558414288862
Mechanical Designer,0.7570340479392788
Intern (Generative AI Engineering - 2D/3D Image Generation),0.756945585818565
Senior Software Engineer,0.7568250684148564
Head of Internal Control & Compliance (ICC) - SEVP/DMD,0.7564341867369204
Management Trainee - Mechanical,0.7564155230663239
Asst. Manager/ Manger (Administrative),0.7563939797529684
Business Development Executive,0.7562782937275088
Intern (Generative AI Engineering - 2D/3D Image Generation),0.7562700740368508
Intern (Generative AI Engineering - 2D/3D Image Generation),0.7562233514565835
Machine Learning (ML) Engineer,0.7562114312964461
Machine Learning (ML) Engineer,0.7561473518402685
Intern (Generative AI Engineering - 2D/3D Image Generation),0.756073905085662
Management Trainee - Mechanical,0.7559109722822466
Machine Learning (ML) Engineer,0.7558828783754102
Senior Software Engineer,0.7556461573026929
Senior Software Engineer,0.7556107741555544
Machine Learning (ML) Engineer,0.7555752596047914
Machine Learning (ML) Engineer,0.7554557635963668
Data Engineer,0.7554248188384202
AI Engineer,0.7552573815482654
Intern (Generative AI Engineering - 2D/3D Image Generation),0.7551379762952448
Intern (Generative AI Engineering - 2D/3D Image Generation),0.755012107862183
Network Support Engineer,0.7548982932287562
Intern (Generative AI Engineering - 2D/3D Image Generation),0.7547316373954842
Machine Learning (ML) Engineer,0.754661727089547
Machine Learning (ML) Engineer,0.7546199841565726
Executive/ Sr. Executive -IT,0.7545834149994212
Intern (Generative AI Engineering - 2D/3D Image Generation),0.7544680781960503
Machine Learning (ML) Engineer,0.7544182813892979
Senior Software Engineer,0.753946649574909
Intern (Generative AI Engineering - 2D/3D Image Generation),0.7539429316193669
Intern (Generative AI Engineering - 2D/3D Image Generation),0.7538440386515204
Machine Learning (ML) Engineer,0.7537684194308197
Intern (Generative AI Engineering - 2D/3D Image Generation),0.7536907990201004
Senior Software Engineer,0.753650777071257
Intern (Generative AI Engineering - 2D/3D Image Generation),0.7535748616606572
Machine Learning (ML) Engineer,0.7535500879299036
Intern (Generative AI Engineering - 2D/3D Image Generation),0.7534784753930742
Intern (Generative AI Engineering - 2D/3D Image Generation),0.7534781844469487
Intern (Generative AI Engineering - 2D/3D Image Generation),0.75337519859261
Senior Software Engineer,0.7533706464979508
Intern (Generative AI Engineering - 2D/3D Image Generation),0.7533220416355624
Executive/ Sr. Executive -IT,0.7532452997656325
"Full Stack Developer (Python,React js)",0.7532014624571989
Machine Learning (ML) Engineer,0.7531933457541795
Machine Learning (ML) Engineer,0.7531247732687182
Intern (Generative AI Engineering - 2D/3D Image Generation),0.7530028356159337
Project Coordinator (Civil),0.7529083950944102
Data Science Engineer,0.7527979757578802
Management Trainee - Mechanical,0.7527950051557547
Intern (Generative AI Engineering - 2D/3D Image Generation),0.7526178374687065
Senior Software Engineer,0.7525827331984098
Data Science Engineer,0.7525289271496971
Machine Learning (ML) Engineer,0.7524709451994209
Data Engineer,0.7523434470565712
Machine Learning (ML) Engineer,0.7522764656508043
AI Engineer,0.7522273245583984
Management Trainee - Mechanical,0.7519014165215456
Intern (Generative AI Engineering - 2D/3D Image Generation),0.7518276689771349
Senior Software Engineer,0.7517445525601428
Data Science Engineer,0.7516903597757654
Executive/ Sr. Executive -IT,0.751681751699356
Intern (Generative AI Engineering - 2D/3D Image Generation),0.7515213042005193
Senior iOS Engineer,0.751351358306911
Management Trainee - Mechanical,0.7513051486077439
Executive/ Sr. Executive -IT,0.7511333622597129
Data Science Engineer,0.7511111334063382
Senior Software Engineer,0.7510330760012206
Intern (Generative AI Engineering - 2D/3D Image Generation),0.7510263966106819
Senior Software Engineer,0.751007967478731
Executive/ Sr. Executive -IT,0.7509738302929228
Data Science Engineer,0.7506717220285559
Intern (Generative AI Engineering - 2D/3D Image Generation),0.750580543245748
"Executive/ Senior Executive- Trade Marketing, Hygiene Products",0.7505094780656151
Data Science Engineer,0.7504747031376655
Data Engineer,0.7504002811424231
Intern (Generative AI Engineering - 2D/3D Image Generation),0.7502942340278896
Executive/ Sr. Executive -IT,0.750092209407153
Executive/ Sr. Executive -IT,0.7499532214025422
Intern (Generative AI Engineering - 2D/3D Image Generation),0.7499159566096641
Management Trainee - Mechanical,0.7497874811829932
Intern (Generative AI Engineering - 2D/3D Image Generation),0.7497384406183994
Executive/ Sr. Executive -IT,0.7494033882017075
Intern (Generative AI Engineering - 2D/3D Image Generation),0.7494033439646366
Management Trainee - Mechanical,0.7494025752141256
Intern (Generative AI Engineering - 2D/3D Image Generation),0.7493318776735681
Data Science Engineer,0.749268212159184
Civil Engineer,0.7491464829151451
Executive/ Sr. Executive -IT,0.7491397167781286
Senior Software Engineer,0.7491100693557942
AI Engineer,0.7490627038410582
Data Science Engineer,0.7490456126498836
Head of Internal Control & Compliance (ICC) - SEVP/DMD,0.7489420254046324
"Full Stack Developer (Python,React js)",0.74887391394948
Machine Learning (ML) Engineer,0.7487343706082268
Executive/ Sr. Executive -IT,0.7486580868359498
Senior Software Engineer,0.7484872671014292
Mechanical Engineer,0.7484766029839587
Data Science Engineer,0.7484627380929415
AI Engineer,0.7483338310928906
Intern (Generative AI Engineering - 2D/3D Image Generation),0.7483257565762683
Senior Software Engineer,0.7482306903424879
Intern (Generative AI Engineering - 2D/3D Image Generation),0.7482141005387403
Executive - VAT,0.7481724437675223
Management Trainee - Mechanical,0.7481441826345272
AI Engineer,0.748111789104355
Intern (Generative AI Engineering - 2D/3D Image Generation),0.748038785360893
Data Engineer,0.7479310372803516
Database Administrator (DBA),0.747911482331997
Data Science Engineer,0.7478705522641416
Machine Learning (ML) Engineer,0.7478658212792819
Senior Software Engineer,0.7478094043486114
Executive/ Sr. Executive -IT,0.7477701641004699
Intern (Generative AI Engineering - 2D/3D Image Generation),0.7477025786915854
Intern (Generative AI Engineering - 2D/3D Image Generation),0.7476458103321969
Machine Learning (ML) Engineer,0.7476040876515917
Intern (Generative AI Engineering - 2D/3D Image Generation),0.7475810481470075
Machine Learning (ML) Engineer,0.7475497815251193
"Manager- Human Resource Management (HRM)
",0.7475442302175179
Senior Software Engineer,0.7475333788200083
Data Science Engineer,0.7474547850072599
Intern (Generative AI Engineering - 2D/3D Image Generation),0.7474377380825385
Executive - VAT,0.7474325945704696
Intern (Generative AI Engineering - 2D/3D Image Generation),0.7473586770771787
Executive/ Sr. Executive -IT,0.7473315008561587
Management Trainee - Mechanical,0.7472915082339079
Intern (Generative AI Engineering - 2D/3D Image Generation),0.747281240616185
Machine Learning (ML) Engineer,0.7472238918086936
HR Officer,0.7471976733081841
Intern (Generative AI Engineering - 2D/3D Image Generation),0.7470535184276439
Intern (Generative AI Engineering - 2D/3D Image Generation),0.747006404619991
Mechanical Engineer,0.7469468718841022
Executive/ Sr. Executive -IT,0.7468996214707215
Intern (Generative AI Engineering - 2D/3D Image Generation),0.7468600258135049
Management Trainee - Mechanical,0.7468442299711359
Executive/ Sr. Executive -IT,0.7467880913258201
Data Engineer,0.7467811421717101
AI Engineer,0.7467783239328807
Intern (Generative AI Engineering - 2D/3D Image Generation),0.7466813803144623
Intern (Generative AI Engineering - 2D/3D Image Generation),0.746630930269159
Machine Learning (ML) Engineer,0.7465061615356599
"Full Stack Developer (Python,React js)",0.7464612174759346
Site Engineer,0.7463937696156817
Intern (Generative AI Engineering - 2D/3D Image Generation),0.7463930983639895
Intern (Generative AI Engineering - 2D/3D Image Generation),0.7463401183846512
Intern (Generative AI Engineering - 2D/3D Image Generation),0.7463197815862063
Intern (Generative AI Engineering - 2D/3D Image Generation),0.7462022193662212
"Manager- Human Resource Management (HRM)
",0.7461344039061113
Marketing Officer,0.7461230978175287
"System Administrator (Operation & Maintenance of Server, Storage & Service Desk System)",0.7460812285548433
Data Engineer,0.7460689997462788
Machine Learning (ML) Engineer,0.7460257410052002
Intern (Generative AI Engineering - 2D/3D Image Generation),0.7459860467756153
Data Engineer,0.7459653514135907
Intern (Generative AI Engineering - 2D/3D Image Generation),0.7459552816650454
Data Engineer,0.7457946133441238
AI Engineer,0.7457751137393873
Executive/ Sr. Executive -IT,0.7457671490270648
Intern (Generative AI Engineering - 2D/3D Image Generation),0.7457629152560011
Intern (Generative AI Engineering - 2D/3D Image Generation),0.7457057826763251
AI Engineer,0.7455273188520767
Intern (Generative AI Engineering - 2D/3D Image Generation),0.7454355486386212
Mechanical Engineer,0.7454126148954177
Intern (Generative AI Engineering - 2D/3D Image Generation),0.7453950829566438
Intern (Generative AI Engineering - 2D/3D Image Generation),0.7453940429302754
Intern (Generative AI Engineering - 2D/3D Image Generation),0.745382812671578
Project Coordinator (Civil),0.7453308738011097
Intern (Generative AI Engineering - 2D/3D Image Generation),0.7453153648467807
Intern (Generative AI Engineering - 2D/3D Image Generation),0.7451124127328526
Intern (Generative AI Engineering - 2D/3D Image Generation),0.7450866780233422
Executive/ Sr. Executive -IT,0.7450556140092242
Executive/ Sr. Executive -IT,0.7449860701986181
DevOps Engineer,0.7448437900626658
Intern (Generative AI Engineering - 2D/3D Image Generation),0.7448242506336187
Intern (Generative AI Engineering - 2D/3D Image Generation),0.744822995455456
Machine Learning (ML) Engineer,0.7447261732577208
Machine Learning (ML) Engineer,0.7446052454323888
Management Trainee - Mechanical,0.744556147461884
AI Engineer,0.7445254137379037
Intern (Generative AI Engineering - 2D/3D Image Generation),0.7445194335895786
Executive - VAT,0.7445064099820777
Marketing Officer,0.7445020710369176
Intern (Generative AI Engineering - 2D/3D Image Generation),0.7442472231943507
Machine Learning (ML) Engineer,0.7442392144418741
"Full Stack Developer (Python,React js)",0.7442234766763143
Civil Engineer,0.7441932278132161
Executive/ Sr. Executive -IT,0.7441596513044125
Civil Engineer,0.7441503497465649
Intern (Generative AI Engineering - 2D/3D Image Generation),0.7441012043706647
Machine Learning (ML) Engineer,0.7440715518012018
Intern (Generative AI Engineering - 2D/3D Image Generation),0.7440369082639607
Asst. Manager/ Manger (Administrative),0.7440139718055628
Management Trainee - Mechanical,0.7439826980724338
Intern (Generative AI Engineering - 2D/3D Image Generation),0.7439276261540844
Intern (Generative AI Engineering - 2D/3D Image Generation),0.7438550683643306
Machine Learning (ML) Engineer,0.7438059050310795
Intern (Generative AI Engineering - 2D/3D Image Generation),0.743756050604182
Intern (Generative AI Engineering - 2D/3D Image Generation),0.7437204411352163
Data Science Engineer,0.7436707467617353
Intern (Generative AI Engineering - 2D/3D Image Generation),0.7436278022804634
Intern (Generative AI Engineering - 2D/3D Image Generation),0.7436275094469051
Intern (Generative AI Engineering - 2D/3D Image Generation),0.7435219197350262
Machine Learning (ML) Engineer,0.7434419770170485
Senior Software Engineer,0.7434158599599299
Intern (Generative AI Engineering - 2D/3D Image Generation),0.743304530765781
Intern (Generative AI Engineering - 2D/3D Image Generation),0.7432745779192024
Machine Learning (ML) Engineer,0.742915895759035
Intern (Generative AI Engineering - 2D/3D Image Generation),0.7427537176669807
Intern (Generative AI Engineering - 2D/3D Image Generation),0.7427499072857341
Senior Software Engineer,0.7427293267984796
Data Science Engineer,0.7427016875854341
Intern (Generative AI Engineering - 2D/3D Image Generation),0.7425799211655002
Network Support Engineer,0.74257122663055
Executive/ Sr. Executive -IT,0.7425622857804992
"Manager- Human Resource Management (HRM)
",0.7425604095797078
Intern (Generative AI Engineering - 2D/3D Image Generation),0.7425541152486261
Machine Learning (ML) Engineer,0.7422688207150806
Senior Software Engineer,0.7421465058392913
Senior Software Engineer,0.7420881464163558
Intern (Generative AI Engineering - 2D/3D Image Generation),0.7420654368024343
Intern (Generative AI Engineering - 2D/3D Image Generation),0.7419084212548763
AI Engineer,0.741815014711694
Intern (Generative AI Engineering - 2D/3D Image Generation),0.7417264532997337
Intern (Generative AI Engineering - 2D/3D Image Generation),0.7417151419834175
Data Science Engineer,0.7416953794822828
Senior Software Engineer,0.7416266341051563
Intern (Generative AI Engineering - 2D/3D Image Generation),0.7415468957735242
Data Science Engineer,0.7414767491268246
Intern (Generative AI Engineering - 2D/3D Image Generation),0.741431342990476
Intern (Generative AI Engineering - 2D/3D Image Generation),0.7413904044297098
Civil Engineer,0.741375102435677
Civil Engineer,0.7413706103970281
Machine Learning (ML) Engineer,0.7413680059417252
Executive/ Sr. Executive -IT,0.74136719937678
Intern (Generative AI Engineering - 2D/3D Image Generation),0.7413444021460921
"Manager- Human Resource Management (HRM)
",0.7412756498761445
AI Engineer,0.7412656825625916
Executive/ Sr. Executive -IT,0.7412511357377989
Civil Engineer,0.7410819898894205
Machine Learning (ML) Engineer,0.7409848738475724
Intern (Generative AI Engineering - 2D/3D Image Generation),0.7409188562333558
Data Science Engineer,0.7409176261923672
Machine Learning (ML) Engineer,0.7408446609823824
Data Science Engineer,0.7408297901424401
Machine Learning (ML) Engineer,0.7408244038661049
Intern (Generative AI Engineering - 2D/3D Image Generation),0.7407988365033524
Machine Learning (ML) Engineer,0.7407913632738591
Intern (Generative AI Engineering - 2D/3D Image Generation),0.7407349974546027
Management Trainee - Mechanical,0.740470751754316
Senior Software Engineer,0.7404428239329814
Project Coordinator (Civil),0.7404150265396737
Machine Learning (ML) Engineer,0.7404116556589031
Executive/ Sr. Executive -IT,0.7403487275589132
HR Officer,0.74034285911472
Senior Software Engineer,0.7402490326198801
Intern (Generative AI Engineering - 2D/3D Image Generation),0.7401148658519803
Machine Learning (ML) Engineer,0.7400035121286759
Business Development Executive,0.7399992312222936
Business Development Executive,0.7399848994410279
Senior Software Engineer,0.7399579516648706
Site Engineer,0.7398587980443584
Intern (Generative AI Engineering - 2D/3D Image Generation),0.7397821521682899
Intern (Generative AI Engineering - 2D/3D Image Generation),0.7397488960373442
Intern (Generative AI Engineering - 2D/3D Image Generation),0.7395172925231438
Executive/ Sr. Executive -IT,0.7394906825594894
Executive/ Sr. Executive -IT,0.7394654636099951
Data Science Engineer,0.7394484426641368
Management Trainee - Mechanical,0.7393936186978223
HR Officer,0.7393756610779484
Machine Learning (ML) Engineer,0.7393498545915534
Intern (Generative AI Engineering - 2D/3D Image Generation),0.7393231980742052
Database Administrator (DBA),0.7393230828820636
Intern (Generative AI Engineering - 2D/3D Image Generation),0.739286322450786
Machine Learning (ML) Engineer,0.7392721989622633
Intern (Generative AI Engineering - 2D/3D Image Generation),0.739242880758987
Executive/ Sr. Executive -IT,0.7392350040195469
Intern (Generative AI Engineering - 2D/3D Image Generation),0.7392256955259726
Project Coordinator (Civil),0.7390682804365415
Senior Software Engineer,0.7389129774153863
Site Engineer,0.7387622111368147
Mechanical Engineer,0.7386591738849116
Senior Software Engineer,0.7386061133992352
Data Science Engineer,0.7384159360245448
Senior Software Engineer,0.738364613904594
Intern (Generative AI Engineering - 2D/3D Image Generation),0.7383283868130224
Intern (Generative AI Engineering - 2D/3D Image Generation),0.7382665226220775
Intern (Generative AI Engineering - 2D/3D Image Generation),0.738252952294679
Machine Learning (ML) Engineer,0.7382483596461338
Intern (Generative AI Engineering - 2D/3D Image Generation),0.7381978518890299
Machine Learning (ML) Engineer,0.7381595053585721
Machine Learning (ML) Engineer,0.7381578196165588
Executive/ Sr. Executive -IT,0.7381322597511517
Civil Engineer,0.7380422919202887
Intern (Generative AI Engineering - 2D/3D Image Generation),0.7380140612193014
Intern (Generative AI Engineering - 2D/3D Image Generation),0.738004453266361
AI Engineer,0.7379985850412564
Senior Software Engineer,0.737997104667493
Executive/ Sr. Executive -IT,0.7379665581149064
Intern (Generative AI Engineering - 2D/3D Image Generation),0.7379606854003664
Data Science Engineer,0.7379239182260078
Executive/ Sr. Executive -IT,0.7379217744449221
HR Officer,0.737910349804081
Machine Learning (ML) Engineer,0.7379068467487799
Database Administrator (DBA),0.7378721320600699
Intern (Generative AI Engineering - 2D/3D Image Generation),0.7378518802002964
Executive/ Sr. Executive -IT,0.7378493901710999
Intern (Generative AI Engineering - 2D/3D Image Generation),0.737779704998706
"Full Stack Developer (Python,React js)",0.7377641976192688
Machine Learning (ML) Engineer,0.7376408109753444
Intern (Generative AI Engineering - 2D/3D Image Generation),0.7375695795904441
Machine Learning (ML) Engineer,0.7375105998720859
Intern (Generative AI Engineering - 2D/3D Image Generation),0.7374541190271506
Business Development Executive,0.7374297535898484
AI Engineer,0.7374209553245299
Machine Learning (ML) Engineer,0.7374131714408971
Mechanical Designer,0.7373266962384055
Executive/ Sr. Executive -IT,0.737300191326452
Management Trainee - Mechanical,0.7372874957396989
Intern (Generative AI Engineering - 2D/3D Image Generation),0.7372219068383495
"Full Stack Developer (Python,React js)",0.7371931106713443
Senior Software Engineer,0.7371462755660654
Intern (Generative AI Engineering - 2D/3D Image Generation),0.7370848822260324
Intern (Generative AI Engineering - 2D/3D Image Generation),0.7370818484121341
Head of Internal Control & Compliance (ICC) - SEVP/DMD,0.7370610923665978
Intern (Generative AI Engineering - 2D/3D Image Generation),0.7370083107319638
Senior Software Engineer,0.7369403407739752
AI Engineer,0.7368999755451782
Intern (Generative AI Engineering - 2D/3D Image Generation),0.736868606118424
Intern (Generative AI Engineering - 2D/3D Image Generation),0.7368003518095287
Mechanical Designer,0.7367696513229807
Data Science Engineer,0.7367357034933631
Executive/ Sr. Executive -IT,0.736723768243081
Senior Software Engineer,0.7366199120712258
Management Trainee - Mechanical,0.7366062465958785
Marketing Officer,0.7365290389408414
Intern (Generative AI Engineering - 2D/3D Image Generation),0.7364963615899396
"Manager- Human Resource Management (HRM)
",0.7364777321793187
Intern (Generative AI Engineering - 2D/3D Image Generation),0.7364229285312368
Civil Engineer,0.7364210814890506
Senior iOS Engineer,0.7364179989944485
Intern (Generative AI Engineering - 2D/3D Image Generation),0.7363829071748335
Machine Learning (ML) Engineer,0.7363162135686836
Intern (Generative AI Engineering - 2D/3D Image Generation),0.7362977508083142
Data Science Engineer,0.7361973492709222
Intern (Generative AI Engineering - 2D/3D Image Generation),0.7361580634105566
Executive/ Sr. Executive -IT,0.7361363570870608
AI Engineer,0.7361328326395515
Intern (Generative AI Engineering - 2D/3D Image Generation),0.7361270191970478
Senior Software Engineer,0.7360909629751557
Intern (Generative AI Engineering - 2D/3D Image Generation),0.7360791433332835
Intern (Generative AI Engineering - 2D/3D Image Generation),0.736069948576512
Machine Learning (ML) Engineer,0.7360104012987652
Intern (Generative AI Engineering - 2D/3D Image Generation),0.7359771359537909
Civil Engineer,0.7359320193893348
Data Science Engineer,0.7358143759617424
Executive/ Sr. Executive -IT,0.7357237380801713
Executive/ Sr. Executive -IT,0.7356023996321481
Data Science Engineer,0.7355085195629669
"Full Stack Developer (Python,React js)",0.7354646696414748
AI Engineer,0.7353503767740366
Intern (Generative AI Engineering - 2D/3D Image Generation),0.7353360661206207
Data Science Engineer,0.7353230495867134
AI Engineer,0.7353137472958375
Intern (Generative AI Engineering - 2D/3D Image Generation),0.7352659700446844
Senior Software Engineer,0.7352064939771824
Intern (Generative AI Engineering - 2D/3D Image Generation),0.7351794154161158
Intern (Generative AI Engineering - 2D/3D Image Generation),0.735149643514052
Management Trainee - Mechanical,0.7351439702908298
Machine Learning (ML) Engineer,0.7351216225191464
Business Development Executive,0.7351161840750048
Data Science Engineer,0.7350283177666753
Intern (Generative AI Engineering - 2D/3D Image Generation),0.7349058093433531
Intern (Generative AI Engineering - 2D/3D Image Generation),0.7348417033055935
Senior Software Engineer,0.7348285667394258
Civil Engineer,0.7346381707679066
Executive/ Sr. Executive -IT,0.7346205070748661
Senior Software Engineer,0.7345845566154499
Intern (Generative AI Engineering - 2D/3D Image Generation),0.7345657147762656
Machine Learning (ML) Engineer,0.7345438071693831
Intern (Generative AI Engineering - 2D/3D Image Generation),0.7345407736639123
Data Science Engineer,0.7345261912057409
Management Trainee - Mechanical,0.7344489973848947
Data Science Engineer,0.7344123534724702
Intern (Generative AI Engineering - 2D/3D Image Generation),0.7343194466263816
Data Science Engineer,0.7342771625156223
Intern (Generative AI Engineering - 2D/3D Image Generation),0.7342602012007245
Intern (Generative AI Engineering - 2D/3D Image Generation),0.7342601210690426
Executive/ Sr. Executive -IT,0.7341700450266688
AI Engineer,0.7341358033895558
Machine Learning (ML) Engineer,0.7340574117340344
Intern (Generative AI Engineering - 2D/3D Image Generation),0.7340573607112025
Machine Learning (ML) Engineer,0.7340015060226872
Data Science Engineer,0.7339903110099928
HR Officer,0.73395691604696
Management Trainee - Mechanical,0.7339456660326276
Senior Software Engineer,0.733939767173259
Senior Software Engineer,0.7338967471384596
Intern (Generative AI Engineering - 2D/3D Image Generation),0.7338474847108797
Executive/ Sr. Executive -IT,0.7338280117160652
Head of Internal Control & Compliance (ICC) - SEVP/DMD,0.7337510527178395
HR Officer,0.7337303978003316
Network Support Engineer,0.73372661392667
Mechanical Designer,0.733724955030466
Senior Software Engineer,0.7337092660648337
Senior Software Engineer,0.7336972599043465
Executive/ Sr. Executive -IT,0.733448855703439
Machine Learning (ML) Engineer,0.733342369843036
Intern (Generative AI Engineering - 2D/3D Image Generation),0.7333417112601358
"Executive/ Senior Executive- Trade Marketing, Hygiene Products",0.7332867038551961
Senior Software Engineer,0.7332625290117166
Data Science Engineer,0.7332321148644014
Intern (Generative AI Engineering - 2D/3D Image Generation),0.7331870007424349
HR Officer,0.7331651040477712
Site Engineer,0.7330872383287887
Senior Software Engineer,0.7330555961607699
Machine Learning (ML) Engineer,0.7329666529671244
Site Engineer,0.7327510046341205
Executive/ Sr. Executive -IT,0.732701638631158
Intern (Generative AI Engineering - 2D/3D Image Generation),0.7326966403705709
Management Trainee - Mechanical,0.7326220645066533
Intern (Generative AI Engineering - 2D/3D Image Generation),0.7326115362454826
Intern (Generative AI Engineering - 2D/3D Image Generation),0.7325962192235367
Machine Learning (ML) Engineer,0.7325488403704766
Data Engineer,0.7325071842192175
Intern (Generative AI Engineering - 2D/3D Image Generation),0.7324896302244084
AI Engineer,0.732481658633903
"Manager- Human Resource Management (HRM)
",0.7324762148444871
Executive/ Sr. Executive -IT,0.7324161705130751
Machine Learning (ML) Engineer,0.7324092844281619
Site Engineer,0.7323915810011656
Intern (Generative AI Engineering - 2D/3D Image Generation),0.7323700820679244
Site Engineer,0.7323460145886083
Machine Learning (ML) Engineer,0.7323138467227305
Intern (Generative AI Engineering - 2D/3D Image Generation),0.732227296022155
Senior Software Engineer,0.7321544279933094
Executive/ Sr. Executive -IT,0.7321520747724971
Machine Learning (ML) Engineer,0.7321426738496172
AI Engineer,0.7321364680541922
Site Engineer,0.7321080753593013
Executive/ Sr. Executive -IT,0.7321014855278056
Executive/ Sr. Executive -IT,0.732064602101475
Database Administrator (DBA),0.7320582999658857
AI Engineer,0.7319013474941698
Senior Software Engineer,0.7318924523027386
Machine Learning (ML) Engineer,0.7318875944848279
Senior Software Engineer,0.7318299168449914
Senior Software Engineer,0.7318216900059435
Executive/ Sr. Executive -IT,0.7317532981221495
Machine Learning (ML) Engineer,0.7317396123763684
Intern (Generative AI Engineering - 2D/3D Image Generation),0.7317031584050014
Machine Learning (ML) Engineer,0.7316530131856248
Intern (Generative AI Engineering - 2D/3D Image Generation),0.7315799915917143
Intern (Generative AI Engineering - 2D/3D Image Generation),0.7315720056883953
Machine Learning (ML) Engineer,0.7315374012423347
Machine Learning (ML) Engineer,0.7315138422455916
HR Officer,0.731500268656477
Intern (Generative AI Engineering - 2D/3D Image Generation),0.7314885938176054
Intern (Generative AI Engineering - 2D/3D Image Generation),0.7314725411391475
Senior Software Engineer,0.7314330164516778
Management Trainee - Mechanical,0.7314074346696082
"Executive/ Senior Executive- Trade Marketing, Hygiene Products",0.7314072737554723
Executive - VAT,0.731335741699158
Senior Software Engineer,0.7313061059461226
Senior Software Engineer,0.7312733101136555
Senior Software Engineer,0.7312677619041131
Senior Software Engineer,0.7312590902621421
Intern (Generative AI Engineering - 2D/3D Image Generation),0.7311675209868183
Intern (Generative AI Engineering - 2D/3D Image Generation),0.7311583451813123
Intern (Generative AI Engineering - 2D/3D Image Generation),0.7311363619888515
Data Engineer,0.7311082578021605
Management Trainee - Mechanical,0.730970028118182
AI Engineer,0.7307866305147558
Intern (Generative AI Engineering - 2D/3D Image Generation),0.7307123589605244
Machine Learning (ML) Engineer,0.7307043456042487
Management Trainee - Mechanical,0.7306980829829873
Intern (Generative AI Engineering - 2D/3D Image Generation),0.7306876073304922
Intern (Generative AI Engineering - 2D/3D Image Generation),0.7306334075020732
Head of Internal Control & Compliance (ICC) - SEVP/DMD,0.7306193352402376
Senior Software Engineer,0.7306157978135911
Data Science Engineer,0.7306029783654925
Database Administrator (DBA),0.7305940104124063
Data Science Engineer,0.7305827384611807
Executive/ Sr. Executive -IT,0.7305620510672423
"Executive/ Senior Executive- Trade Marketing, Hygiene Products",0.7305064205163454
Intern (Generative AI Engineering - 2D/3D Image Generation),0.7304820681154327
Executive/ Sr. Executive -IT,0.730480803317507
Data Science Engineer,0.7304778107249832
AI Engineer,0.7304312948205822
Intern (Generative AI Engineering - 2D/3D Image Generation),0.7304281925956753
Senior iOS Engineer,0.7303898706989442
Intern (Generative AI Engineering - 2D/3D Image Generation),0.7303729633406231
Senior Software Engineer,0.7302547673019042
HR Officer,0.7302353036779439
Marketing Officer,0.7301074752102609
Data Science Engineer,0.7300059406336836
Mechanical Engineer,0.7299987801030416
Machine Learning (ML) Engineer,0.7299280597550446
Intern (Generative AI Engineering - 2D/3D Image Generation),0.7299129349668325
Civil Engineer,0.7298994940384242
Intern (Generative AI Engineering - 2D/3D Image Generation),0.7298541529989727
AI Engineer,0.7298431172121096
Intern (Generative AI Engineering - 2D/3D Image Generation),0.7297680075457048
Intern (Generative AI Engineering - 2D/3D Image Generation),0.729683229253307
Senior Software Engineer,0.7296070112335205
Business Development Executive,0.7295995448892979
Machine Learning (ML) Engineer,0.7295600875956625
Intern (Generative AI Engineering - 2D/3D Image Generation),0.7295300148704336
Machine Learning (ML) Engineer,0.7295274308762855
Management Trainee - Mechanical,0.729510882036123
Database Administrator (DBA),0.7294988315836807
Data Science Engineer,0.729454385316461
"Full Stack Developer (Python,React js)",0.729345282429511
Executive - VAT,0.729309221361783
Intern (Generative AI Engineering - 2D/3D Image Generation),0.7292302432702131
Executive/ Sr. Executive -IT,0.729214130316369
Executive/ Sr. Executive -IT,0.7292045968421725
Machine Learning (ML) Engineer,0.7291951572485327
Intern (Generative AI Engineering - 2D/3D Image Generation),0.7291778211227893
Intern (Generative AI Engineering - 2D/3D Image Generation),0.729075254534943
"Executive/ Senior Executive- Trade Marketing, Hygiene Products",0.7290729871762238
Intern (Generative AI Engineering - 2D/3D Image Generation),0.7290408132944751
Senior Software Engineer,0.7290125948585652
Intern (Generative AI Engineering - 2D/3D Image Generation),0.7289778261244596
Data Engineer,0.7289729503178699
Machine Learning (ML) Engineer,0.7289379704465215
Data Science Engineer,0.728926362798821
Intern (Generative AI Engineering - 2D/3D Image Generation),0.728909771385456
Intern (Generative AI Engineering - 2D/3D Image Generation),0.7288636165391322
Machine Learning (ML) Engineer,0.7288104168713313
Data Science Engineer,0.7288007964917032
Intern (Generative AI Engineering - 2D/3D Image Generation),0.7288005414890482
Intern (Generative AI Engineering - 2D/3D Image Generation),0.7287360120188512
Machine Learning (ML) Engineer,0.728573320175891
Senior Software Engineer,0.728531931627852
Machine Learning (ML) Engineer,0.7284716629059639
Intern (Generative AI Engineering - 2D/3D Image Generation),0.7284551766743801
Executive/ Sr. Executive -IT,0.7283913001774744
Data Science Engineer,0.7283063653865774
Machine Learning (ML) Engineer,0.7282948613957846
Intern (Generative AI Engineering - 2D/3D Image Generation),0.728268489410441
HR Officer,0.7281849604539649
Site Engineer,0.7281820655310189
Data Science Engineer,0.728173746689285
Machine Learning (ML) Engineer,0.7281193694952272
Intern (Generative AI Engineering - 2D/3D Image Generation),0.7280732132484273
Machine Learning (ML) Engineer,0.7279980522712781
Intern (Generative AI Engineering - 2D/3D Image Generation),0.7279735346695579
Intern (Generative AI Engineering - 2D/3D Image Generation),0.7279686858631292
Executive/ Sr. Executive -IT,0.7279529845618397
Database Administrator (DBA),0.7279397858619832
Intern (Generative AI Engineering - 2D/3D Image Generation),0.7279263153686173
Intern (Generative AI Engineering - 2D/3D Image Generation),0.7279252090056705
Intern (Generative AI Engineering - 2D/3D Image Generation),0.7279092429079033
Intern (Generative AI Engineering - 2D/3D Image Generation),0.7278802490130329
Intern (Generative AI Engineering - 2D/3D Image Generation),0.7278707650286574
Machine Learning (ML) Engineer,0.727818206870222
Executive - VAT,0.7277704896227202
AI Engineer,0.7277004975150454
Executive/ Sr. Executive -IT,0.7276902192959431
Data Science Engineer,0.7276562634271766
Executive/ Sr. Executive -IT,0.727613981329366
Network Support Engineer,0.7275770921616654
Data Science Engineer,0.7275163771012277
AI Engineer,0.7274272010222597
Intern (Generative AI Engineering - 2D/3D Image Generation),0.7274034328031803
Machine Learning (ML) Engineer,0.7273543283421008
Executive/ Sr. Executive -IT,0.7272473721030213
Intern (Generative AI Engineering - 2D/3D Image Generation),0.7271453951706257
Intern (Generative AI Engineering - 2D/3D Image Generation),0.7271401317225671
Intern (Generative AI Engineering - 2D/3D Image Generation),0.7271141619092252
AI Engineer,0.7271098555312484
Executive/ Sr. Executive -IT,0.7270995013125979
Intern (Generative AI Engineering - 2D/3D Image Generation),0.7270763283950039
Civil Engineer,0.7270412420760961
Executive/ Sr. Executive -IT,0.7270310512448805
"Executive/ Senior Executive- Trade Marketing, Hygiene Products",0.7269249276598779
"System Administrator (Operation & Maintenance of Server, Storage & Service Desk System)",0.7269154456109275
Executive/ Sr. Executive -IT,0.7269029361498925
Business Development Executive,0.7268518637650964
"Manager- Human Resource Management (HRM)
",0.7268346980021335
Project Coordinator (Civil),0.726794259938002
Machine Learning (ML) Engineer,0.7267781258254241
Data Engineer,0.7267086002394242
Executive/ Sr. Executive -IT,0.7266885861599527
AI Engineer,0.7266471669381804
Intern (Generative AI Engineering - 2D/3D Image Generation),0.7265733723121816
Machine Learning (ML) Engineer,0.7264268021977774
Executive/ Sr. Executive -IT,0.726425043986517
Machine Learning (ML) Engineer,0.726363188984988
Executive/ Sr. Executive -IT,0.7263261390321197
Intern (Generative AI Engineering - 2D/3D Image Generation),0.7262945558246958
AI Engineer,0.7260678847130256
Machine Learning (ML) Engineer,0.7260391955688286
Data Science Engineer,0.7259718025711889
Executive/ Sr. Executive -IT,0.7259635076977957
Machine Learning (ML) Engineer,0.7259427197261056
Intern (Generative AI Engineering - 2D/3D Image Generation),0.7259297876873162
Intern (Generative AI Engineering - 2D/3D Image Generation),0.7259242986360996
Executive/ Sr. Executive -IT,0.7259154551652435
Data Science Engineer,0.7258837542097752
Intern (Generative AI Engineering - 2D/3D Image Generation),0.7258677373772228
Mechanical Designer,0.7258298828241951
AI Engineer,0.7257875800771862
Intern (Generative AI Engineering - 2D/3D Image Generation),0.725781467021953
"Manager- Human Resource Management (HRM)
",0.7257520843012673
Mechanical Engineer,0.7257401486757193
Machine Learning (ML) Engineer,0.7257374152726698
Intern (Generative AI Engineering - 2D/3D Image Generation),0.7257279280764933
Executive/ Sr. Executive -IT,0.7256879332266255
Intern (Generative AI Engineering - 2D/3D Image Generation),0.725658452916569
Executive/ Sr. Executive -IT,0.7256560155639743
Senior Software Engineer,0.7256312079896953
Intern (Generative AI Engineering - 2D/3D Image Generation),0.7256138969018877
Data Science Engineer,0.7255657502501285
Executive - VAT,0.7254417696462467
Machine Learning (ML) Engineer,0.7253823697503545
Machine Learning (ML) Engineer,0.7253758602167643
Executive/ Sr. Executive -IT,0.725333426448765
Data Science Engineer,0.7253111247689766
Intern (Generative AI Engineering - 2D/3D Image Generation),0.725303447472048
Intern (Generative AI Engineering - 2D/3D Image Generation),0.7252847562757959
Machine Learning (ML) Engineer,0.7252296770983002
HR Officer,0.7252244248391302
Data Science Engineer,0.7252183206673986
Executive/ Sr. Executive -IT,0.725192153818624
Machine Learning (ML) Engineer,0.725170893793202
Senior iOS Engineer,0.7251582817588158
Data Engineer,0.7251466303664369
Senior Software Engineer,0.7251320353581496
Intern (Generative AI Engineering - 2D/3D Image Generation),0.7250801948278
Executive/ Sr. Executive -IT,0.7250591133567104
Machine Learning (ML) Engineer,0.7249766108918397
Executive/ Sr. Executive -IT,0.724852445136576
Mechanical Engineer,0.724845193892367
Civil Engineer,0.7248383696049041
Senior Software Engineer,0.7248365929111796
Executive/ Sr. Executive -IT,0.7247728347298161
Senior Software Engineer,0.7246347274314662
Executive/ Sr. Executive -IT,0.7246299427473285
Executive/ Sr. Executive -IT,0.7246048451007255
Senior Software Engineer,0.724567332956937
Intern (Generative AI Engineering - 2D/3D Image Generation),0.7245607733982691
Senior Software Engineer,0.7245389970185621
Machine Learning (ML) Engineer,0.7244203561517385
Intern (Generative AI Engineering - 2D/3D Image Generation),0.7243424157210802
Machine Learning (ML) Engineer,0.7243358040275454
Mechanical Engineer,0.7243162259417485
Data Engineer,0.7242840411055692
Business Development Executive,0.7242681732481671
Machine Learning (ML) Engineer,0.7242361282273737
Data Science Engineer,0.7241381405465648
AI Engineer,0.7241133065692539
AI Engineer,0.7240671969107075
HR Officer,0.7240255647438395
Mechanical Engineer,0.7240251490218793
Intern (Generative AI Engineering - 2D/3D Image Generation),0.7239788441624385
Senior Software Engineer,0.7239542910250546
"Full Stack Developer (Python,React js)",0.723909177739895
Intern (Generative AI Engineering - 2D/3D Image Generation),0.7237868437654087
Intern (Generative AI Engineering - 2D/3D Image Generation),0.7237864418295292
Data Science Engineer,0.7237701964973166
Senior Software Engineer,0.723753668112042
Intern (Generative AI Engineering - 2D/3D Image Generation),0.723744707194684
"Full Stack Developer (Python,React js)",0.7236903728287865
Machine Learning (ML) Engineer,0.7235774756180816
Intern (Generative AI Engineering - 2D/3D Image Generation),0.723559063770031
Intern (Generative AI Engineering - 2D/3D Image Generation),0.7235466329811624
Senior Software Engineer,0.723526740876945
"Full Stack Developer (Python,React js)",0.7235125260052032
Intern (Generative AI Engineering - 2D/3D Image Generation),0.7234948367479689
Intern (Generative AI Engineering - 2D/3D Image Generation),0.7234521615886987
Machine Learning (ML) Engineer,0.7234453266959449
Intern (Generative AI Engineering - 2D/3D Image Generation),0.7234244390865793
Intern (Generative AI Engineering - 2D/3D Image Generation),0.7234041115982676
Machine Learning (ML) Engineer,0.7233962191562708
Intern (Generative AI Engineering - 2D/3D Image Generation),0.7232731291346292
Data Science Engineer,0.7232086059188513
Executive/ Sr. Executive -IT,0.7231979189272377
Management Trainee - Mechanical,0.7231835714294885
Executive/ Sr. Executive -IT,0.7231525088260511
Intern (Generative AI Engineering - 2D/3D Image Generation),0.7231513923886679
"Executive/ Senior Executive- Trade Marketing, Hygiene Products",0.7231509028237988
Intern (Generative AI Engineering - 2D/3D Image Generation),0.723139100561419
Senior Software Engineer,0.7231329236401509
Machine Learning (ML) Engineer,0.72306201951406
Intern (Generative AI Engineering - 2D/3D Image Generation),0.7230378201192417
Executive/ Sr. Executive -IT,0.7229405479913966
"Full Stack Developer (Python,React js)",0.7229280004754156
Management Trainee - Mechanical,0.7229220917516628
Intern (Generative AI Engineering - 2D/3D Image Generation),0.7228933916057274
Intern (Generative AI Engineering - 2D/3D Image Generation),0.7228792591305706
Intern (Generative AI Engineering - 2D/3D Image Generation),0.722862248313582
Network Support Engineer,0.7228202981202094
Intern (Generative AI Engineering - 2D/3D Image Generation),0.7228136485298118
Executive/ Sr. Executive -IT,0.7227093676304249
Executive/ Sr. Executive -IT,0.7226634557743837
Intern (Generative AI Engineering - 2D/3D Image Generation),0.7226573183969125
Executive/ Sr. Executive -IT,0.7226052391121907
Senior Software Engineer,0.7225961266348577
Executive/ Sr. Executive -IT,0.7225694901694808
Senior Software Engineer,0.7225270196262126
Intern (Generative AI Engineering - 2D/3D Image Generation),0.7224852451900146
Data Science Engineer,0.7224407866217737
Site Engineer,0.7224124078537162
Senior Software Engineer,0.7224002234920256
"Full Stack Developer (Python,React js)",0.722336521339271
Machine Learning (ML) Engineer,0.7223301080613647
Intern (Generative AI Engineering - 2D/3D Image Generation),0.722327381997629
Intern (Generative AI Engineering - 2D/3D Image Generation),0.7222724960238166
"Full Stack Developer (Python,React js)",0.7221473838713368
Machine Learning (ML) Engineer,0.7221473479042659
Executive/ Sr. Executive -IT,0.721970078228539
Intern (Generative AI Engineering - 2D/3D Image Generation),0.7219595930153175
Intern (Generative AI Engineering - 2D/3D Image Generation),0.7219531947905792
Machine Learning (ML) Engineer,0.7219284603839473
Machine Learning (ML) Engineer,0.7218810057736345
Intern (Generative AI Engineering - 2D/3D Image Generation),0.7218319240579238
Intern (Generative AI Engineering - 2D/3D Image Generation),0.7218055891104692
Machine Learning (ML) Engineer,0.7217914780577729
Intern (Generative AI Engineering - 2D/3D Image Generation),0.7217812095267525
Machine Learning (ML) Engineer,0.7217679699275372
Machine Learning (ML) Engineer,0.7216687495164498
"Full Stack Developer (Python,React js)",0.7216423836429832
Senior Software Engineer,0.7216382313180143
Senior Software Engineer,0.7216373458145966
Executive/ Sr. Executive -IT,0.721633188070193
Intern (Generative AI Engineering - 2D/3D Image Generation),0.7216084553170504
Executive/ Sr. Executive -IT,0.7215958292888995
Intern (Generative AI Engineering - 2D/3D Image Generation),0.7215789841794987
"Executive/ Senior Executive- Trade Marketing, Hygiene Products",0.7215168885210423
Intern (Generative AI Engineering - 2D/3D Image Generation),0.7215048528096732
Intern (Generative AI Engineering - 2D/3D Image Generation),0.7214840464622707
AI Engineer,0.7214771226561968
Intern (Generative AI Engineering - 2D/3D Image Generation),0.7214513179378881
AI Engineer,0.7214472560563898
Senior Software Engineer,0.7214451563667883
Machine Learning (ML) Engineer,0.7214305693308131
Machine Learning (ML) Engineer,0.7214288555024404
Intern (Generative AI Engineering - 2D/3D Image Generation),0.7213696638492373
Executive/ Sr. Executive -IT,0.7213677065924973
Intern (Generative AI Engineering - 2D/3D Image Generation),0.7213327020709224
Intern (Generative AI Engineering - 2D/3D Image Generation),0.7213025677151942
Data Engineer,0.7212930954624123
Senior Software Engineer,0.7212842115451944
Machine Learning (ML) Engineer,0.7212397968274182
Intern (Generative AI Engineering - 2D/3D Image Generation),0.7212279923681658
Machine Learning (ML) Engineer,0.7211238215930184
AI Engineer,0.7210130378900032
Intern (Generative AI Engineering - 2D/3D Image Generation),0.7210023216132242
AI Engineer,0.7209938365648286
Senior iOS Engineer,0.7209422140998024
Asst. Manager/ Manger (Administrative),0.7209194527392196
Management Trainee - Mechanical,0.720910750933842
AI Engineer,0.7208654361928422
Machine Learning (ML) Engineer,0.7208652619324215
Intern (Generative AI Engineering - 2D/3D Image Generation),0.7208499390308086
Management Trainee - Mechanical,0.7208144750473102
Data Science Engineer,0.7207733410858194
Executive/ Sr. Executive -IT,0.7207669440466477
Intern (Generative AI Engineering - 2D/3D Image Generation),0.7207080258450529
Intern (Generative AI Engineering - 2D/3D Image Generation),0.7206982625519651
Intern (Generative AI Engineering - 2D/3D Image Generation),0.7206847275640169
Management Trainee - Mechanical,0.7206554406793685
Head of Internal Control & Compliance (ICC) - SEVP/DMD,0.720648677266182
Project Coordinator (Civil),0.7204918956301988
Management Trainee - Mechanical,0.7204848053000324
AI Engineer,0.7204586473542807
Intern (Generative AI Engineering - 2D/3D Image Generation),0.720399993539997
Executive/ Sr. Executive -IT,0.7203580590177878
Machine Learning (ML) Engineer,0.7203575804880417
Senior Software Engineer,0.7203128638337578
Senior Software Engineer,0.7203071030305521
Machine Learning (ML) Engineer,0.7202575782746135
Intern (Generative AI Engineering - 2D/3D Image Generation),0.7202294966851752
Management Trainee - Mechanical,0.7202151300679485
Senior Software Engineer,0.7201918578301447
Intern (Generative AI Engineering - 2D/3D Image Generation),0.7201757689927992
Machine Learning (ML) Engineer,0.7201741910180847
Network Support Engineer,0.7201702110877204
Management Trainee - Mechanical,0.7201563185312931
"Full Stack Developer (Python,React js)",0.720074495968462
Management Trainee - Mechanical,0.720046167457451
Executive - VAT,0.7200457467230312
Machine Learning (ML) Engineer,0.7200194758115857
Intern (Generative AI Engineering - 2D/3D Image Generation),0.7199632046597808
Machine Learning (ML) Engineer,0.7199374964090504
Intern (Generative AI Engineering - 2D/3D Image Generation),0.7199291446676694
Machine Learning (ML) Engineer,0.7199138288380204
Data Science Engineer,0.7198581305082435
Senior Software Engineer,0.7198510911135299
"Full Stack Developer (Python,React js)",0.7198411259157871
Project Coordinator (Civil),0.7198230179537022
Intern (Generative AI Engineering - 2D/3D Image Generation),0.7197783033454016
Intern (Generative AI Engineering - 2D/3D Image Generation),0.7197730063173449
Data Engineer,0.7197688839428996
Intern (Generative AI Engineering - 2D/3D Image Generation),0.7197647379561567
Intern (Generative AI Engineering - 2D/3D Image Generation),0.7196683928395327
Machine Learning (ML) Engineer,0.7195842272319803
Data Science Engineer,0.7195760402785564
AI Engineer,0.7195581597700407
Intern (Generative AI Engineering - 2D/3D Image Generation),0.7195581416095261
Data Science Engineer,0.719474173210935
Executive/ Sr. Executive -IT,0.71947311155913
Intern (Generative AI Engineering - 2D/3D Image Generation),0.7194718977943444
"Full Stack Developer (Python,React js)",0.7193488621823931
Business Development Executive,0.7193432787605631
"Manager- Human Resource Management (HRM)
",0.7192997161839576
Data Science Engineer,0.7192589489018284
Machine Learning (ML) Engineer,0.7192567653822132
Data Science Engineer,0.7192525392711892
Executive - VAT,0.7192427364464344
Intern (Generative AI Engineering - 2D/3D Image Generation),0.7192220973610319
Executive/ Sr. Executive -IT,0.7192080217662224
Business Development Executive,0.7191786518879036
Machine Learning (ML) Engineer,0.7191757220573853
Machine Learning (ML) Engineer,0.7191641603672457
Project Coordinator (Civil),0.7191331082462502
Intern (Generative AI Engineering - 2D/3D Image Generation),0.719078247986254
AI Engineer,0.7190622684091634
Civil Engineer,0.7190509096575022
Senior Software Engineer,0.7190486272021429
Intern (Generative AI Engineering - 2D/3D Image Generation),0.7190108433932962
Intern (Generative AI Engineering - 2D/3D Image Generation),0.7189746202800498
Intern (Generative AI Engineering - 2D/3D Image Generation),0.7189197261588884
Senior Software Engineer,0.7188555011471911
Machine Learning (ML) Engineer,0.7188461348056479
Intern (Generative AI Engineering - 2D/3D Image Generation),0.7188372614623337
AI Engineer,0.7187836799203523
Machine Learning (ML) Engineer,0.7187514258724018
Data Science Engineer,0.7187475925192943
Civil Engineer,0.7187235741830178
Executive/ Sr. Executive -IT,0.7186954627771754
Senior Software Engineer,0.7186195433123865
AI Engineer,0.7186143175694939
Data Engineer,0.7185856606718386
Executive/ Sr. Executive -IT,0.7185578314344606
"Full Stack Developer (Python,React js)",0.718553501661257
Executive/ Sr. Executive -IT,0.7185526880552192
Senior Software Engineer,0.7184603208284882
Intern (Generative AI Engineering - 2D/3D Image Generation),0.7184147086631308
Management Trainee - Mechanical,0.7183974839525891
Intern (Generative AI Engineering - 2D/3D Image Generation),0.7182993938024652
Executive/ Sr. Executive -IT,0.7182273712127608
Machine Learning (ML) Engineer,0.7181730387249421
Senior Software Engineer,0.7181523924479921
Machine Learning (ML) Engineer,0.7181420959423104
Management Trainee - Mechanical,0.7180942234493112
Senior Software Engineer,0.7180785262414285
Data Science Engineer,0.7180599286180196
Data Science Engineer,0.7179955013388318
Data Science Engineer,0.7179682022454047
Senior Software Engineer,0.7179514813944953
Senior iOS Engineer,0.7179474583123083
Senior Software Engineer,0.7179440932578867
AI Engineer,0.7179330318838597
Senior Software Engineer,0.7179167461364319
HR Officer,0.7179161105855276
Senior Software Engineer,0.717870669370424
Intern (Generative AI Engineering - 2D/3D Image Generation),0.7178630706790282
Executive/ Sr. Executive -IT,0.7178036745264207
Executive/ Sr. Executive -IT,0.7177946948784059
Asst. Manager/ Manger (Administrative),0.7177942193009015
Executive/ Sr. Executive -IT,0.7177824223775798
Head of Internal Control & Compliance (ICC) - SEVP/DMD,0.7177311812417282
Management Trainee - Mechanical,0.7176833138376673
Machine Learning (ML) Engineer,0.7176295740005584
Senior Software Engineer,0.717576663331972
Intern (Generative AI Engineering - 2D/3D Image Generation),0.7175523565916025
"Full Stack Developer (Python,React js)",0.7175487819860826
Data Engineer,0.7173412978689968
Senior Software Engineer,0.7172953546594849
Executive - VAT,0.7172191580476311
Machine Learning (ML) Engineer,0.7171748033995785
Database Administrator (DBA),0.7170680647987743
Management Trainee - Mechanical,0.7170522950110052
Intern (Generative AI Engineering - 2D/3D Image Generation),0.7170453470690369
Senior Software Engineer,0.7170213596874132
Senior Software Engineer,0.7169347134993012
Machine Learning (ML) Engineer,0.716904510346628
Executive/ Sr. Executive -IT,0.716871926139702
Machine Learning (ML) Engineer,0.7167705187845298
Machine Learning (ML) Engineer,0.7167279792285454
Project Coordinator (Civil),0.71667367301976
Senior Software Engineer,0.716541369153815
HR Officer,0.7165176746696674
Intern (Generative AI Engineering - 2D/3D Image Generation),0.7164951728919549
Data Science Engineer,0.7164462436978599
AI Engineer,0.7164338268293347
AI Engineer,0.7164128252418165
Intern (Generative AI Engineering - 2D/3D Image Generation),0.716383221528497
Management Trainee - Mechanical,0.7161116174676444
Data Science Engineer,0.7161059525924832
Executive/ Sr. Executive -IT,0.7160903634385892
Executive/ Sr. Executive -IT,0.7159474020924218
Management Trainee - Mechanical,0.7159056355489398
Data Engineer,0.7158413244181524
Business Development Executive,0.7158203041404352
Executive/ Sr. Executive -IT,0.7156439677743223
Data Science Engineer,0.7156224363564061
Executive/ Sr. Executive -IT,0.7156087973623229
"Full Stack Developer (Python,React js)",0.715569484636348
Data Science Engineer,0.7155462391585142
AI Engineer,0.7155379073983076
Business Development Executive,0.7154791218807572
Machine Learning (ML) Engineer,0.7154611327921129
"Full Stack Developer (Python,React js)",0.7154498157497478
Executive/ Sr. Executive -IT,0.7154389876723581
Machine Learning (ML) Engineer,0.7154285428503363
Executive/ Sr. Executive -IT,0.7153889879617774
Executive/ Sr. Executive -IT,0.7153807934874258
Machine Learning (ML) Engineer,0.7153151715344293
Executive/ Sr. Executive -IT,0.7153130383350967
Senior Software Engineer,0.7152673773397239
Mechanical Designer,0.71525751376642
Site Engineer,0.7152461245801364
Executive/ Sr. Executive -IT,0.7152250369629234
Executive/ Sr. Executive -IT,0.7152000145374524
HR Officer,0.715155533062594
"Executive/ Senior Executive- Trade Marketing, Hygiene Products",0.7150634456068644
Site Engineer,0.715015519006107
Data Engineer,0.7149856363394245
"Executive/ Senior Executive- Trade Marketing, Hygiene Products",0.7149612105366754
Machine Learning (ML) Engineer,0.7149052857647867
Machine Learning (ML) Engineer,0.714901035482118
"Full Stack Developer (Python,React js)",0.7148953732078205
Senior Software Engineer,0.7146827111334114
Machine Learning (ML) Engineer,0.7146791079373712
Executive/ Sr. Executive -IT,0.7146723216533986
AI Engineer,0.7146408220421341
Senior Software Engineer,0.7145817165845488
Mechanical Engineer,0.7145800520006378
"Full Stack Developer (Python,React js)",0.7145373041295584
AI Engineer,0.7144844739699419
AI Engineer,0.714427709311089
AI Engineer,0.7143505288822862
Executive/ Sr. Executive -IT,0.7143415692397531
Senior Software Engineer,0.7143368308551584
Machine Learning (ML) Engineer,0.7143254576693977
AI Engineer,0.7142716924132976
Machine Learning (ML) Engineer,0.7142495907717876
Project Coordinator (Civil),0.7142390604611225
AI Engineer,0.7142165542594051
Marketing Officer,0.7142103675779872
Data Science Engineer,0.7141251025352455
Machine Learning (ML) Engineer,0.7140982569990316
Executive/ Sr. Executive -IT,0.7140262056086037
Executive/ Sr. Executive -IT,0.7140195819869526
Data Science Engineer,0.7140180643281703
Business Development Executive,0.7139940374631788
Senior Software Engineer,0.7139217585836458
Sr.Officer / Executive - Internal Audit,0.7139209063682412
Executive/ Sr. Executive -IT,0.7138917944247243
Management Trainee - Mechanical,0.7138811127202429
Senior Software Engineer,0.7138345811340069
Business Development Executive,0.7137961398307344
Executive/ Sr. Executive -IT,0.7137646754210523
HR Officer,0.713734070826869
Database Administrator (DBA),0.713714807546358
Data Science Engineer,0.7137013587248516
Machine Learning (ML) Engineer,0.7136701172872799
AI Engineer,0.7136679719337122
Machine Learning (ML) Engineer,0.7136420672678181
Machine Learning (ML) Engineer,0.7136321144952995
Civil Engineer,0.7135977669464841
Machine Learning (ML) Engineer,0.7135877935940355
Data Engineer,0.7134876755076316
"Full Stack Developer (Python,React js)",0.7134736412421145
Management Trainee - Mechanical,0.7133652110466413
Machine Learning (ML) Engineer,0.7132697852824913
Senior Software Engineer,0.7132624143930395
Senior Software Engineer,0.7132552959554953
Machine Learning (ML) Engineer,0.7132228286388324
Database Administrator (DBA),0.7132127449651655
Database Administrator (DBA),0.7131746449372833
Executive/ Sr. Executive -IT,0.7130616813312617
Data Science Engineer,0.7129266666932519
Senior Software Engineer,0.7129038754964878
Civil Engineer,0.7128374379887241
Machine Learning (ML) Engineer,0.7128194174461886
AI Engineer,0.7128180537722316
Machine Learning (ML) Engineer,0.7127779891132271
Data Engineer,0.7127587898985184
Executive/ Sr. Executive -IT,0.7127522579491851
Machine Learning (ML) Engineer,0.7127478579423044
Management Trainee - Mechanical,0.7127410175171784
Senior Software Engineer,0.7127292107684259
Project Coordinator (Civil),0.7126882052844903
Mechanical Engineer,0.7126811177257995
Executive/ Sr. Executive -IT,0.7126505729710818
Senior Software Engineer,0.7125717446185302
Data Engineer,0.712518192787136
Senior Software Engineer,0.7124557050996914
Machine Learning (ML) Engineer,0.7124346874872309
AI Engineer,0.7123029385461337
Site Engineer,0.7122421083681384
Data Engineer,0.7121912223470909
Site Engineer,0.7121819205239119
Senior Software Engineer,0.7121277811703091
AI Engineer,0.71206662472649
Data Engineer,0.7119508720460394
Machine Learning (ML) Engineer,0.7119331002643117
Executive/ Sr. Executive -IT,0.7118346864550609
"Full Stack Developer (Python,React js)",0.7118296672802558
Project Coordinator (Civil),0.71177047006567
Executive/ Sr. Executive -IT,0.7117643298860371
AI Engineer,0.7117536374285173
Executive/ Sr. Executive -IT,0.7117371550232213
AI Engineer,0.7117339828991176
Business Development Executive,0.71166843588956
Executive/ Sr. Executive -IT,0.7115291647821816
Project Coordinator (Civil),0.7115088980426483
Machine Learning (ML) Engineer,0.7115037480759978
AI Engineer,0.7114896929555987
"Full Stack Developer (Python,React js)",0.711488522713935
Machine Learning (ML) Engineer,0.7114442173497019
Executive/ Sr. Executive -IT,0.7113369133381716
AI Engineer,0.7113243227921165
HR Officer,0.711219240081155
Executive/ Sr. Executive -IT,0.7111499970530701
Executive/ Sr. Executive -IT,0.7111470792939666
Executive/ Sr. Executive -IT,0.7111372731451446
Senior Software Engineer,0.7111194586710847
Senior Software Engineer,0.7110628921735849
Senior Software Engineer,0.7109501453439433
AI Engineer,0.7109161085592937
Senior Software Engineer,0.7109024058431477
"Full Stack Developer (Python,React js)",0.7108829190242504
AI Engineer,0.7108769520049155
Senior Software Engineer,0.710804114115783
Machine Learning (ML) Engineer,0.7107986105766908
"Manager- Human Resource Management (HRM)
",0.7107709640967801
Data Science Engineer,0.7107621625652965
Executive/ Sr. Executive -IT,0.7107115876688873
Data Science Engineer,0.7106684465760521
Senior Software Engineer,0.7106495868114768
Machine Learning (ML) Engineer,0.7106469288218233
Executive/ Sr. Executive -IT,0.7106148351585431
Machine Learning (ML) Engineer,0.7105583489875491
Executive/ Sr. Executive -IT,0.7105536460221351
Senior Software Engineer,0.7105430840872098
Data Science Engineer,0.7105116383425572
Executive/ Sr. Executive -IT,0.7105112575790539
AI Engineer,0.7104866394844592
AI Engineer,0.7104639012443155
Machine Learning (ML) Engineer,0.710447135038609
Executive - VAT,0.7104017527319406
Data Science Engineer,0.7103969337533718
Senior Software Engineer,0.7103273596651853
Executive/ Sr. Executive -IT,0.710308839458229
Senior Software Engineer,0.7102626293294182
"Full Stack Developer (Python,React js)",0.7102102695705732
Senior Software Engineer,0.7101856357454575
Executive/ Sr. Executive -IT,0.7101293324587297
Executive/ Sr. Executive -IT,0.7101176256806254
Executive/ Sr. Executive -IT,0.7100923575107715
Senior Software Engineer,0.7100225123847721
"Executive/ Senior Executive- Trade Marketing, Hygiene Products",0.7100002870137428
Executive/ Sr. Executive -IT,0.7099875421586817
"Full Stack Developer (Python,React js)",0.709946522686058
Senior Software Engineer,0.7099358325435612
Senior Software Engineer,0.7097357342848974
Data Science Engineer,0.7097289116591186
AI Engineer,0.7096758367419285
Civil Engineer,0.7096464375044187
Data Science Engineer,0.7096115020137631
Business Development Executive,0.7095269899287038
Executive/ Sr. Executive -IT,0.7095254687470339
Data Science Engineer,0.7093999009804098
Executive/ Sr. Executive -IT,0.7093724356053532
Senior Software Engineer,0.7093186364918767
Marketing Officer,0.7092693642002859
Data Engineer,0.7092666506832761
Executive/ Sr. Executive -IT,0.7092019402099428
Executive/ Sr. Executive -IT,0.7090992496733363
Machine Learning (ML) Engineer,0.7090354274378594
Mechanical Engineer,0.708991421338508
Machine Learning (ML) Engineer,0.7089400744906935
Executive/ Sr. Executive -IT,0.7089133278329649
"Full Stack Developer (Python,React js)",0.7089087233332975
Senior Software Engineer,0.7089055977879339
Executive/ Sr. Executive -IT,0.7088637993303684
Senior Software Engineer,0.7088256376826597
Executive/ Sr. Executive -IT,0.7087708919348723
Senior Software Engineer,0.7087517962537225
Data Science Engineer,0.7087108384153011
Senior Software Engineer,0.7086004226566228
HR Officer,0.7085116730011624
Executive/ Sr. Executive -IT,0.708453855216344
Executive - VAT,0.7084005095374243
Site Engineer,0.7083552449820751
Senior Software Engineer,0.708338675805394
Executive - VAT,0.7083242142549584
Head of Internal Control & Compliance (ICC) - SEVP/DMD,0.7083228466662622
"Full Stack Developer (Python,React js)",0.7082220512166844
Senior Software Engineer,0.7082048445618075
AI Engineer,0.708201322730178
AI Engineer,0.7081694137583452
Executive/ Sr. Executive -IT,0.7081452563161178
"Executive/ Senior Executive- Trade Marketing, Hygiene Products",0.708143429587739
Civil Engineer,0.7080546766457233
DevOps Engineer,0.7080113068325892
Network Support Engineer,0.7079422647110556
AI Engineer,0.7079345573931063
"Full Stack Developer (Python,React js)",0.7079306493060752
Database Administrator (DBA),0.7079187638947745
Senior Software Engineer,0.7079127035466836
Civil Engineer,0.7078532798558925
Senior Software Engineer,0.7078269298963692
Data Engineer,0.7078059542065103
Machine Learning (ML) Engineer,0.7077687375855323
Executive/ Sr. Executive -IT,0.7077232434892353
Management Trainee - Mechanical,0.7076795465155926
"Full Stack Developer (Python,React js)",0.7076505489171616
Machine Learning (ML) Engineer,0.7076454699859626
Machine Learning (ML) Engineer,0.7076220492855064
AI Engineer,0.7076175263569189
Senior Software Engineer,0.7075555063675338
Management Trainee - Mechanical,0.7074814867040217
Management Trainee - Mechanical,0.7074698244521233
Machine Learning (ML) Engineer,0.7074354087211054
Senior Software Engineer,0.7074139894562141
Executive/ Sr. Executive -IT,0.707387843803797
Executive/ Sr. Executive -IT,0.7073824034678724
Network Support Engineer,0.7073642074587706
Executive/ Sr. Executive -IT,0.7072835874594626
HR Officer,0.70728145607638
Senior Software Engineer,0.7072697603434948
Machine Learning (ML) Engineer,0.7072411233362753
Management Trainee - Mechanical,0.7072307343074505
Senior Software Engineer,0.7072229984937332
Senior Software Engineer,0.7072223833479165
Machine Learning (ML) Engineer,0.707109981000666
Head of Internal Control & Compliance (ICC) - SEVP/DMD,0.7070386789133023
"Full Stack Developer (Python,React js)",0.7070022747704798
Senior Software Engineer,0.7068994721131243
Senior Software Engineer,0.7068752167365374
Business Development Executive,0.7067550735326908
Senior Software Engineer,0.7067296255504555
DevOps Engineer,0.7067161079174699
Senior iOS Engineer,0.70668746230651
Machine Learning (ML) Engineer,0.7066850530204634
Executive/ Sr. Executive -IT,0.7066637827580147
Management Trainee - Mechanical,0.7066422041402295
Senior Software Engineer,0.706596602494907
Project Coordinator (Civil),0.7065440438040381
"Manager- Human Resource Management (HRM)
",0.7065383223411137
Data Science Engineer,0.706537898121736
AI Engineer,0.7064911317309539
"Full Stack Developer (Python,React js)",0.7064141864319825
Machine Learning (ML) Engineer,0.7064013953424231
Machine Learning (ML) Engineer,0.7063094146818611
Senior Software Engineer,0.7062957305632784
Executive/ Sr. Executive -IT,0.7062819731859402
Machine Learning (ML) Engineer,0.7060981859760899
Machine Learning (ML) Engineer,0.7060808031595933
Mechanical Designer,0.706073281975246
Mechanical Engineer,0.7059904670137762
Data Science Engineer,0.7059879134233421
Executive/ Sr. Executive -IT,0.7059521131085371
Management Trainee - Mechanical,0.7059268711572341
Executive/ Sr. Executive -IT,0.7058101876804803
AI Engineer,0.7057870394709588
Executive/ Sr. Executive -IT,0.7057647339041564
Senior Software Engineer,0.7057535850526765
AI Engineer,0.7055644876352436
Executive/ Sr. Executive -IT,0.7055526739188817
Machine Learning (ML) Engineer,0.7054520646297027
Executive/ Sr. Executive -IT,0.7054413826776615
Senior Software Engineer,0.7054282453879662
Database Administrator (DBA),0.7054129722502906
Data Science Engineer,0.7054026877794922
Management Trainee - Mechanical,0.7053472504551911
Data Science Engineer,0.7053457137998622
Machine Learning (ML) Engineer,0.7053238633459289
Executive/ Sr. Executive -IT,0.7053059427981498
Senior Software Engineer,0.705238161161815
Senior Software Engineer,0.7052028968189471
"Full Stack Developer (Python,React js)",0.7051923924153904
Senior Software Engineer,0.7051372482451538
Senior Software Engineer,0.705112171513299
Business Development Executive,0.7050883621745345
Machine Learning (ML) Engineer,0.705076471574389
Senior Software Engineer,0.7050759824793249
Executive/ Sr. Executive -IT,0.7050716187054683
HR Officer,0.7049697137032089
Project Coordinator (Civil),0.7049227490409244
Civil Engineer,0.7048813482467692
Executive/ Sr. Executive -IT,0.704814845866039
"Manager- Human Resource Management (HRM)
",0.7047990344722589
HR Officer,0.7047895432723703
Senior Software Engineer,0.704774744566542
Executive - VAT,0.7047723660929488
Data Engineer,0.7047540452110524
Database Administrator (DBA),0.7047162734700616
Management Trainee - Mechanical,0.7047036624917488
Site Engineer,0.7046888987470147
Project Coordinator (Civil),0.7046804848547596
Executive/ Sr. Executive -IT,0.7046764036435391
Senior Software Engineer,0.7046466890479882
"Full Stack Developer (Python,React js)",0.7045117959954021
AI Engineer,0.7044537058086048
Senior Software Engineer,0.7044379511720436
HR Officer,0.7044243100412597
Executive/ Sr. Executive -IT,0.7043471559972488
Senior Software Engineer,0.704275518712205
Data Science Engineer,0.704263137087226
Site Engineer,0.7042563150013251
Data Science Engineer,0.7041768404764998
Executive/ Sr. Executive -IT,0.704170203547565
Senior Software Engineer,0.704119506766211
Senior Software Engineer,0.704069267737857
Data Science Engineer,0.7040687115696966
Data Engineer,0.7039919481682914
Executive/ Sr. Executive -IT,0.7039755800584468
Executive/ Sr. Executive -IT,0.7039748808605183
"Executive/ Senior Executive- Trade Marketing, Hygiene Products",0.7039273952867177
HR Officer,0.7039004017483124
"System Administrator (Operation & Maintenance of Server, Storage & Service Desk System)",0.7038837578092072
Senior Software Engineer,0.7038360562014387
Machine Learning (ML) Engineer,0.7038104067135272
Business Development Executive,0.703810170135889
Management Trainee - Mechanical,0.7038074739983762
HR Officer,0.703797061247152
Data Engineer,0.7037947046349724
Executive/ Sr. Executive -IT,0.7037892038361331
Executive/ Sr. Executive -IT,0.703705293021437
Machine Learning (ML) Engineer,0.7036303260382226
Senior Software Engineer,0.7036253664000094
Executive/ Sr. Executive -IT,0.7036036696418009
AI Engineer,0.7035955101421916
"Manager- Human Resource Management (HRM)
",0.7035744055643605
Machine Learning (ML) Engineer,0.7035630393818051
Network Support Engineer,0.703557717226114
Machine Learning (ML) Engineer,0.7035248816036
Senior Software Engineer,0.7035204321667297
Senior Software Engineer,0.7034764301424364
Management Trainee - Mechanical,0.7034477086668711
Senior Software Engineer,0.7034472612978298
Head of Internal Control & Compliance (ICC) - SEVP/DMD,0.7034343618821985
Executive/ Sr. Executive -IT,0.7034146934783387
Asst. Manager/ Manger (Administrative),0.7033884919263681
Executive/ Sr. Executive -IT,0.7033616499536325
Senior Software Engineer,0.7033201945242659
Executive/ Sr. Executive -IT,0.7033172427463714
Site Engineer,0.7032992692655998
Management Trainee - Mechanical,0.7032450926617659
Executive/ Sr. Executive -IT,0.7032440181962403
Executive/ Sr. Executive -IT,0.7031638875607116
Executive/ Sr. Executive -IT,0.7030949623356259
Executive/ Sr. Executive -IT,0.7030855292268955
Management Trainee - Mechanical,0.7030527595097611
Machine Learning (ML) Engineer,0.703037114304189
Machine Learning (ML) Engineer,0.7030293055864729
Mechanical Engineer,0.7029936785540837
Machine Learning (ML) Engineer,0.702875891771231
Data Science Engineer,0.7028462331440221
HR Officer,0.7028278756468582
Senior Software Engineer,0.7028173564374272
Management Trainee - Mechanical,0.7028032077959547
Data Engineer,0.702800834822845
AI Engineer,0.7027526337307948
Management Trainee - Mechanical,0.7027461699473624
Machine Learning (ML) Engineer,0.7027265055074133
AI Engineer,0.7027223884851681
Management Trainee - Mechanical,0.7026687078426136
AI Engineer,0.7026538156928153
Machine Learning (ML) Engineer,0.702646346668426
Executive - VAT,0.7026256727659723
HR Officer,0.702553830892727
Site Engineer,0.7025408172618723
Executive/ Sr. Executive -IT,0.7025237087310123
AI Engineer,0.7024942657801814
Executive/ Sr. Executive -IT,0.7024087267123946
Site Engineer,0.7024019848119247
AI Engineer,0.7023668944690088
Senior Software Engineer,0.7023555479225049
Sr.Officer / Executive - Internal Audit,0.7023299581586595
AI Engineer,0.7022907260367235
Civil Engineer,0.7022069316129923
Executive/ Sr. Executive -IT,0.7022028014044307
"Full Stack Developer (Python,React js)",0.702200829089639
Machine Learning (ML) Engineer,0.7021955487197076
Executive/ Sr. Executive -IT,0.7021764139832111
AI Engineer,0.7021733197796011
Executive - VAT,0.7021641803196064
Senior Software Engineer,0.7021369623003464
"Manager- Human Resource Management (HRM)
",0.7021113150201262
Data Science Engineer,0.7021101495210038
Machine Learning (ML) Engineer,0.7021077222337537
Management Trainee - Mechanical,0.7021004102424834
Management Trainee - Mechanical,0.7020744911467666
Executive/ Sr. Executive -IT,0.7020071275269146
Senior iOS Engineer,0.7020049132820159
Senior Software Engineer,0.7018814147040279
HR Officer,0.701825740221898
Management Trainee - Mechanical,0.7017059672173297
Senior Software Engineer,0.7016632278543735
Head of Internal Control & Compliance (ICC) - SEVP/DMD,0.7016557085741589
Management Trainee - Mechanical,0.7016381218416773
Executive/ Sr. Executive -IT,0.7016241202206404
Data Science Engineer,0.7015963366269824
AI Engineer,0.7015932787253145
Machine Learning (ML) Engineer,0.701591040862777
Management Trainee - Mechanical,0.7015840148276331
HR Officer,0.7015808836546172
Senior Software Engineer,0.7015683627562898
Executive/ Sr. Executive -IT,0.7015635281315159
Sr.Officer / Executive - Internal Audit,0.7015456214465156
Data Engineer,0.7015085159704474
Senior Software Engineer,0.7014903485982064
Senior Software Engineer,0.7014188215857365
Machine Learning (ML) Engineer,0.7013423537108688
AI Engineer,0.7013193625363884
Senior Software Engineer,0.701302486764057
Executive/ Sr. Executive -IT,0.7012380618379629
Site Engineer,0.7011969368404894
Data Engineer,0.7011643005847985
Management Trainee - Mechanical,0.7011038691963333
Executive/ Sr. Executive -IT,0.7010972979737726
Machine Learning (ML) Engineer,0.7010890824429956
Business Development Executive,0.7010771979542814
Senior Software Engineer,0.7009983900075498
Executive/ Sr. Executive -IT,0.700975957439349
Senior Software Engineer,0.7009748586228381
Data Science Engineer,0.700970020334365
Mechanical Designer,0.7009557463794309
Executive/ Sr. Executive -IT,0.7008867673789381
"Manager- Human Resource Management (HRM)
",0.7008864652913802
Data Engineer,0.7008816447145029
Senior Software Engineer,0.7008574080729709
Executive/ Sr. Executive -IT,0.7007485413962611
Executive/ Sr. Executive -IT,0.7006937226934362
Senior Software Engineer,0.7006810296821253
Machine Learning (ML) Engineer,0.7006751334141461
Senior iOS Engineer,0.7006444124964831
Management Trainee - Mechanical,0.7006200579674022
Head of Internal Control & Compliance (ICC) - SEVP/DMD,0.7006143022768971
Senior Software Engineer,0.700582312027943
Senior Software Engineer,0.7005748873117622
Senior Software Engineer,0.7005353427757233
Machine Learning (ML) Engineer,0.7004886982480485
Senior Software Engineer,0.7004500875916055
Senior Software Engineer,0.7004020723150727
Senior Software Engineer,0.7004019460599029
Machine Learning (ML) Engineer,0.7003407196816579
Data Engineer,0.7003007896337253
Senior Software Engineer,0.7003000136677062
"System Administrator (Operation & Maintenance of Server, Storage & Service Desk System)",0.700268214780334
Machine Learning (ML) Engineer,0.7002141324271327
Executive - VAT,0.7001589947665036
Senior Software Engineer,0.7001382483394673
Data Engineer,0.7000604336151368
Senior Software Engineer,0.7000587937357778
AI Engineer,0.7000330774558469
AI Engineer,0.7000170526228872
Mechanical Engineer,0.6999652300001991
Data Engineer,0.6999549181375408
Senior Software Engineer,0.6999377742641494
"Full Stack Developer (Python,React js)",0.6997950961983374
Senior Software Engineer,0.6997094752822186
Site Engineer,0.6996552653408902
Executive/ Sr. Executive -IT,0.6996117239602416
Senior iOS Engineer,0.6995910222029312
Senior Software Engineer,0.6995825880726948
Machine Learning (ML) Engineer,0.6995531101128415
Senior Software Engineer,0.6994872412494304
Executive/ Sr. Executive -IT,0.6994796684375976
"Full Stack Developer (Python,React js)",0.6994776980167634
Senior Software Engineer,0.6994602722335738
Executive/ Sr. Executive -IT,0.6994312764592833
Executive/ Sr. Executive -IT,0.6993953386614867
Management Trainee - Mechanical,0.6993776030759808
Civil Engineer,0.6993371287921005
"Full Stack Developer (Python,React js)",0.6993156353591444
Executive/ Sr. Executive -IT,0.6993030277003045
Data Science Engineer,0.6992711886638311
Executive/ Sr. Executive -IT,0.6991940969767675
Mechanical Engineer,0.6991668431238482
Executive/ Sr. Executive -IT,0.6991530091202868
HR Officer,0.6991224189109757
Executive/ Sr. Executive -IT,0.6991018400661818
AI Engineer,0.6990732472670779
Site Engineer,0.6990440388944025
Executive/ Sr. Executive -IT,0.6990193025742
Data Science Engineer,0.699006388171798
Executive/ Sr. Executive -IT,0.6989925076549726
Data Science Engineer,0.6989789714721738
Executive/ Sr. Executive -IT,0.6989767855854155
Executive - VAT,0.698961963292462
HR Officer,0.6989154803686963
Executive/ Sr. Executive -IT,0.6989096186167583
Senior Software Engineer,0.6988894246561898
AI Engineer,0.6988650136106122
AI Engineer,0.698857059290322
Senior Software Engineer,0.698847508573357
Senior Software Engineer,0.6987743752631812
Senior Software Engineer,0.6987539239742481
Database Administrator (DBA),0.6987309245367423
Senior iOS Engineer,0.6987117864836905
Business Development Executive,0.6986050410309578
Executive/ Sr. Executive -IT,0.6986038198058822
Machine Learning (ML) Engineer,0.6986032604911017
Executive/ Sr. Executive -IT,0.6985707447495806
Senior iOS Engineer,0.6985585300260821
Executive/ Sr. Executive -IT,0.6985577225592439
Civil Engineer,0.6985400934935269
Machine Learning (ML) Engineer,0.6985336862165044
AI Engineer,0.6985309086643086
Executive/ Sr. Executive -IT,0.6984873721834944
Civil Engineer,0.6984823352990983
Management Trainee - Mechanical,0.6983938186918184
Database Administrator (DBA),0.698342105386378
Executive/ Sr. Executive -IT,0.6983057223688913
AI Engineer,0.6982948233479077
"Manager- Human Resource Management (HRM)
",0.6981610488497051
Civil Engineer,0.6981549372486194
Senior Software Engineer,0.6981264850009679
Management Trainee - Mechanical,0.6981090790506832
Senior Software Engineer,0.6980414955966021
AI Engineer,0.698041095940066
"Full Stack Developer (Python,React js)",0.6980377278174186
Management Trainee - Mechanical,0.6979937200652697
Machine Learning (ML) Engineer,0.6979640454512821
HR Officer,0.697901520036759
Management Trainee - Mechanical,0.6978678255966265
Management Trainee - Mechanical,0.6978510261852526
Head of Internal Control & Compliance (ICC) - SEVP/DMD,0.697848406068228
"Executive/ Senior Executive- Trade Marketing, Hygiene Products",0.6978451411014415
Senior Software Engineer,0.6978173925820782
Marketing Officer,0.6978067327428861
Data Engineer,0.6978043151808818
Project Coordinator (Civil),0.6978034576838595
HR Officer,0.697754363597805
Senior Software Engineer,0.6977387165926117
Machine Learning (ML) Engineer,0.6976514746437394
"Full Stack Developer (Python,React js)",0.6975504144419875
Senior Software Engineer,0.6975375980425901
Executive/ Sr. Executive -IT,0.6975223444049381
Senior Software Engineer,0.6975077601495379
AI Engineer,0.6974986827631257
Business Development Executive,0.6974516634237848
Site Engineer,0.6974068288646307
AI Engineer,0.6974036317237715
Senior Software Engineer,0.6974018782828257
Head of Internal Control & Compliance (ICC) - SEVP/DMD,0.6973937759950808
Senior Software Engineer,0.697349658240655
Data Science Engineer,0.6973491963627431
Data Science Engineer,0.6972892833673726
Site Engineer,0.6972435502261836
Site Engineer,0.6972381702374976
"Full Stack Developer (Python,React js)",0.6972146164051142
HR Officer,0.6972033031593297
Executive/ Sr. Executive -IT,0.6971920644161694
Data Science Engineer,0.6971790345122582
Executive/ Sr. Executive -IT,0.6971353943703142
HR Officer,0.697011678439574
Data Science Engineer,0.697000778115447
Executive/ Sr. Executive -IT,0.6969994396951014
AI Engineer,0.6969632311715224
Machine Learning (ML) Engineer,0.6969551184558114
Senior Software Engineer,0.6969458528500707
Machine Learning (ML) Engineer,0.6969318971485121
AI Engineer,0.69687700592595
Asst. Manager/ Manger (Administrative),0.696876838230422
Executive/ Sr. Executive -IT,0.6968516398145834
Data Engineer,0.6968431128462294
Executive/ Sr. Executive -IT,0.696834023066098
Executive/ Sr. Executive -IT,0.6968284943111608
HR Officer,0.6968013535479041
"Full Stack Developer (Python,React js)",0.6967699152332144
DevOps Engineer,0.6967469869295132
AI Engineer,0.696724212036988
Senior Software Engineer,0.6966918295223807
Machine Learning (ML) Engineer,0.6966873197349196
HR Officer,0.6966522157266516
Executive/ Sr. Executive -IT,0.6965573355865982
HR Officer,0.6965207920207324
HR Officer,0.6965093077336117
Machine Learning (ML) Engineer,0.6964727450790222
Management Trainee - Mechanical,0.6964462639095377
Senior Software Engineer,0.6964151734089115
Senior Software Engineer,0.6963653318856945
Management Trainee - Mechanical,0.6963537851123569
Management Trainee - Mechanical,0.6963462331814289
Executive/ Sr. Executive -IT,0.6963416147009062
Machine Learning (ML) Engineer,0.6963048615908409
Head of Internal Control & Compliance (ICC) - SEVP/DMD,0.6962920727047002
Senior Software Engineer,0.6962354332468691
AI Engineer,0.6961525124907959
Senior Software Engineer,0.6961336398308184
Data Science Engineer,0.6961018107529129
Management Trainee - Mechanical,0.6960398127960558
Sr.Officer / Executive - Internal Audit,0.695969927123103
Machine Learning (ML) Engineer,0.6959456701765167
Machine Learning (ML) Engineer,0.6959435867670132
Data Engineer,0.6959157865868036
Database Administrator (DBA),0.6958649727346721
Executive/ Sr. Executive -IT,0.6958569525544208
Senior Software Engineer,0.6958481453672456
Senior Software Engineer,0.6958242854564718
"Manager- Human Resource Management (HRM)
",0.6957983044400781
HR Officer,0.69577206052557
AI Engineer,0.6956463702869594
Machine Learning (ML) Engineer,0.6956438794788321
AI Engineer,0.6956257901995744
Machine Learning (ML) Engineer,0.6955975027175038
Senior Software Engineer,0.6955971741079244
Machine Learning (ML) Engineer,0.6955894177593815
Senior Software Engineer,0.695566520628053
AI Engineer,0.6955644392874432
AI Engineer,0.6954909170080963
Management Trainee - Mechanical,0.6954811327295708
AI Engineer,0.6954663825190794
Management Trainee - Mechanical,0.6954550698679713
"System Administrator (Operation & Maintenance of Server, Storage & Service Desk System)",0.6954173862565427
Management Trainee - Mechanical,0.6953658592693771
AI Engineer,0.6953500496099999
Data Science Engineer,0.6952826456046418
Machine Learning (ML) Engineer,0.6952676387546914
Site Engineer,0.6952350956071565
Machine Learning (ML) Engineer,0.6952330540847677
AI Engineer,0.6952309725175028
HR Officer,0.6952266477348858
Machine Learning (ML) Engineer,0.6952219315549513
Project Coordinator (Civil),0.6952097171519358
Data Engineer,0.6952059510462463
HR Officer,0.6951754494578936
Asst. Manager/ Manger (Administrative),0.6951696554497395
Machine Learning (ML) Engineer,0.695133236596819
HR Officer,0.695133082715912
Database Administrator (DBA),0.6951241951946524
Management Trainee - Mechanical,0.6951233927930867
Management Trainee - Mechanical,0.6951194792232257
Management Trainee - Mechanical,0.6950384871957886
Executive/ Sr. Executive -IT,0.6950373674004414
Management Trainee - Mechanical,0.695016501387061
Executive/ Sr. Executive -IT,0.6949869929723032
Data Science Engineer,0.6949651462059624
Machine Learning (ML) Engineer,0.6949598501785381
Data Science Engineer,0.6949460899282045
Civil Engineer,0.6949217956672837
Machine Learning (ML) Engineer,0.6949109810388118
Senior Software Engineer,0.6948597193245488
Executive/ Sr. Executive -IT,0.6948526336182823
Machine Learning (ML) Engineer,0.6947885206132676
Machine Learning (ML) Engineer,0.6947764113026508
Executive/ Sr. Executive -IT,0.6947611760641984
Machine Learning (ML) Engineer,0.6947044452564328
Business Development Executive,0.6946292425568754
Senior Software Engineer,0.694606408177162
Data Engineer,0.6945213439138289
Executive/ Sr. Executive -IT,0.6945211209354843
Asst. Manager/ Manger (Administrative),0.6944278636940436
Senior Software Engineer,0.6944096109789195
Machine Learning (ML) Engineer,0.6943997318177301
HR Officer,0.6943959127659141
HR Officer,0.6943786081322163
Machine Learning (ML) Engineer,0.6943744414973047
Data Science Engineer,0.694346009972328
Management Trainee - Mechanical,0.6942978416628048
Machine Learning (ML) Engineer,0.6942250411843837
HR Officer,0.6941227628513378
Machine Learning (ML) Engineer,0.6941177512717561
Database Administrator (DBA),0.6940889957191825
"Full Stack Developer (Python,React js)",0.6940693305803548
Executive/ Sr. Executive -IT,0.6940031912495985
Data Engineer,0.6939758341182514
Management Trainee - Mechanical,0.6939359730294956
Management Trainee - Mechanical,0.6938965553100085
Asst. Manager/ Manger (Administrative),0.693880053110075
Senior Software Engineer,0.6938582471967363
HR Officer,0.6938562290946817
Executive/ Sr. Executive -IT,0.6938478892004909
Civil Engineer,0.6937983926376513
Civil Engineer,0.6937911902417528
Executive/ Sr. Executive -IT,0.6937494273960233
Executive - VAT,0.6936988261517142
Senior Software Engineer,0.6936759960618237
Executive/ Sr. Executive -IT,0.6936693474258528
Senior Software Engineer,0.6936551977780594
Site Engineer,0.6936328807867931
Management Trainee - Mechanical,0.6935927695055448
Data Science Engineer,0.6935462706809692
"Full Stack Developer (Python,React js)",0.6935457821318076
Management Trainee - Mechanical,0.6935382279745089
Senior iOS Engineer,0.6935362891714216
"System Administrator (Operation & Maintenance of Server, Storage & Service Desk System)",0.693500944523738
Management Trainee - Mechanical,0.6934980116390894
AI Engineer,0.6934936516267544
Machine Learning (ML) Engineer,0.6934885550281072
Machine Learning (ML) Engineer,0.6934784949570645
HR Officer,0.6934655192655043
Senior Software Engineer,0.6934164110338714
Data Science Engineer,0.6933906917726335
Data Science Engineer,0.6933816666071004
Machine Learning (ML) Engineer,0.6933814439702483
Management Trainee - Mechanical,0.693354304449636
Executive/ Sr. Executive -IT,0.6933452608061368
Senior Software Engineer,0.693323700992752
Machine Learning (ML) Engineer,0.6933013115440012
Machine Learning (ML) Engineer,0.6933002823054069
Data Science Engineer,0.6932928116159383
AI Engineer,0.6932637033037283
"Full Stack Developer (Python,React js)",0.6932547241790025
"Full Stack Developer (Python,React js)",0.6932469931127858
Management Trainee - Mechanical,0.6932463447378269
Site Engineer,0.6932428968881236
"Manager- Human Resource Management (HRM)
",0.693239686617267
Data Science Engineer,0.6932309170300598
AI Engineer,0.6932235460224339
Machine Learning (ML) Engineer,0.6932224723587295
Executive/ Sr. Executive -IT,0.6931980851672832
Management Trainee - Mechanical,0.6931173723100067
Site Engineer,0.693105103349881
Management Trainee - Mechanical,0.6930432326781131
Management Trainee - Mechanical,0.6930387859355228
Machine Learning (ML) Engineer,0.6930278395223861
Management Trainee - Mechanical,0.693022640634611
AI Engineer,0.6930148770933248
Senior Software Engineer,0.6929546084346151
Management Trainee - Mechanical,0.6929343080008719
"Manager- Human Resource Management (HRM)
",0.6929172855187371
Machine Learning (ML) Engineer,0.6929147078186653
Head of Internal Control & Compliance (ICC) - SEVP/DMD,0.6929138076409014
DevOps Engineer,0.6929118225788611
Data Science Engineer,0.6928236599433157
Executive/ Sr. Executive -IT,0.6928159935139632
Executive/ Sr. Executive -IT,0.6927978208522231
"Full Stack Developer (Python,React js)",0.6927797247185137
"Full Stack Developer (Python,React js)",0.6927622929794168
HR Officer,0.6926695439768547
Management Trainee - Mechanical,0.6926680619697473
AI Engineer,0.6926468129125063
Machine Learning (ML) Engineer,0.692631276665484
"Full Stack Developer (Python,React js)",0.6926200161376108
Machine Learning (ML) Engineer,0.6925942783820365
Machine Learning (ML) Engineer,0.6925691150603837
Data Science Engineer,0.6925636653413273
Executive/ Sr. Executive -IT,0.6925342486834726
Senior iOS Engineer,0.6925052989828739
Senior Software Engineer,0.6924398249832994
AI Engineer,0.6924140032405293
Network Support Engineer,0.6924116087145338
Executive/ Sr. Executive -IT,0.6923719005597279
Mechanical Engineer,0.6923619455124477
Executive/ Sr. Executive -IT,0.6923565008488588
Executive/ Sr. Executive -IT,0.6923429067889203
AI Engineer,0.6923353435198086
HR Officer,0.6923326628788499
Head of Internal Control & Compliance (ICC) - SEVP/DMD,0.6923260711333643
Executive/ Sr. Executive -IT,0.6923152222483829
AI Engineer,0.6922964343033279
DevOps Engineer,0.6922949691781967
Data Science Engineer,0.6922768690500629
Data Science Engineer,0.6922723974979446
Mechanical Designer,0.6922655449677169
"Full Stack Developer (Python,React js)",0.6922388190225989
Machine Learning (ML) Engineer,0.692233708256255
Project Coordinator (Civil),0.6922317119264052
Executive/ Sr. Executive -IT,0.6922218184138927
AI Engineer,0.692155461645807
Executive/ Sr. Executive -IT,0.692143577871752
Senior Software Engineer,0.6921434597351928
Senior Software Engineer,0.6921176168563755
AI Engineer,0.6921101392209997
Machine Learning (ML) Engineer,0.6920992508621246
Senior Software Engineer,0.6920682745260924
Project Coordinator (Civil),0.6920541371866686
Machine Learning (ML) Engineer,0.6920379238448744
Senior Software Engineer,0.6920237750747648
Management Trainee - Mechanical,0.6919992345475443
Data Science Engineer,0.6919178289244314
Machine Learning (ML) Engineer,0.6919089232392043
AI Engineer,0.6919030251856939
Machine Learning (ML) Engineer,0.6918420872347668
Machine Learning (ML) Engineer,0.6918273003256576
HR Officer,0.6918246392631016
Management Trainee - Mechanical,0.6917894558545441
AI Engineer,0.6917854547891135
Management Trainee - Mechanical,0.6917776024184474
Project Coordinator (Civil),0.6917678957610307
Machine Learning (ML) Engineer,0.6917481747375426
AI Engineer,0.6917415611954328
Asst. Manager/ Manger (Administrative),0.6917072965974304
HR Officer,0.6916818828801186
Senior Software Engineer,0.691677307809511
"System Administrator (Operation & Maintenance of Server, Storage & Service Desk System)",0.69166448973729
Site Engineer,0.6916547706900801
Head of Internal Control & Compliance (ICC) - SEVP/DMD,0.6916546305851428
Senior iOS Engineer,0.6916477845332902
Executive/ Sr. Executive -IT,0.6915850820493606
HR Officer,0.6915498680363896
AI Engineer,0.691543493585539
Site Engineer,0.6914994533395723
Machine Learning (ML) Engineer,0.6914980571583499
Machine Learning (ML) Engineer,0.6914583826258043
Network Support Engineer,0.6914190741942187
"System Administrator (Operation & Maintenance of Server, Storage & Service Desk System)",0.6914007594557946
Management Trainee - Mechanical,0.6914003854138759
Data Science Engineer,0.6913565471370703
Senior Software Engineer,0.6913482105396511
Machine Learning (ML) Engineer,0.6912464169552495
"Full Stack Developer (Python,React js)",0.6912323788632727
Executive/ Sr. Executive -IT,0.6912073741560442
Machine Learning (ML) Engineer,0.6912034048792965
"Full Stack Developer (Python,React js)",0.6911967880340293
Machine Learning (ML) Engineer,0.69119511511172
Executive/ Sr. Executive -IT,0.691189781313968
Executive/ Sr. Executive -IT,0.6911857916688483
AI Engineer,0.6911588395052846
Executive - VAT,0.6911574989891807
Business Development Executive,0.6910526279589126
"Manager- Human Resource Management (HRM)
",0.6910427789376955
Executive/ Sr. Executive -IT,0.6910385977497335
AI Engineer,0.6910105029803862
Management Trainee - Mechanical,0.6909875296875533
Executive/ Sr. Executive -IT,0.6908955817428419
AI Engineer,0.6908923675763213
Site Engineer,0.6908892241897533
"Manager- Human Resource Management (HRM)
",0.6908787321996793
Management Trainee - Mechanical,0.6908275992097581
"Full Stack Developer (Python,React js)",0.6908082749118779
Civil Engineer,0.690799899083731
Senior Software Engineer,0.6907883748522315
Management Trainee - Mechanical,0.6907524593841163
"System Administrator (Operation & Maintenance of Server, Storage & Service Desk System)",0.6907329778737539
"Executive/ Senior Executive- Trade Marketing, Hygiene Products",0.6907182281187918
"Full Stack Developer (Python,React js)",0.6906800348606603
AI Engineer,0.6906620596795567
"Full Stack Developer (Python,React js)",0.6906449164925913
AI Engineer,0.6906420178356117
Mechanical Engineer,0.6906375282069773
Data Science Engineer,0.6905867416100662
Management Trainee - Mechanical,0.6905855227224924
Executive/ Sr. Executive -IT,0.6905792270275013
HR Officer,0.6905424307752255
Asst. Manager/ Manger (Administrative),0.6905104284525452
Network Support Engineer,0.6905060645738246
AI Engineer,0.6904969481920717
Executive/ Sr. Executive -IT,0.6904822585853732
Machine Learning (ML) Engineer,0.6904818649856629
Executive/ Sr. Executive -IT,0.6904566419625139
Management Trainee - Mechanical,0.6904465717975462
Civil Engineer,0.690390492626668
"Full Stack Developer (Python,React js)",0.6903876069193683
Senior Software Engineer,0.6903476046532351
Executive/ Sr. Executive -IT,0.6903318782413137
"Full Stack Developer (Python,React js)",0.69031694736068
AI Engineer,0.690313158918997
AI Engineer,0.6903019038138611
Senior Software Engineer,0.6902550846978706
Machine Learning (ML) Engineer,0.6902538279996763
"Full Stack Developer (Python,React js)",0.6902517322237325
Senior Software Engineer,0.6902482327774386
Senior Software Engineer,0.6902432576229763
"Full Stack Developer (Python,React js)",0.6902431216738902
Machine Learning (ML) Engineer,0.690239993251847
"Executive/ Senior Executive- Trade Marketing, Hygiene Products",0.6902208372849901
Site Engineer,0.6902185979239118
Executive/ Sr. Executive -IT,0.6902124197474206
"Manager- Human Resource Management (HRM)
",0.6900679376863765
Senior Software Engineer,0.690027390897867
HR Officer,0.6899855421868659
Senior Software Engineer,0.6899757541984398
Civil Engineer,0.6899606525546488
Database Administrator (DBA),0.6899297841827036
Machine Learning (ML) Engineer,0.6899263746345355
AI Engineer,0.689920844971381
Data Science Engineer,0.6899167906093557
Senior Software Engineer,0.6899097157453464
Executive/ Sr. Executive -IT,0.689888502881089
"Manager- Human Resource Management (HRM)
",0.6898708859006919
"Full Stack Developer (Python,React js)",0.6898435079487889
DevOps Engineer,0.6898387351692471
Machine Learning (ML) Engineer,0.6898287296350613
Management Trainee - Mechanical,0.6898118905940326
Management Trainee - Mechanical,0.689803011981383
"Full Stack Developer (Python,React js)",0.689787439262322
Business Development Executive,0.6897685033605213
Senior Software Engineer,0.6897231171298157
Asst. Manager/ Manger (Administrative),0.6896806253720751
Site Engineer,0.6896798566204541
Management Trainee - Mechanical,0.6896638484227797
HR Officer,0.6896330865381504
Executive/ Sr. Executive -IT,0.6896312720655721
AI Engineer,0.6896261609837899
Management Trainee - Mechanical,0.6896102639591629
Machine Learning (ML) Engineer,0.6896060880980315
Senior Software Engineer,0.6895678748279334
AI Engineer,0.6895271205372324
Senior Software Engineer,0.6894905890761889
Data Science Engineer,0.6894783495865326
"Full Stack Developer (Python,React js)",0.6894647526348467
Database Administrator (DBA),0.6894496475237757
DevOps Engineer,0.6894336219013117
Executive/ Sr. Executive -IT,0.6894290251519922
Senior iOS Engineer,0.6894100158146385
"Manager- Human Resource Management (HRM)
",0.6894079941230427
"Executive/ Senior Executive- Trade Marketing, Hygiene Products",0.6894032766008242
Machine Learning (ML) Engineer,0.6893962627282082
"Full Stack Developer (Python,React js)",0.6893878294401288
Executive/ Sr. Executive -IT,0.6893846952666443
Database Administrator (DBA),0.6893682427015532
Machine Learning (ML) Engineer,0.6893527264674039
"Full Stack Developer (Python,React js)",0.6893458692353593
AI Engineer,0.68932577226872
Machine Learning (ML) Engineer,0.6893230510844759
Senior Software Engineer,0.6893021408959391
Asst. Manager/ Manger (Administrative),0.6893011824213519
Executive/ Sr. Executive -IT,0.6892908785439649
"Full Stack Developer (Python,React js)",0.6892796285729516
Business Development Executive,0.6892572156553549
Machine Learning (ML) Engineer,0.6892392733159483
"Executive/ Senior Executive- Trade Marketing, Hygiene Products",0.6892119387664583
Mechanical Engineer,0.689191678422465
Machine Learning (ML) Engineer,0.6891647523112355
"Full Stack Developer (Python,React js)",0.6891443513495691
Management Trainee - Mechanical,0.6891355999514232
Senior Software Engineer,0.68912483285743
"Full Stack Developer (Python,React js)",0.6890695749812884
AI Engineer,0.6890507552963436
"Full Stack Developer (Python,React js)",0.6890502793432904
Senior Software Engineer,0.6890407535745875
Machine Learning (ML) Engineer,0.6890123559646456
Executive/ Sr. Executive -IT,0.6890040633466703
Executive/ Sr. Executive -IT,0.68899652704893
Executive/ Sr. Executive -IT,0.6889899237825775
AI Engineer,0.6889831327852525
Data Science Engineer,0.6889586914922059
Executive/ Sr. Executive -IT,0.6889575895106056
Site Engineer,0.6889495823067857
AI Engineer,0.6889158871217147
Executive/ Sr. Executive -IT,0.6889001995848953
"Full Stack Developer (Python,React js)",0.6888780158716471
Machine Learning (ML) Engineer,0.6888599852152312
Executive/ Sr. Executive -IT,0.688822592012869
"Full Stack Developer (Python,React js)",0.6888008822037489
"Full Stack Developer (Python,React js)",0.6887955972900904
HR Officer,0.6887908863944074
"Full Stack Developer (Python,React js)",0.6887905500074417
"Full Stack Developer (Python,React js)",0.6887233588209947
Mechanical Designer,0.6887215984435954
Executive/ Sr. Executive -IT,0.6887207487936233
"Full Stack Developer (Python,React js)",0.688715776354944
Executive/ Sr. Executive -IT,0.6886980095428201
"Full Stack Developer (Python,React js)",0.6886875457909766
HR Officer,0.6886731002106503
HR Officer,0.6886582611023286
"Full Stack Developer (Python,React js)",0.6886369385332325
Senior Software Engineer,0.6886314593344665
"Full Stack Developer (Python,React js)",0.6886307438322792
AI Engineer,0.6886275100819826
Senior Software Engineer,0.6886193305944124
Machine Learning (ML) Engineer,0.6886133287540344
Machine Learning (ML) Engineer,0.6886031581068294
HR Officer,0.6885976727267641
AI Engineer,0.6885804611548672
Senior Software Engineer,0.6885559550830374
"Full Stack Developer (Python,React js)",0.6885500375518847
Machine Learning (ML) Engineer,0.6885490028385733
Executive/ Sr. Executive -IT,0.6885466562421501
"Executive/ Senior Executive- Trade Marketing, Hygiene Products",0.6885173124333624
"Manager- Human Resource Management (HRM)
",0.6884934049504674
Executive/ Sr. Executive -IT,0.6884898719360419
Senior Software Engineer,0.6884792600140888
"Full Stack Developer (Python,React js)",0.6884673691182948
AI Engineer,0.6884423469665769
HR Officer,0.6884090147388733
Executive/ Sr. Executive -IT,0.6883800796200447
Site Engineer,0.6883777201826392
"Full Stack Developer (Python,React js)",0.6883310665269036
Executive/ Sr. Executive -IT,0.6883069911108795
Executive/ Sr. Executive -IT,0.6883027816472769
"Full Stack Developer (Python,React js)",0.688278738980586
AI Engineer,0.6882760909346315
Machine Learning (ML) Engineer,0.6882664064501841
AI Engineer,0.6882564523975536
"Full Stack Developer (Python,React js)",0.6882467117520273
Executive/ Sr. Executive -IT,0.6882346942524499
"Full Stack Developer (Python,React js)",0.6882321592289856
"Full Stack Developer (Python,React js)",0.6882265377011723
"Full Stack Developer (Python,React js)",0.688221909864059
"Full Stack Developer (Python,React js)",0.6882217807044302
"Full Stack Developer (Python,React js)",0.6882170363915202
Management Trainee - Mechanical,0.6882138160510146
Management Trainee - Mechanical,0.6881897759208847
Data Engineer,0.688117338573468
Senior Software Engineer,0.6880776948389863
Executive - VAT,0.6880676359073615
Senior Software Engineer,0.6880463519877359
Civil Engineer,0.6880390382177187
Senior Software Engineer,0.6880341472590712
"Full Stack Developer (Python,React js)",0.6879971175582829
Machine Learning (ML) Engineer,0.6879968984928725
Asst. Manager/ Manger (Administrative),0.6879903509695924
Executive/ Sr. Executive -IT,0.6879809790179869
Executive/ Sr. Executive -IT,0.6879672643673038
Machine Learning (ML) Engineer,0.6879435677896758
Management Trainee - Mechanical,0.6879414816175611
"Full Stack Developer (Python,React js)",0.6879359610015316
Database Administrator (DBA),0.6879233155811285
Data Science Engineer,0.6879149747840718
Machine Learning (ML) Engineer,0.687908304729552
Executive/ Sr. Executive -IT,0.6878842441865067
"Full Stack Developer (Python,React js)",0.6878690553131975
Management Trainee - Mechanical,0.6878617569627113
Management Trainee - Mechanical,0.6878608338540683
Executive/ Sr. Executive -IT,0.6878515407279887
Senior iOS Engineer,0.6878453586260275
Asst. Manager/ Manger (Administrative),0.6878111337869507
AI Engineer,0.6878039418658185
Senior Software Engineer,0.6877788242810904
AI Engineer,0.6877738509125169
"Full Stack Developer (Python,React js)",0.6877593427718968
Executive/ Sr. Executive -IT,0.6877502664652752
Management Trainee - Mechanical,0.6877024810615154
"Full Stack Developer (Python,React js)",0.6876961166285851
Executive/ Sr. Executive -IT,0.6876815951771098
Management Trainee - Mechanical,0.687676239259266
"Full Stack Developer (Python,React js)",0.6876416991273349
Data Engineer,0.6876415938188974
"Full Stack Developer (Python,React js)",0.687638088493877
"Full Stack Developer (Python,React js)",0.6876150233491175
Executive/ Sr. Executive -IT,0.6876041899309147
HR Officer,0.6875731607657382
"Full Stack Developer (Python,React js)",0.6875657957091218
Senior Software Engineer,0.6875568049496638
AI Engineer,0.687549451180435
AI Engineer,0.6875306478874251
Executive/ Sr. Executive -IT,0.687530615296598
Executive/ Sr. Executive -IT,0.6875123828876326
"Full Stack Developer (Python,React js)",0.6875017969255554
Senior Software Engineer,0.687497629396651
"Full Stack Developer (Python,React js)",0.6874898637751876
Data Science Engineer,0.6874889548441507
"Full Stack Developer (Python,React js)",0.6874801792931186
Marketing Officer,0.6874521227409893
"Full Stack Developer (Python,React js)",0.6874321858165449
Management Trainee - Mechanical,0.6874066895114327
Civil Engineer,0.68740086720321
Machine Learning (ML) Engineer,0.6873961542459666
Executive/ Sr. Executive -IT,0.6873689080733568
Machine Learning (ML) Engineer,0.6873516303020897
Data Science Engineer,0.6873388028632943
"Full Stack Developer (Python,React js)",0.6873218842912409
Senior Software Engineer,0.6873165722197526
"Full Stack Developer (Python,React js)",0.6873024101474877
"Full Stack Developer (Python,React js)",0.6872791012042317
"Full Stack Developer (Python,React js)",0.687240496349321
Management Trainee - Mechanical,0.6872133868697272
Mechanical Designer,0.6872046213977338
Machine Learning (ML) Engineer,0.687139614557231
"Full Stack Developer (Python,React js)",0.6871258931837312
"Full Stack Developer (Python,React js)",0.6870992961632199
AI Engineer,0.6870922300333306
"Full Stack Developer (Python,React js)",0.687090575784105
Data Science Engineer,0.6870486794103257
Senior Software Engineer,0.6870476961268628
"Full Stack Developer (Python,React js)",0.6870352849986924
"Full Stack Developer (Python,React js)",0.6870322894900771
"Full Stack Developer (Python,React js)",0.6870262769065204
Executive/ Sr. Executive -IT,0.6870132980197717
Executive/ Sr. Executive -IT,0.6870050434507486
"Full Stack Developer (Python,React js)",0.6869739912949012
Senior Software Engineer,0.6869708313214785
Executive/ Sr. Executive -IT,0.686962977277131
"Full Stack Developer (Python,React js)",0.6869622455335583
AI Engineer,0.6869410787046235
Executive/ Sr. Executive -IT,0.6869345280926344
AI Engineer,0.6869113465152868
Asst. Manager/ Manger (Administrative),0.6869031916021436
Business Development Executive,0.6868710302951526
Executive/ Sr. Executive -IT,0.6868657685415226
Project Coordinator (Civil),0.6868616350829304
Executive/ Sr. Executive -IT,0.6868448896020535
"Manager- Human Resource Management (HRM)
",0.6868339960199553
"Full Stack Developer (Python,React js)",0.6867925566241699
Executive/ Sr. Executive -IT,0.6867770629223916
Data Science Engineer,0.6867683308821187
DevOps Engineer,0.6867675099478466
Senior Software Engineer,0.6867638791539664
"Full Stack Developer (Python,React js)",0.6867461839371614
Management Trainee - Mechanical,0.6867069280802252
Data Science Engineer,0.6866820256513009
"Full Stack Developer (Python,React js)",0.6866413022896406
Senior Software Engineer,0.6866244537493881
Data Engineer,0.6865942211159678
"Full Stack Developer (Python,React js)",0.6865935696881695
"Full Stack Developer (Python,React js)",0.6865739888929598
Database Administrator (DBA),0.6865723150314137
HR Officer,0.6865637799041284
Site Engineer,0.6865230574295
"Full Stack Developer (Python,React js)",0.6864907285786204
Executive/ Sr. Executive -IT,0.6864808348213249
Executive/ Sr. Executive -IT,0.6864688269869256
"Full Stack Developer (Python,React js)",0.6864660052884203
Data Engineer,0.6864627612976546
AI Engineer,0.6864612722337848
"Executive/ Senior Executive- Trade Marketing, Hygiene Products",0.6864455306844294
Data Science Engineer,0.686438938366802
Machine Learning (ML) Engineer,0.6864373429149608
Data Engineer,0.6864069809905498
"Full Stack Developer (Python,React js)",0.6863994373741648
"Full Stack Developer (Python,React js)",0.6863851700083348
"Full Stack Developer (Python,React js)",0.6863689146893712
"Full Stack Developer (Python,React js)",0.6863556401021542
Management Trainee - Mechanical,0.6863537993384468
AI Engineer,0.6863536454942992
Executive/ Sr. Executive -IT,0.6863274188834896
Civil Engineer,0.6863199595671631
Machine Learning (ML) Engineer,0.6863009264206226
"Full Stack Developer (Python,React js)",0.6862941179527182
"Full Stack Developer (Python,React js)",0.6862772122037334
"Executive/ Senior Executive- Trade Marketing, Hygiene Products",0.6862647721022919
"Full Stack Developer (Python,React js)",0.6862365284169596
"Full Stack Developer (Python,React js)",0.6862309162514533
"Full Stack Developer (Python,React js)",0.6862266144512297
"Full Stack Developer (Python,React js)",0.6862260198546971
"Full Stack Developer (Python,React js)",0.6862227483253065
Machine Learning (ML) Engineer,0.6862167879440567
AI Engineer,0.6862086606062179
"Executive/ Senior Executive- Trade Marketing, Hygiene Products",0.6861906880145637
"Full Stack Developer (Python,React js)",0.6861835150288171
"Full Stack Developer (Python,React js)",0.6861821314440193
"Full Stack Developer (Python,React js)",0.6861068024139044
Site Engineer,0.6861062808659185
Management Trainee - Mechanical,0.6860736855721183
Machine Learning (ML) Engineer,0.6860571998759057
Executive/ Sr. Executive -IT,0.6860463516941624
Senior Software Engineer,0.6860316470339618
Management Trainee - Mechanical,0.6859810937983627
"Full Stack Developer (Python,React js)",0.6859595606487123
Database Administrator (DBA),0.6859468745023756
"Full Stack Developer (Python,React js)",0.6858921209681236
"Full Stack Developer (Python,React js)",0.6858697116849511
"Full Stack Developer (Python,React js)",0.68585772965049
"Full Stack Developer (Python,React js)",0.6858532350829881
AI Engineer,0.6858265186473542
Management Trainee - Mechanical,0.6857554590558453
"Full Stack Developer (Python,React js)",0.6857530131861752
HR Officer,0.6857303639281249
AI Engineer,0.6857274569916866
Management Trainee - Mechanical,0.6857233989662617
"Full Stack Developer (Python,React js)",0.6857172816296462
Machine Learning (ML) Engineer,0.6856851810616192
"Full Stack Developer (Python,React js)",0.685684147666215
Mechanical Designer,0.6856721746139203
Head of Internal Control & Compliance (ICC) - SEVP/DMD,0.6856664780289742
Executive/ Sr. Executive -IT,0.6856652756903603
Management Trainee - Mechanical,0.6856626751607462
"Full Stack Developer (Python,React js)",0.685659167894462
Senior Software Engineer,0.6856537281811742
"Full Stack Developer (Python,React js)",0.6856493151937866
"Full Stack Developer (Python,React js)",0.6856249422395896
AI Engineer,0.6856189915991249
Site Engineer,0.6856146961330964
Senior Software Engineer,0.6856007378238744
"Full Stack Developer (Python,React js)",0.6855280987767907
Senior Software Engineer,0.6855237372293417
"Full Stack Developer (Python,React js)",0.6855189316513772
"Full Stack Developer (Python,React js)",0.6854959547695643
Management Trainee - Mechanical,0.6854795562998225
AI Engineer,0.6854582548292045
AI Engineer,0.6854553020687996
Senior Software Engineer,0.6854410429958137
AI Engineer,0.6854398489362783
"Full Stack Developer (Python,React js)",0.6854366434274031
Machine Learning (ML) Engineer,0.6854056061017368
Management Trainee - Mechanical,0.6854055978960809
"Full Stack Developer (Python,React js)",0.685388434206021
"Full Stack Developer (Python,React js)",0.6853835394065669
Site Engineer,0.6853516654927152
"Full Stack Developer (Python,React js)",0.6853451419097051
Executive/ Sr. Executive -IT,0.6853260037871194
"Full Stack Developer (Python,React js)",0.6853211859881316
Management Trainee - Mechanical,0.685318048787662
Project Coordinator (Civil),0.6853054028226607
"Full Stack Developer (Python,React js)",0.6852853974001603
"Full Stack Developer (Python,React js)",0.6852815084522605
"Full Stack Developer (Python,React js)",0.6852664874566566
"Full Stack Developer (Python,React js)",0.6852613342051594
"System Administrator (Operation & Maintenance of Server, Storage & Service Desk System)",0.6852592635862207
AI Engineer,0.6852559800948501
"Full Stack Developer (Python,React js)",0.6852404946445435
"Full Stack Developer (Python,React js)",0.6852268111720519
Data Science Engineer,0.685225693698156
"Full Stack Developer (Python,React js)",0.6852116964819355
AI Engineer,0.6851979579088305
"Full Stack Developer (Python,React js)",0.6851395517073522
"Full Stack Developer (Python,React js)",0.6850931878604978
Executive/ Sr. Executive -IT,0.6850870040226764
"Full Stack Developer (Python,React js)",0.6850836445991432
"Full Stack Developer (Python,React js)",0.685066510724389
"Full Stack Developer (Python,React js)",0.6850417848783437
Senior Software Engineer,0.6850388722011089
"Full Stack Developer (Python,React js)",0.6850112418251778
Management Trainee - Mechanical,0.6850032829856553
Machine Learning (ML) Engineer,0.6849774927902165
"Full Stack Developer (Python,React js)",0.6849429480841577
Executive - VAT,0.6849316619372324
"Full Stack Developer (Python,React js)",0.684907003285353
"Full Stack Developer (Python,React js)",0.6848750114152855
"Full Stack Developer (Python,React js)",0.6848743717950837
HR Officer,0.6848733430864951
"Full Stack Developer (Python,React js)",0.6848696463327169
Senior Software Engineer,0.6848021754206239
Executive/ Sr. Executive -IT,0.6847860355224366
"Full Stack Developer (Python,React js)",0.6847829965612937
"Full Stack Developer (Python,React js)",0.6847767679130533
Executive/ Sr. Executive -IT,0.6847461841231429
Management Trainee - Mechanical,0.6847382286064043
Senior Software Engineer,0.6847193358927071
"Full Stack Developer (Python,React js)",0.6847063802500513
"Full Stack Developer (Python,React js)",0.6846752641666789
"Full Stack Developer (Python,React js)",0.6846733862027554
"Full Stack Developer (Python,React js)",0.6846596892046617
"Full Stack Developer (Python,React js)",0.684653877429107
"Full Stack Developer (Python,React js)",0.6846461319627656
Marketing Officer,0.6846405156015689
"Full Stack Developer (Python,React js)",0.6846309615990983
Business Development Executive,0.684626446378877
Mechanical Designer,0.684621059976265
"Full Stack Developer (Python,React js)",0.6845682921912953
Management Trainee - Mechanical,0.6845661435537455
"Full Stack Developer (Python,React js)",0.6845630208565516
Civil Engineer,0.6845499804061073
HR Officer,0.6845396377796402
"Full Stack Developer (Python,React js)",0.6845219677232941
"Full Stack Developer (Python,React js)",0.6845099082890183
"Full Stack Developer (Python,React js)",0.6844833886683216
Machine Learning (ML) Engineer,0.6844754966030124
"Full Stack Developer (Python,React js)",0.6844710834556871
"Full Stack Developer (Python,React js)",0.6844685469143936
Data Science Engineer,0.6844596373518715
Site Engineer,0.6844470655866715
"Full Stack Developer (Python,React js)",0.6844318648338253
Site Engineer,0.684423882264057
"Full Stack Developer (Python,React js)",0.684423403811984
"Full Stack Developer (Python,React js)",0.6844179192882772
"Full Stack Developer (Python,React js)",0.6844071159036248
Site Engineer,0.6843862266960183
Project Coordinator (Civil),0.6843830574185255
Machine Learning (ML) Engineer,0.6843693787413728
Database Administrator (DBA),0.6843680501601868
"Full Stack Developer (Python,React js)",0.6843603202472782
Management Trainee - Mechanical,0.6843544877835405
"Full Stack Developer (Python,React js)",0.684328832101639
"Full Stack Developer (Python,React js)",0.6842775404665866
Database Administrator (DBA),0.6842501203226735
"Full Stack Developer (Python,React js)",0.6842357880725269
"Full Stack Developer (Python,React js)",0.68420773398114
"Full Stack Developer (Python,React js)",0.6841964906929591
Mechanical Designer,0.6841892008202024
Mechanical Designer,0.6841580904633783
"Full Stack Developer (Python,React js)",0.6841519694515369
"Full Stack Developer (Python,React js)",0.6841381203162842
Civil Engineer,0.6841269746603486
"Full Stack Developer (Python,React js)",0.68411991642304
"Full Stack Developer (Python,React js)",0.6841083797769858
"Full Stack Developer (Python,React js)",0.6841065697076367
"Full Stack Developer (Python,React js)",0.6840941110532643
"Full Stack Developer (Python,React js)",0.6840835928258238
"Full Stack Developer (Python,React js)",0.6840607014911743
"Full Stack Developer (Python,React js)",0.6840596776409947
Site Engineer,0.6840484749268138
"Full Stack Developer (Python,React js)",0.6840412510535471
"Full Stack Developer (Python,React js)",0.6840284271263654
"Full Stack Developer (Python,React js)",0.6840102232331212
Data Engineer,0.6839899504272344
Asst. Manager/ Manger (Administrative),0.683987046203705
"Full Stack Developer (Python,React js)",0.6839818731747032
Data Engineer,0.6839812797299527
"Full Stack Developer (Python,React js)",0.6839807624194687
"Full Stack Developer (Python,React js)",0.6839128053822242
HR Officer,0.6838958087854637
"Full Stack Developer (Python,React js)",0.6838945335944058
"Full Stack Developer (Python,React js)",0.683892917703539
HR Officer,0.683881200721334
"Full Stack Developer (Python,React js)",0.6838803395547159
"Full Stack Developer (Python,React js)",0.6838705287887389
"Full Stack Developer (Python,React js)",0.6838690351081057
"Full Stack Developer (Python,React js)",0.6838493008711582
"Full Stack Developer (Python,React js)",0.6838429459923223
"Full Stack Developer (Python,React js)",0.6838345731801149
"Full Stack Developer (Python,React js)",0.683830962546657
Management Trainee - Mechanical,0.6838174741863775
"Full Stack Developer (Python,React js)",0.6838065802471573
Site Engineer,0.6837853163644525
"Full Stack Developer (Python,React js)",0.683782610746669
"Full Stack Developer (Python,React js)",0.683781680591002
HR Officer,0.6837811722607859
"Full Stack Developer (Python,React js)",0.6837538234471929
"Full Stack Developer (Python,React js)",0.6837481569660272
"Full Stack Developer (Python,React js)",0.683742220264456
"Full Stack Developer (Python,React js)",0.683735426733358
"Full Stack Developer (Python,React js)",0.6837217554818897
"Full Stack Developer (Python,React js)",0.6837211824516831
"Full Stack Developer (Python,React js)",0.6837121253154801
HR Officer,0.6837112223020183
"Full Stack Developer (Python,React js)",0.6836713206763642
"Full Stack Developer (Python,React js)",0.6836583378758787
Project Coordinator (Civil),0.6836568673907972
"Full Stack Developer (Python,React js)",0.6836567776585628
"Full Stack Developer (Python,React js)",0.683655559629901
"Full Stack Developer (Python,React js)",0.6836531820152238
"Full Stack Developer (Python,React js)",0.6836383021870216
"Full Stack Developer (Python,React js)",0.6836167008492827
Senior iOS Engineer,0.6836013284724047
"Full Stack Developer (Python,React js)",0.6835955571209741
"Full Stack Developer (Python,React js)",0.6835717980936659
"Full Stack Developer (Python,React js)",0.6835575103594637
"Full Stack Developer (Python,React js)",0.6835264825390377
Machine Learning (ML) Engineer,0.6835204725113263
"Full Stack Developer (Python,React js)",0.6835163390896468
"Full Stack Developer (Python,React js)",0.6835155732388495
"Full Stack Developer (Python,React js)",0.6834959842962909
Head of Internal Control & Compliance (ICC) - SEVP/DMD,0.6834942242818205
"Full Stack Developer (Python,React js)",0.6834914516545149
"Full Stack Developer (Python,React js)",0.683489617143119
"Full Stack Developer (Python,React js)",0.6834733862662021
AI Engineer,0.6834571466129883
"Full Stack Developer (Python,React js)",0.6834507570046092
"Full Stack Developer (Python,React js)",0.6834397459158722
Executive/ Sr. Executive -IT,0.6834373749840272
AI Engineer,0.6834259354013469
"Full Stack Developer (Python,React js)",0.6834135697884086
Mechanical Engineer,0.6834002885248395
"Full Stack Developer (Python,React js)",0.6833875077771423
AI Engineer,0.6833824292974469
Executive - VAT,0.6833656147773964
Senior iOS Engineer,0.6833591942696416
"Full Stack Developer (Python,React js)",0.6833545001509317
"Full Stack Developer (Python,React js)",0.6833451374891445
"Full Stack Developer (Python,React js)",0.6833319795206576
"Full Stack Developer (Python,React js)",0.683323007931618
"Full Stack Developer (Python,React js)",0.683319007583304
Management Trainee - Mechanical,0.6833093659255784
"Full Stack Developer (Python,React js)",0.6833060057723378
"Full Stack Developer (Python,React js)",0.6833025254964624
"Full Stack Developer (Python,React js)",0.6832828673014382
"Full Stack Developer (Python,React js)",0.6832541112334661
"Full Stack Developer (Python,React js)",0.6832379224511853
AI Engineer,0.6832289023540202
Head of Internal Control & Compliance (ICC) - SEVP/DMD,0.6832258496258434
"Full Stack Developer (Python,React js)",0.6832236727379446
"Full Stack Developer (Python,React js)",0.6831939525670185
"Full Stack Developer (Python,React js)",0.6831909665636436
"Full Stack Developer (Python,React js)",0.6831791189604394
"Full Stack Developer (Python,React js)",0.6831627889574441
"Full Stack Developer (Python,React js)",0.6831616333917906
"Full Stack Developer (Python,React js)",0.683158037695139
"Full Stack Developer (Python,React js)",0.6831531221279644
Data Science Engineer,0.6831481580762058
"Full Stack Developer (Python,React js)",0.6831451553786235
Civil Engineer,0.6831417234289234
"Full Stack Developer (Python,React js)",0.6831396083919085
"Full Stack Developer (Python,React js)",0.6831294880266727
Database Administrator (DBA),0.6831255538467642
"Full Stack Developer (Python,React js)",0.6831191218830784
Management Trainee - Mechanical,0.6831145730265255
"Manager- Human Resource Management (HRM)
",0.6831061522797074
"Full Stack Developer (Python,React js)",0.683105419400106
Site Engineer,0.6831049858374507
"Full Stack Developer (Python,React js)",0.6831010171159126
Management Trainee - Mechanical,0.6831003596362375
"Full Stack Developer (Python,React js)",0.683090406551851
"Full Stack Developer (Python,React js)",0.683084630081475
HR Officer,0.6830818401445871
Site Engineer,0.6830678786141104
"Full Stack Developer (Python,React js)",0.6830609158645857
"Full Stack Developer (Python,React js)",0.6830539797548818
"Full Stack Developer (Python,React js)",0.6830528445576006
"Full Stack Developer (Python,React js)",0.6830308385681991
"Full Stack Developer (Python,React js)",0.6830160918666751
"Full Stack Developer (Python,React js)",0.6829936241941689
Data Science Engineer,0.6829411189763571
"Full Stack Developer (Python,React js)",0.6829319867838943
AI Engineer,0.6829288231506279
"Full Stack Developer (Python,React js)",0.6828992860411592
"Full Stack Developer (Python,React js)",0.6828968717100994
"Full Stack Developer (Python,React js)",0.6828819063880464
"Full Stack Developer (Python,React js)",0.6828124380175794
"Full Stack Developer (Python,React js)",0.6828009882765802
"Full Stack Developer (Python,React js)",0.6827908163114682
"Full Stack Developer (Python,React js)",0.6827664964749768
HR Officer,0.6827612946950625
"Full Stack Developer (Python,React js)",0.6827602243742088
Data Engineer,0.6827273385394658
Asst. Manager/ Manger (Administrative),0.682725826629505
Civil Engineer,0.6827056347720434
Data Science Engineer,0.6826929833709949
"Executive/ Senior Executive- Trade Marketing, Hygiene Products",0.6826646148417603
"Full Stack Developer (Python,React js)",0.6826566960116307
"Full Stack Developer (Python,React js)",0.6825949010859439
"Full Stack Developer (Python,React js)",0.6825892468258015
"Full Stack Developer (Python,React js)",0.6825869682838901
Site Engineer,0.6825853174426337
"Full Stack Developer (Python,React js)",0.6825811850240567
Marketing Officer,0.6825746627446628
"Full Stack Developer (Python,React js)",0.6825712357531482
HR Officer,0.6825624319486764
"Full Stack Developer (Python,React js)",0.682561517323792
Executive/ Sr. Executive -IT,0.6825599326644294
Project Coordinator (Civil),0.6825524475618503
AI Engineer,0.6825506443015611
Management Trainee - Mechanical,0.6825322152519211
"Full Stack Developer (Python,React js)",0.6825289238544842
"Full Stack Developer (Python,React js)",0.6825064887713737
"Full Stack Developer (Python,React js)",0.6825016220882923
Senior Software Engineer,0.6824944184739659
"Full Stack Developer (Python,React js)",0.6824876683953953
Marketing Officer,0.6824779324896559
HR Officer,0.6824735880154877
"Full Stack Developer (Python,React js)",0.6824418449893519
"Full Stack Developer (Python,React js)",0.6824388386176048
Sr.Officer / Executive - Internal Audit,0.6824346779308467
Database Administrator (DBA),0.682428890545536
Civil Engineer,0.6824187497995945
"Full Stack Developer (Python,React js)",0.682418288287875
"Full Stack Developer (Python,React js)",0.6823998752793421
"Full Stack Developer (Python,React js)",0.6823471456905199
HR Officer,0.682329702063959
"Full Stack Developer (Python,React js)",0.6823039049407679
Mechanical Engineer,0.6823016180475948
"Full Stack Developer (Python,React js)",0.6822880936523198
"Full Stack Developer (Python,React js)",0.6822690628031614
Management Trainee - Mechanical,0.6822671199641538
"Full Stack Developer (Python,React js)",0.682261859188835
"Full Stack Developer (Python,React js)",0.6822073113300021
Management Trainee - Mechanical,0.6822034185515887
"Full Stack Developer (Python,React js)",0.6821904558230023
Database Administrator (DBA),0.682189360915101
Site Engineer,0.6821541859842043
"Full Stack Developer (Python,React js)",0.6821144016788345
AI Engineer,0.6821051615989595
Management Trainee - Mechanical,0.6820922951656444
"Full Stack Developer (Python,React js)",0.6820912428395626
"Full Stack Developer (Python,React js)",0.6820907322723643
Senior iOS Engineer,0.682031479415141
Head of Internal Control & Compliance (ICC) - SEVP/DMD,0.681980764178501
"Full Stack Developer (Python,React js)",0.6819646113112633
Project Coordinator (Civil),0.6819603866190906
Management Trainee - Mechanical,0.6819592780036249
Network Support Engineer,0.6819265322133662
Civil Engineer,0.6818898553483974
"Full Stack Developer (Python,React js)",0.6818609783910408
HR Officer,0.6817702070219438
"Full Stack Developer (Python,React js)",0.6817599064541584
Data Science Engineer,0.6817510382150804
Project Coordinator (Civil),0.6817066529606153
Data Science Engineer,0.6816865575086093
Management Trainee - Mechanical,0.6816777928932937
Head of Internal Control & Compliance (ICC) - SEVP/DMD,0.6816632688979151
"Full Stack Developer (Python,React js)",0.6816530173101555
AI Engineer,0.6816225892023253
Business Development Executive,0.6816165146368683
"Full Stack Developer (Python,React js)",0.681600041889662
"Full Stack Developer (Python,React js)",0.6815847873367227
AI Engineer,0.6815686213657285
"Manager- Human Resource Management (HRM)
",0.6815170773128019
Management Trainee - Mechanical,0.6815102682672745
"Full Stack Developer (Python,React js)",0.6815086530769572
"Full Stack Developer (Python,React js)",0.6815024692391358
Management Trainee - Mechanical,0.6814935652889802
Data Engineer,0.6814863239128475
"Full Stack Developer (Python,React js)",0.6814347919275372
Management Trainee - Mechanical,0.6813998441645127
Network Support Engineer,0.6813745010368607
"Full Stack Developer (Python,React js)",0.6813190710573177
Data Science Engineer,0.6813144303508631
Management Trainee - Mechanical,0.6812326284468948
Head of Internal Control & Compliance (ICC) - SEVP/DMD,0.6812190930911001
HR Officer,0.6811413004733035
"Full Stack Developer (Python,React js)",0.6811298828262087
Management Trainee - Mechanical,0.6811088997767849
HR Officer,0.6809569429591638
Management Trainee - Mechanical,0.6809500681683349
Data Science Engineer,0.6809468761949755
"Full Stack Developer (Python,React js)",0.6809372903611476
Management Trainee - Mechanical,0.680927086449949
Marketing Officer,0.6807964190600582
"Full Stack Developer (Python,React js)",0.6807788814563228
HR Officer,0.6806818803675829
Management Trainee - Mechanical,0.6806742224616196
Data Science Engineer,0.680673430085496
Executive - VAT,0.6806638368490474
Mechanical Engineer,0.6806447713102044
Sr.Officer / Executive - Internal Audit,0.6806062485329677
AI Engineer,0.6805915193013117
Civil Engineer,0.6805831954564566
Management Trainee - Mechanical,0.6805830896051297
Senior iOS Engineer,0.6805759297862064
AI Engineer,0.6804719760620691
Data Science Engineer,0.6804585858575817
Civil Engineer,0.6804406053626261
Database Administrator (DBA),0.6803860482520965
"Full Stack Developer (Python,React js)",0.6802848493026766
AI Engineer,0.6802702059296528
Management Trainee - Mechanical,0.680252718845224
Data Engineer,0.6802468127843648
Network Support Engineer,0.680192201316037
Data Science Engineer,0.6801893771105904
Database Administrator (DBA),0.6801614284855324
Data Science Engineer,0.6801563234495979
AI Engineer,0.6801264860594997
Data Science Engineer,0.6801249965461514
Management Trainee - Mechanical,0.6800891684800311
AI Engineer,0.6800756414605355
DevOps Engineer,0.6800048816844662
Mechanical Engineer,0.679952024791114
AI Engineer,0.6799498475866859
"Manager- Human Resource Management (HRM)
",0.6799269511564056
Senior iOS Engineer,0.6798378039857279
"Manager- Human Resource Management (HRM)
",0.6798038750296632
Data Science Engineer,0.6798011879012635
Executive - VAT,0.6797998673116533
"Manager- Human Resource Management (HRM)
",0.6797565152556899
Site Engineer,0.6797306663530149
Management Trainee - Mechanical,0.6797278157790428
Data Science Engineer,0.6796611757506109
AI Engineer,0.679647676459899
Site Engineer,0.6796430123307041
"Manager- Human Resource Management (HRM)
",0.6796387878814477
HR Officer,0.6796327299108513
Management Trainee - Mechanical,0.6795763578389085
Head of Internal Control & Compliance (ICC) - SEVP/DMD,0.6795502488534466
HR Officer,0.6795224638440462
Data Science Engineer,0.6795027549034122
Civil Engineer,0.6794580226636304
Management Trainee - Mechanical,0.6794270192916287
Head of Internal Control & Compliance (ICC) - SEVP/DMD,0.6793968791871817
Database Administrator (DBA),0.6793848359899997
HR Officer,0.6793759411611126
AI Engineer,0.6793559780647906
Executive - VAT,0.6793354517477936
HR Officer,0.6793165945174681
AI Engineer,0.679297312693524
Site Engineer,0.6792382981086775
AI Engineer,0.6792192664493091
HR Officer,0.6791847307097267
Senior iOS Engineer,0.6791846618503806
HR Officer,0.6791321882745904
Head of Internal Control & Compliance (ICC) - SEVP/DMD,0.679100917344772
Site Engineer,0.679086425165463
Database Administrator (DBA),0.679051588811246
Data Science Engineer,0.6790215277819737
"Manager- Human Resource Management (HRM)
",0.6790017608903968
Data Engineer,0.6789065065259718
Head of Internal Control & Compliance (ICC) - SEVP/DMD,0.678871978152553
HR Officer,0.6788624448316998
Asst. Manager/ Manger (Administrative),0.6788026482547881
Marketing Officer,0.6787949726437552
Management Trainee - Mechanical,0.6787718827162971
Network Support Engineer,0.6786913264912849
Asst. Manager/ Manger (Administrative),0.678685813645688
Marketing Officer,0.67864254075866
Business Development Executive,0.6785858725582257
Executive - VAT,0.6785814122516838
Sr.Officer / Executive - Internal Audit,0.6785061618164577
Management Trainee - Mechanical,0.6784999167812291
Marketing Officer,0.6784493391456509
AI Engineer,0.6783921598396659
Management Trainee - Mechanical,0.6783278013569184
Data Science Engineer,0.678310521940624
"Manager- Human Resource Management (HRM)
",0.678252586063832
Data Science Engineer,0.6782111508387697
Management Trainee - Mechanical,0.6781905335779175
Management Trainee - Mechanical,0.6781823728834276
Mechanical Engineer,0.6781566145957454
HR Officer,0.6781475954262793
Business Development Executive,0.6781190140538814
Civil Engineer,0.6781171884155338
AI Engineer,0.6780750630753701
Senior iOS Engineer,0.678053533001038
Management Trainee - Mechanical,0.6780458427857006
Senior iOS Engineer,0.678021422134664
Database Administrator (DBA),0.6779589741468426
Head of Internal Control & Compliance (ICC) - SEVP/DMD,0.6779369884365826
Mechanical Engineer,0.6779229544591799
Sr.Officer / Executive - Internal Audit,0.6779077415377376
Management Trainee - Mechanical,0.6778887279782524
Management Trainee - Mechanical,0.6778582742681343
AI Engineer,0.6778505368428487
Site Engineer,0.6778152483849706
HR Officer,0.6777490446055011
Network Support Engineer,0.6777291837878511
Head of Internal Control & Compliance (ICC) - SEVP/DMD,0.6777269577610505
HR Officer,0.6776504950140235
Executive - VAT,0.6776382992715271
Management Trainee - Mechanical,0.6775550422425138
Site Engineer,0.6775350720861817
Project Coordinator (Civil),0.6775273768707117
Network Support Engineer,0.6775152074559339
Data Engineer,0.6774735293117026
Senior iOS Engineer,0.6774596568666286
Data Science Engineer,0.6774438756305204
HR Officer,0.6774079280123243
Data Science Engineer,0.6773869064783569
"Executive/ Senior Executive- Trade Marketing, Hygiene Products",0.6773695838093687
Data Science Engineer,0.6773622097126932
HR Officer,0.6773462542349976
Data Science Engineer,0.6773425216537188
Data Science Engineer,0.6773376323922544
Management Trainee - Mechanical,0.6772965145797476
"System Administrator (Operation & Maintenance of Server, Storage & Service Desk System)",0.6772796969489294
AI Engineer,0.6772375889721187
Asst. Manager/ Manger (Administrative),0.6772058392449565
HR Officer,0.6771965385209656
"Executive/ Senior Executive- Trade Marketing, Hygiene Products",0.677149514248899
"Executive/ Senior Executive- Trade Marketing, Hygiene Products",0.6771145993254902
AI Engineer,0.6771000140312475
AI Engineer,0.6770767057288241
HR Officer,0.6770293286154816
Site Engineer,0.6769620155075384
Head of Internal Control & Compliance (ICC) - SEVP/DMD,0.6769371995760357
Site Engineer,0.6769214708744108
Data Engineer,0.6769049568439343
Database Administrator (DBA),0.6768867234997782
Site Engineer,0.6768670853439733
Data Engineer,0.676846522891626
Mechanical Engineer,0.676818604330647
Data Science Engineer,0.676781439987966
Head of Internal Control & Compliance (ICC) - SEVP/DMD,0.6766952574683627
Database Administrator (DBA),0.6766748098729196
AI Engineer,0.6765983188316491
Data Engineer,0.6765873257969844
Data Science Engineer,0.6765690041493996
Data Science Engineer,0.6765651219217738
Project Coordinator (Civil),0.6765543816792536
"Manager- Human Resource Management (HRM)
",0.6765390474269742
Mechanical Engineer,0.6765039347049762
Management Trainee - Mechanical,0.6764859894052027
Senior iOS Engineer,0.6764692763599963
Management Trainee - Mechanical,0.6764402440069093
Data Science Engineer,0.6764313691069574
Data Engineer,0.6763492494988995
Data Science Engineer,0.6762878190276118
Business Development Executive,0.676237347891908
Site Engineer,0.6762130472758495
AI Engineer,0.6761860681166528
Data Engineer,0.6761843819613016
Network Support Engineer,0.6761470259156378
Executive - VAT,0.6761452085944921
Management Trainee - Mechanical,0.6761296858701419
AI Engineer,0.6761150506522642
Management Trainee - Mechanical,0.6760894865567955
"Manager- Human Resource Management (HRM)
",0.676065876461564
HR Officer,0.6760656095239526
Executive - VAT,0.676047084222998
Management Trainee - Mechanical,0.6759936434352491
Management Trainee - Mechanical,0.6759388471132572
DevOps Engineer,0.6759328886225231
"System Administrator (Operation & Maintenance of Server, Storage & Service Desk System)",0.6759317760874155
Civil Engineer,0.6759132273648106
Management Trainee - Mechanical,0.675803362695768
Management Trainee - Mechanical,0.6757130142689406
Data Engineer,0.6756236527563417
Data Science Engineer,0.6756051247702253
Mechanical Designer,0.6755982306549777
Mechanical Designer,0.6755532207278017
Database Administrator (DBA),0.6755446364422623
Site Engineer,0.6755295652502239
AI Engineer,0.6755043701229454
Mechanical Designer,0.6754960676717999
HR Officer,0.6754874888843682
Business Development Executive,0.6754849613900764
Management Trainee - Mechanical,0.6754844457313608
Mechanical Designer,0.6754525153875172
Marketing Officer,0.6754501274182169
Site Engineer,0.6753197020416255
Management Trainee - Mechanical,0.6752743937999589
Civil Engineer,0.675240583623654
AI Engineer,0.6752127334070753
Database Administrator (DBA),0.6752078420075178
"Manager- Human Resource Management (HRM)
",0.6751960475496896
Business Development Executive,0.6751849986326053
HR Officer,0.6751705755481336
HR Officer,0.6751704116946377
"Executive/ Senior Executive- Trade Marketing, Hygiene Products",0.675131845316538
Management Trainee - Mechanical,0.6750878168150094
HR Officer,0.6750733923056901
Business Development Executive,0.6750668553644253
Database Administrator (DBA),0.6750522244009217
AI Engineer,0.6750251753988218
AI Engineer,0.6749265827108059
"Manager- Human Resource Management (HRM)
",0.67487946146157
HR Officer,0.674856615695227
Executive - VAT,0.6748409436771405
Management Trainee - Mechanical,0.6748139520654237
AI Engineer,0.6748138139093505
Civil Engineer,0.6748130856554465
Management Trainee - Mechanical,0.6747926235161499
Data Science Engineer,0.6747915540887696
AI Engineer,0.6747721926171439
Site Engineer,0.6747448557763996
"System Administrator (Operation & Maintenance of Server, Storage & Service Desk System)",0.6747086836110652
Mechanical Designer,0.6746972530441374
HR Officer,0.6746716223276307
Database Administrator (DBA),0.6746137477940807
HR Officer,0.6746089185403797
Management Trainee - Mechanical,0.6745897940887573
Asst. Manager/ Manger (Administrative),0.6745401448744808
Management Trainee - Mechanical,0.6745292721022618
Data Engineer,0.6745052169672757
Data Science Engineer,0.6744408901998791
HR Officer,0.674440035049757
Management Trainee - Mechanical,0.6743881304975251
Project Coordinator (Civil),0.6743189277635346
Data Science Engineer,0.6742957019213419
Network Support Engineer,0.6742720630184412
Network Support Engineer,0.674241367188261
Data Science Engineer,0.6742398253790314
HR Officer,0.6742328761566788
HR Officer,0.6742255108112627
Management Trainee - Mechanical,0.6740731815574916
DevOps Engineer,0.6740668511288271
Sr.Officer / Executive - Internal Audit,0.6740457965891213
Senior iOS Engineer,0.6740431440706813
Mechanical Engineer,0.6740347608689965
Head of Internal Control & Compliance (ICC) - SEVP/DMD,0.6739626248792361
HR Officer,0.6739424005655364
AI Engineer,0.6739287648121572
HR Officer,0.6738999596317516
Senior iOS Engineer,0.6738555814053615
Management Trainee - Mechanical,0.67385521279777
HR Officer,0.6737431528164995
Sr.Officer / Executive - Internal Audit,0.6737093764751008
Business Development Executive,0.6736748886230032
Mechanical Designer,0.6736480248091872
AI Engineer,0.6736323772491706
Data Engineer,0.6735936940096873
AI Engineer,0.6735777229293511
Management Trainee - Mechanical,0.673520505765004
"Manager- Human Resource Management (HRM)
",0.6734612264793127
Mechanical Designer,0.6733766399653325
Data Science Engineer,0.6733329513657347
Data Science Engineer,0.6732809611709601
HR Officer,0.6732748193159045
Mechanical Designer,0.6732699461016638
HR Officer,0.6732478101403627
Data Engineer,0.6732341689301522
Data Engineer,0.6732293019181144
HR Officer,0.6732222649415537
HR Officer,0.6731910327111224
Data Science Engineer,0.6731736711559205
HR Officer,0.6731661770007149
Civil Engineer,0.6731570217770594
Data Engineer,0.6731561257993458
Site Engineer,0.6731006245048953
Data Science Engineer,0.6730839496122152
Site Engineer,0.6730833569717102
HR Officer,0.6730683809927274
Network Support Engineer,0.6730620492436291
Data Science Engineer,0.6730473087272933
Data Engineer,0.67300226149971
Executive - VAT,0.6729832683644632
Database Administrator (DBA),0.6728649351886558
Senior iOS Engineer,0.6727930648938727
Database Administrator (DBA),0.6727838471292981
Civil Engineer,0.6726864530183291
Management Trainee - Mechanical,0.6726818455214949
AI Engineer,0.6726655825345722
Management Trainee - Mechanical,0.6725794031581034
Site Engineer,0.672538724419862
AI Engineer,0.6725307696193845
HR Officer,0.6725172341260516
Head of Internal Control & Compliance (ICC) - SEVP/DMD,0.6724794004651702
Data Science Engineer,0.672459807871006
AI Engineer,0.6724305622554092
Data Science Engineer,0.672411484230379
Database Administrator (DBA),0.6724107531268033
HR Officer,0.6724009546184894
Business Development Executive,0.6723778357740138
Mechanical Designer,0.672369967108102
Project Coordinator (Civil),0.6723409868733281
Database Administrator (DBA),0.6723084739634929
Data Science Engineer,0.6722627854102874
Senior iOS Engineer,0.6722217997431623
Data Science Engineer,0.6721945093724677
Asst. Manager/ Manger (Administrative),0.6721439421895478
Data Science Engineer,0.6721408044885212
Data Science Engineer,0.6721067915056471
Management Trainee - Mechanical,0.6720907725502216
Head of Internal Control & Compliance (ICC) - SEVP/DMD,0.6720901455815524
"Manager- Human Resource Management (HRM)
",0.6720424995705114
Data Engineer,0.6720410117643735
"System Administrator (Operation & Maintenance of Server, Storage & Service Desk System)",0.6720061437609467
Senior iOS Engineer,0.6719660557672613
Marketing Officer,0.6719590495679415
Mechanical Engineer,0.6718977423597028
Management Trainee - Mechanical,0.6718861340212963
Data Engineer,0.6718828164301383
Management Trainee - Mechanical,0.6718368657576007
Management Trainee - Mechanical,0.6717955761443821
HR Officer,0.671783196238705
Management Trainee - Mechanical,0.6717713508684547
Management Trainee - Mechanical,0.6717690022244557
"Executive/ Senior Executive- Trade Marketing, Hygiene Products",0.6717677238765045
Management Trainee - Mechanical,0.6717626559794367
Network Support Engineer,0.6717610392226407
Mechanical Designer,0.6717424342198147
AI Engineer,0.6717027068420626
Data Science Engineer,0.671670619521604
Mechanical Designer,0.6716622469049787
Mechanical Engineer,0.6716394714450054
Data Engineer,0.6715870124355934
AI Engineer,0.6715316699962264
Mechanical Designer,0.6714992463254328
AI Engineer,0.6714762652397404
Site Engineer,0.6714630960847524
Civil Engineer,0.671445542799585
Asst. Manager/ Manger (Administrative),0.6714312133742809
Business Development Executive,0.6714216240199067
AI Engineer,0.6714129303134021
Civil Engineer,0.6713668793089284
Project Coordinator (Civil),0.6713443434958778
AI Engineer,0.6713424671892537
AI Engineer,0.6713267145729476
Asst. Manager/ Manger (Administrative),0.6713020564594043
Management Trainee - Mechanical,0.6712178869190115
AI Engineer,0.6712167632501791
Database Administrator (DBA),0.6712085357962754
Data Engineer,0.6711623983661218
"System Administrator (Operation & Maintenance of Server, Storage & Service Desk System)",0.6711569344091517
HR Officer,0.6711064388318418
AI Engineer,0.6711013651370704
Mechanical Engineer,0.6710872750280231
AI Engineer,0.671086161012284
"Manager- Human Resource Management (HRM)
",0.6710773800291173
Mechanical Designer,0.6710591061395138
Data Engineer,0.6710335345198851
"Manager- Human Resource Management (HRM)
",0.6710280120254258
HR Officer,0.6709551504006641
HR Officer,0.6708949767040043
Management Trainee - Mechanical,0.6708846920879917
Senior iOS Engineer,0.6708574801852529
AI Engineer,0.6708115791981705
"Manager- Human Resource Management (HRM)
",0.6707899391333502
Marketing Officer,0.6707655219350318
AI Engineer,0.6707231083368151
Project Coordinator (Civil),0.6707107171584269
Data Engineer,0.67070932209829
"Executive/ Senior Executive- Trade Marketing, Hygiene Products",0.6707085873570018
Management Trainee - Mechanical,0.6707052984753535
"Manager- Human Resource Management (HRM)
",0.6706991227583221
Business Development Executive,0.6706738739267479
AI Engineer,0.6706520242170054
Management Trainee - Mechanical,0.6706477293740973
AI Engineer,0.6705226932006277
Management Trainee - Mechanical,0.6705162834883868
Data Science Engineer,0.6704986899207541
Data Science Engineer,0.6704985616068022
Management Trainee - Mechanical,0.6704687681907956
Head of Internal Control & Compliance (ICC) - SEVP/DMD,0.6704464159356887
Civil Engineer,0.6704437221541995
Business Development Executive,0.670424025417506
"System Administrator (Operation & Maintenance of Server, Storage & Service Desk System)",0.6704047128899503
Site Engineer,0.6703943821244611
Data Science Engineer,0.6703780022607966
Data Science Engineer,0.670330455474578
"Manager- Human Resource Management (HRM)
",0.6703240999600979
HR Officer,0.6703093713372096
AI Engineer,0.6702839421470687
HR Officer,0.6702381513625735
Data Science Engineer,0.6702319610710633
Site Engineer,0.6701474770674898
"Executive/ Senior Executive- Trade Marketing, Hygiene Products",0.6701079660732666
Database Administrator (DBA),0.670107912705316
HR Officer,0.6700924595325208
Data Science Engineer,0.6700832539675023
HR Officer,0.6700725776119628
Data Science Engineer,0.6700382919413174
HR Officer,0.6700203077469002
Sr.Officer / Executive - Internal Audit,0.6700031072851778
Database Administrator (DBA),0.6699859860908488
Data Science Engineer,0.6699829823267104
Civil Engineer,0.6699554286666927
Civil Engineer,0.6699255562588174
Data Science Engineer,0.6698839185382235
Project Coordinator (Civil),0.669865908339141
AI Engineer,0.6698056643905268
Site Engineer,0.6697901490657262
Sr.Officer / Executive - Internal Audit,0.6697797196966878
Senior iOS Engineer,0.6697372213462054
Management Trainee - Mechanical,0.669723899722384
AI Engineer,0.6696735135391124
Management Trainee - Mechanical,0.669593367371746
HR Officer,0.6695926893861642
Data Science Engineer,0.6695681078193001
Executive - VAT,0.6695551537293906
Database Administrator (DBA),0.669496699745034
Management Trainee - Mechanical,0.6694720260440469
Executive - VAT,0.6694619884424347
Data Science Engineer,0.6694426590867819
Data Engineer,0.6694087404010873
Data Science Engineer,0.6694038103014064
Site Engineer,0.6693826090072225
"Manager- Human Resource Management (HRM)
",0.6693622180845779
"Manager- Human Resource Management (HRM)
",0.669358409542914
AI Engineer,0.6693507430008044
HR Officer,0.6693472668973803
Executive - VAT,0.6693447855647151
HR Officer,0.6693444562167016
"System Administrator (Operation & Maintenance of Server, Storage & Service Desk System)",0.6693346117443952
Project Coordinator (Civil),0.669311752190379
Asst. Manager/ Manger (Administrative),0.6693008256157592
"Manager- Human Resource Management (HRM)
",0.6692795555571862
Management Trainee - Mechanical,0.6692672277759991
Asst. Manager/ Manger (Administrative),0.6692272412436395
Data Science Engineer,0.6691903182199018
Asst. Manager/ Manger (Administrative),0.6691596707521974
HR Officer,0.6691416388925074
Management Trainee - Mechanical,0.6691211099588741
"System Administrator (Operation & Maintenance of Server, Storage & Service Desk System)",0.6691151384602737
HR Officer,0.6690919089509357
AI Engineer,0.6690909998523676
HR Officer,0.6690634863477352
Data Science Engineer,0.6690243198446617
Head of Internal Control & Compliance (ICC) - SEVP/DMD,0.6690239761602748
AI Engineer,0.6690205363589654
Sr.Officer / Executive - Internal Audit,0.6690107077649737
Management Trainee - Mechanical,0.6690085440382105
Mechanical Engineer,0.668955356134025
"Manager- Human Resource Management (HRM)
",0.6689496582809642
Management Trainee - Mechanical,0.6689456716017531
AI Engineer,0.6688994828222312
Head of Internal Control & Compliance (ICC) - SEVP/DMD,0.6688519255565328
Data Science Engineer,0.6688423282840325
AI Engineer,0.6688220723965405
HR Officer,0.6688203307700257
Civil Engineer,0.6688166520927633
Mechanical Engineer,0.6688109445802726
Civil Engineer,0.6687833453859766
Civil Engineer,0.6687712683907463
HR Officer,0.6687695885347
AI Engineer,0.6687620116922848
"System Administrator (Operation & Maintenance of Server, Storage & Service Desk System)",0.66875429736833
HR Officer,0.6686529541630835
Management Trainee - Mechanical,0.6686470045966487
Database Administrator (DBA),0.6686073370920671
AI Engineer,0.6686030660963488
Data Science Engineer,0.668577098843348
Network Support Engineer,0.6685718412041172
"Manager- Human Resource Management (HRM)
",0.6685450709623377
Management Trainee - Mechanical,0.668538637393414
AI Engineer,0.6685088064256576
HR Officer,0.6685046566147399
Data Science Engineer,0.6684536176235836
Marketing Officer,0.6684172982701876
Management Trainee - Mechanical,0.6684043571997119
Senior iOS Engineer,0.6683778966611906
AI Engineer,0.668359335738846
Management Trainee - Mechanical,0.6683545450186423
"Manager- Human Resource Management (HRM)
",0.6683518300544555
Marketing Officer,0.668344715615625
HR Officer,0.6683201279363621
Head of Internal Control & Compliance (ICC) - SEVP/DMD,0.6682507615831325
AI Engineer,0.6682364568801988
Management Trainee - Mechanical,0.668218336782451
"Manager- Human Resource Management (HRM)
",0.6681710218236411
HR Officer,0.6681668412035685
HR Officer,0.6681492307697451
Data Science Engineer,0.6681460727989504
Site Engineer,0.6681382867497421
Head of Internal Control & Compliance (ICC) - SEVP/DMD,0.6681297970678995
Head of Internal Control & Compliance (ICC) - SEVP/DMD,0.668120992059341
Data Science Engineer,0.6680927730731485
HR Officer,0.6680831189499635
Database Administrator (DBA),0.6680803704153637
Business Development Executive,0.6680712987449182
HR Officer,0.6680696429071805
Network Support Engineer,0.6680691644466511
Site Engineer,0.6680534000958448
Senior iOS Engineer,0.6680524198303173
AI Engineer,0.6680205550636757
HR Officer,0.6680184152528645
Site Engineer,0.6679988283002659
Data Engineer,0.6679843873827943
Site Engineer,0.6679539843038313
"Manager- Human Resource Management (HRM)
",0.6679405127134331
Management Trainee - Mechanical,0.6679271540213533
Management Trainee - Mechanical,0.6679259236317814
Civil Engineer,0.6679227805329159
"System Administrator (Operation & Maintenance of Server, Storage & Service Desk System)",0.6678839227161018
Site Engineer,0.6678767441124382
Data Engineer,0.6678766703613876
Site Engineer,0.6678748445601248
"System Administrator (Operation & Maintenance of Server, Storage & Service Desk System)",0.6678507512878548
Asst. Manager/ Manger (Administrative),0.6678304797592604
Civil Engineer,0.6678139064905634
Database Administrator (DBA),0.6677949013450283
HR Officer,0.6677513293020725
Database Administrator (DBA),0.6677429012581565
Database Administrator (DBA),0.6677375529309545
Sr.Officer / Executive - Internal Audit,0.6677340355536098
HR Officer,0.667694181688676
Site Engineer,0.6676848134193897
Management Trainee - Mechanical,0.6676727176893158
Site Engineer,0.6676718977043277
AI Engineer,0.6676367224404006
Database Administrator (DBA),0.6675944529149014
AI Engineer,0.6675858481077354
"System Administrator (Operation & Maintenance of Server, Storage & Service Desk System)",0.6675754203578506
AI Engineer,0.667518375119875
Civil Engineer,0.6674714270139042
Senior iOS Engineer,0.6674608650412839
Site Engineer,0.6674538471178936
Site Engineer,0.6674357592122901
HR Officer,0.6674156225895169
Data Science Engineer,0.6673722985434966
Management Trainee - Mechanical,0.6673283517696312
Network Support Engineer,0.6673119337698401
Data Science Engineer,0.6672684049988985
HR Officer,0.6672348304051452
Data Science Engineer,0.6672198864059464
Senior iOS Engineer,0.6672196796385119
Data Engineer,0.6672157075074435
Data Engineer,0.667207019685501
AI Engineer,0.6671815542612872
Mechanical Engineer,0.6671400165892353
AI Engineer,0.6671261531032613
HR Officer,0.6670898712626974
"Executive/ Senior Executive- Trade Marketing, Hygiene Products",0.6670881700693905
Management Trainee - Mechanical,0.6670679875946186
"Manager- Human Resource Management (HRM)
",0.6670528408518996
AI Engineer,0.6670483702296125
HR Officer,0.6670098769530548
"Manager- Human Resource Management (HRM)
",0.6669932048106069
Network Support Engineer,0.6669285347314586
AI Engineer,0.6669150162148801
Civil Engineer,0.666880271802671
Marketing Officer,0.6668772153219406
Head of Internal Control & Compliance (ICC) - SEVP/DMD,0.666868557589332
Site Engineer,0.6668518473140166
Mechanical Engineer,0.6668383607690417
AI Engineer,0.6667506359481101
HR Officer,0.6667451928642388
Data Science Engineer,0.66673996885179
Data Science Engineer,0.6667266762378643
Senior iOS Engineer,0.6667147628153061
Business Development Executive,0.6667121105124909
Data Science Engineer,0.6666808812191203
Data Science Engineer,0.6666764140439737
Mechanical Engineer,0.6666757448459234
AI Engineer,0.6666408096574048
Civil Engineer,0.6665929022460995
Project Coordinator (Civil),0.6665882448330364
Data Engineer,0.6665727270190018
HR Officer,0.6665642011103898
Civil Engineer,0.6665181704980903
Site Engineer,0.6664506834954677
HR Officer,0.6664423805725381
"Executive/ Senior Executive- Trade Marketing, Hygiene Products",0.6663935888530841
"Manager- Human Resource Management (HRM)
",0.6663840612163646
Asst. Manager/ Manger (Administrative),0.6663737042480322
Management Trainee - Mechanical,0.6663438915706833
Data Engineer,0.6663333161240486
Project Coordinator (Civil),0.6663058146537741
Management Trainee - Mechanical,0.6663043225726702
Business Development Executive,0.6662710843529206
Civil Engineer,0.6662452709535511
Head of Internal Control & Compliance (ICC) - SEVP/DMD,0.6662105868903483
Head of Internal Control & Compliance (ICC) - SEVP/DMD,0.6661959216168352
Management Trainee - Mechanical,0.6661512759516628
Executive - VAT,0.6661155098259105
"Manager- Human Resource Management (HRM)
",0.6660798077434849
AI Engineer,0.666036614971227
Senior iOS Engineer,0.6659928325308448
Mechanical Engineer,0.6659586286495675
Data Science Engineer,0.6659461808610241
Network Support Engineer,0.6659309381222076
Management Trainee - Mechanical,0.6658640763437098
Asst. Manager/ Manger (Administrative),0.6658506571300433
Site Engineer,0.6658100029342106
Project Coordinator (Civil),0.665807158714579
Database Administrator (DBA),0.6658020138247717
AI Engineer,0.665775143744149
Head of Internal Control & Compliance (ICC) - SEVP/DMD,0.6657596320124383
Management Trainee - Mechanical,0.6657595369089775
HR Officer,0.665747281307493
Marketing Officer,0.6657131366379273
AI Engineer,0.6657117812311848
Management Trainee - Mechanical,0.6657027174080948
Senior iOS Engineer,0.6656932011273439
Civil Engineer,0.6656823228710911
AI Engineer,0.6656772846125613
HR Officer,0.6656746973792648
Site Engineer,0.665635208737374
"Executive/ Senior Executive- Trade Marketing, Hygiene Products",0.6656246938716768
HR Officer,0.6656243150468991
Management Trainee - Mechanical,0.6656138756116845
Management Trainee - Mechanical,0.6655085307737927
AI Engineer,0.6654725381027791
Management Trainee - Mechanical,0.6654614632796508
Management Trainee - Mechanical,0.6654327696757272
AI Engineer,0.6654290145636638
Data Engineer,0.6654283361075434
AI Engineer,0.6654026782060601
Data Science Engineer,0.6653581022646027
Site Engineer,0.6653508993883697
Site Engineer,0.6653484601241095
Mechanical Designer,0.6653094979807287
Management Trainee - Mechanical,0.66529309327206
AI Engineer,0.6652770713323036
Database Administrator (DBA),0.6652564744538546
AI Engineer,0.6652480446211135
Mechanical Designer,0.6652434300172463
Project Coordinator (Civil),0.665240923215046
AI Engineer,0.6652115344351022
Site Engineer,0.6651285446704668
Civil Engineer,0.665125869692671
Management Trainee - Mechanical,0.6651225305623775
Data Science Engineer,0.6651173059882503
Business Development Executive,0.6650733846347603
AI Engineer,0.6650590718166444
Data Science Engineer,0.6650552614806233
"Executive/ Senior Executive- Trade Marketing, Hygiene Products",0.6650184417749418
Business Development Executive,0.6649467342497432
Data Science Engineer,0.6649093986431804
"Executive/ Senior Executive- Trade Marketing, Hygiene Products",0.6648832096793434
Civil Engineer,0.6648391736935783
"Manager- Human Resource Management (HRM)
",0.6648048233146625
Project Coordinator (Civil),0.6647903953398301
Management Trainee - Mechanical,0.6647507797791922
"Manager- Human Resource Management (HRM)
",0.6647452023160287
Management Trainee - Mechanical,0.6647420935833391
Network Support Engineer,0.664706337757133
Project Coordinator (Civil),0.6647039133987294
HR Officer,0.6646990857492521
Senior iOS Engineer,0.6646667458313296
Data Science Engineer,0.6646413106110414
Site Engineer,0.6646401850256425
"Manager- Human Resource Management (HRM)
",0.6646300652728341
AI Engineer,0.6646270858753315
Asst. Manager/ Manger (Administrative),0.6646247145405956
Data Science Engineer,0.664617363753205
Management Trainee - Mechanical,0.664587928373415
HR Officer,0.6645741018707864
AI Engineer,0.6645460241241615
AI Engineer,0.6645405254984886
Management Trainee - Mechanical,0.6645361081843889
HR Officer,0.6645340494845012
HR Officer,0.6645340068252821
Data Engineer,0.6645271437688637
Sr.Officer / Executive - Internal Audit,0.6645047611057392
HR Officer,0.6644967544810391
AI Engineer,0.6644852656174214
"System Administrator (Operation & Maintenance of Server, Storage & Service Desk System)",0.6644622375239752
"Executive/ Senior Executive- Trade Marketing, Hygiene Products",0.6644444693282556
HR Officer,0.6644425219706078
HR Officer,0.6644412630572039
HR Officer,0.6644401477919366
AI Engineer,0.6644313750475408
Site Engineer,0.6644278784682467
Network Support Engineer,0.6643927599188598
Site Engineer,0.6643815481929798
Sr.Officer / Executive - Internal Audit,0.6643759960036727
Mechanical Engineer,0.6643689126372221
Data Science Engineer,0.6643685028098014
Project Coordinator (Civil),0.6643543594539618
AI Engineer,0.6643502807936231
Marketing Officer,0.6643255470298065
HR Officer,0.6643141079056822
AI Engineer,0.6643123376355488
AI Engineer,0.664278295273774
HR Officer,0.6642640867140813
AI Engineer,0.6642561791791936
Data Engineer,0.664253511183785
HR Officer,0.6642524273051412
Senior iOS Engineer,0.664248598983754
Site Engineer,0.6642468633768108
Project Coordinator (Civil),0.6641799670765779
Data Science Engineer,0.6641359532018766
HR Officer,0.6641224269506429
Data Science Engineer,0.6640967710574325
Management Trainee - Mechanical,0.6640663886685737
HR Officer,0.6640588023857233
"Executive/ Senior Executive- Trade Marketing, Hygiene Products",0.664055015954583
AI Engineer,0.664025472124568
Data Engineer,0.664015837862371
Sr.Officer / Executive - Internal Audit,0.6640141538971901
AI Engineer,0.663994357702299
Asst. Manager/ Manger (Administrative),0.6639910703044382
AI Engineer,0.663961456610176
Senior iOS Engineer,0.6639178037850831
Senior iOS Engineer,0.6638969163578095
"Executive/ Senior Executive- Trade Marketing, Hygiene Products",0.6638923637589204
"System Administrator (Operation & Maintenance of Server, Storage & Service Desk System)",0.6638712879337614
"Executive/ Senior Executive- Trade Marketing, Hygiene Products",0.6638563771735959
HR Officer,0.6638559645707265
Data Science Engineer,0.6638269038298232
Database Administrator (DBA),0.6637138711798308
Project Coordinator (Civil),0.6636917888290913
AI Engineer,0.6636850674295215
Senior iOS Engineer,0.6636828807448203
Executive - VAT,0.6636747362634503
Site Engineer,0.6636744468165849
Data Engineer,0.6636537388998716
Network Support Engineer,0.6636156016117027
"System Administrator (Operation & Maintenance of Server, Storage & Service Desk System)",0.6636149973859662
HR Officer,0.6635922371707702
HR Officer,0.6635746332048822
Site Engineer,0.6635716928592392
DevOps Engineer,0.6635620440696377
Data Engineer,0.6635617285594277
"Executive/ Senior Executive- Trade Marketing, Hygiene Products",0.6635407991850146
"Manager- Human Resource Management (HRM)
",0.6635385715403961
Head of Internal Control & Compliance (ICC) - SEVP/DMD,0.6635203775984542
Database Administrator (DBA),0.6635087179284422
Management Trainee - Mechanical,0.6633917828711412
Mechanical Designer,0.6633605458843177
AI Engineer,0.6633561883335131
DevOps Engineer,0.6633529195260028
HR Officer,0.6633470039309534
AI Engineer,0.6633406402044374
Mechanical Designer,0.6633323175611419
Civil Engineer,0.6633044840354116
Head of Internal Control & Compliance (ICC) - SEVP/DMD,0.6632929965401965
Project Coordinator (Civil),0.6632806552029387
HR Officer,0.6632744968889035
Network Support Engineer,0.6632737603307026
HR Officer,0.6632701726780423
Sr.Officer / Executive - Internal Audit,0.6632646572375702
HR Officer,0.6632247075080372
Management Trainee - Mechanical,0.6632103708454694
Management Trainee - Mechanical,0.6631796201356928
Project Coordinator (Civil),0.6631790566789995
Project Coordinator (Civil),0.6631543045660849
AI Engineer,0.6631512618365036
AI Engineer,0.6631378450983894
Head of Internal Control & Compliance (ICC) - SEVP/DMD,0.6630582173700488
Project Coordinator (Civil),0.6630193760141848
HR Officer,0.6629913485668983
HR Officer,0.6629636471952554
Mechanical Engineer,0.6629487962394528
Management Trainee - Mechanical,0.6628999571264111
Management Trainee - Mechanical,0.6628751925004438
"System Administrator (Operation & Maintenance of Server, Storage & Service Desk System)",0.662862527001315
Site Engineer,0.6628586482969525
Asst. Manager/ Manger (Administrative),0.6628561883174793
Civil Engineer,0.6628369342959983
HR Officer,0.6628360009531424
Data Engineer,0.6628030323202778
Asst. Manager/ Manger (Administrative),0.6627488092232746
AI Engineer,0.6627384296879956
Civil Engineer,0.6627139555701304
Senior iOS Engineer,0.6627136646638636
HR Officer,0.6627100897775274
HR Officer,0.6626917956611288
Head of Internal Control & Compliance (ICC) - SEVP/DMD,0.6626866162437745
Database Administrator (DBA),0.6625943835312502
Mechanical Engineer,0.6625855960437034
AI Engineer,0.6625559531070981
HR Officer,0.6625513016174457
Site Engineer,0.6625291570065459
Senior iOS Engineer,0.6625165567081008
Site Engineer,0.6624934931568274
AI Engineer,0.6624748470880752
Head of Internal Control & Compliance (ICC) - SEVP/DMD,0.662404121407949
Management Trainee - Mechanical,0.6623479464405719
Civil Engineer,0.6623034800853482
HR Officer,0.6622429799634262
AI Engineer,0.6622358338238805
AI Engineer,0.6622186941803083
Head of Internal Control & Compliance (ICC) - SEVP/DMD,0.6621935378695689
Mechanical Engineer,0.6621746765741212
Asst. Manager/ Manger (Administrative),0.6621415031907404
Site Engineer,0.6621366113154572
Project Coordinator (Civil),0.6621210958554247
HR Officer,0.6620774385177564
AI Engineer,0.6620578382877425
AI Engineer,0.6620477240075229
AI Engineer,0.6620175508365056
Database Administrator (DBA),0.6619951890177788
Sr.Officer / Executive - Internal Audit,0.6619861585511077
Senior iOS Engineer,0.6619707052068105
HR Officer,0.6619410203903716
Senior iOS Engineer,0.6619091187465923
Management Trainee - Mechanical,0.6619024318854764
Head of Internal Control & Compliance (ICC) - SEVP/DMD,0.6618762328023755
Mechanical Engineer,0.6618345057132692
Business Development Executive,0.6618259321402191
Civil Engineer,0.6618136306030109
HR Officer,0.6618117680032254
Head of Internal Control & Compliance (ICC) - SEVP/DMD,0.6617993202126033
"Manager- Human Resource Management (HRM)
",0.6617869750185673
AI Engineer,0.6617815723140104
Civil Engineer,0.6617615617591807
HR Officer,0.6617429713012795
HR Officer,0.6617306576797477
HR Officer,0.6617274071418152
Network Support Engineer,0.6617247867765942
AI Engineer,0.661701607336286
"Executive/ Senior Executive- Trade Marketing, Hygiene Products",0.6616990742415255
Management Trainee - Mechanical,0.6616946906562564
Mechanical Engineer,0.6616878851640006
HR Officer,0.6616790214604598
Network Support Engineer,0.6616771157039893
Management Trainee - Mechanical,0.6616398882448385
Management Trainee - Mechanical,0.6616268908981819
Management Trainee - Mechanical,0.661595469200984
Mechanical Engineer,0.661581904646584
Site Engineer,0.6615815730908028
"System Administrator (Operation & Maintenance of Server, Storage & Service Desk System)",0.6615668524279626
Sr.Officer / Executive - Internal Audit,0.6615463017761716
Management Trainee - Mechanical,0.6615402007839655
Business Development Executive,0.6615011233579757
HR Officer,0.6614664991669097
Data Engineer,0.6614602600750386
Management Trainee - Mechanical,0.6614522798803726
Management Trainee - Mechanical,0.6614193116833414
DevOps Engineer,0.6614143276740734
Project Coordinator (Civil),0.6613994450450685
AI Engineer,0.6613855516512133
AI Engineer,0.6613425954936176
Head of Internal Control & Compliance (ICC) - SEVP/DMD,0.6613203144187417
Project Coordinator (Civil),0.661290423883907
Data Engineer,0.6612392805025885
"System Administrator (Operation & Maintenance of Server, Storage & Service Desk System)",0.661236467291367
Management Trainee - Mechanical,0.6612057884425935
Civil Engineer,0.6612018888474436
"Executive/ Senior Executive- Trade Marketing, Hygiene Products",0.6611974085288402
Management Trainee - Mechanical,0.6611805605490048
AI Engineer,0.6611542983099549
Database Administrator (DBA),0.6611478958162788
HR Officer,0.6611372883228017
HR Officer,0.661075588181537
Management Trainee - Mechanical,0.6610551568560453
Head of Internal Control & Compliance (ICC) - SEVP/DMD,0.6610513411304625
Senior iOS Engineer,0.6610359314608645
"Manager- Human Resource Management (HRM)
",0.6610143608881454
Site Engineer,0.66099799137475
Management Trainee - Mechanical,0.6609864122128734
Management Trainee - Mechanical,0.6609716209367392
HR Officer,0.6609587269433256
HR Officer,0.6609540251229327
Network Support Engineer,0.6609266693314838
Data Engineer,0.6609122764987276
Site Engineer,0.6608937639865134
Project Coordinator (Civil),0.6608740990614765
AI Engineer,0.6608717536305728
"Manager- Human Resource Management (HRM)
",0.6608703432037862
Data Engineer,0.6608670727122775
HR Officer,0.6608650075444447
Asst. Manager/ Manger (Administrative),0.6608555256050594
Management Trainee - Mechanical,0.6608523375260438
Data Science Engineer,0.660848557966384
Executive - VAT,0.660835831857412
HR Officer,0.6608265490062685
Management Trainee - Mechanical,0.6607960422427779
Data Engineer,0.6607827758852007
AI Engineer,0.660782731717011
HR Officer,0.660774335936015
HR Officer,0.6607687037865946
Civil Engineer,0.6607583016750616
"Manager- Human Resource Management (HRM)
",0.6607454959890361
Management Trainee - Mechanical,0.6607314232877295
HR Officer,0.6607149437229771
AI Engineer,0.6607100908421749
HR Officer,0.6606801140423707
Business Development Executive,0.6606800886466256
Management Trainee - Mechanical,0.66065266433304
HR Officer,0.6606240312687092
"Executive/ Senior Executive- Trade Marketing, Hygiene Products",0.6605422480469584
HR Officer,0.6605304458274484
Data Science Engineer,0.6605299133369451
Mechanical Designer,0.6605166254186434
Executive - VAT,0.6605030875313936
Sr.Officer / Executive - Internal Audit,0.6604468718835795
AI Engineer,0.6603812387365802
Business Development Executive,0.6603738854908933
AI Engineer,0.6603640214507086
Business Development Executive,0.6602989597680229
HR Officer,0.6602594013379272
HR Officer,0.660254220773024
HR Officer,0.6602529036247398
Network Support Engineer,0.6602339496990426
Mechanical Designer,0.6602325725537062
Project Coordinator (Civil),0.6602127137781292
Data Science Engineer,0.6601543170993356
Business Development Executive,0.6601539876936245
"Executive/ Senior Executive- Trade Marketing, Hygiene Products",0.6601327150689462
AI Engineer,0.6601266097487102
"Manager- Human Resource Management (HRM)
",0.660119965625659
Head of Internal Control & Compliance (ICC) - SEVP/DMD,0.6601164700831761
Senior iOS Engineer,0.6601144823019778
"Manager- Human Resource Management (HRM)
",0.6600900401397147
"System Administrator (Operation & Maintenance of Server, Storage & Service Desk System)",0.6600573924208919
Head of Internal Control & Compliance (ICC) - SEVP/DMD,0.6600441588562271
Database Administrator (DBA),0.6600333989294788
AI Engineer,0.6599635070633577
Asst. Manager/ Manger (Administrative),0.659961233014785
HR Officer,0.659937138011675
Mechanical Engineer,0.6599330962369433
Data Science Engineer,0.6599254033608095
Database Administrator (DBA),0.6599190454316396
Business Development Executive,0.6598975077989508
AI Engineer,0.6598786927579636
Management Trainee - Mechanical,0.6598701424374975
Civil Engineer,0.6598450813980274
Site Engineer,0.6598344064048719
Civil Engineer,0.6598234187452268
Database Administrator (DBA),0.6597501378168105
Head of Internal Control & Compliance (ICC) - SEVP/DMD,0.6596428544320803
Business Development Executive,0.6596356583798482
Marketing Officer,0.6596307890943601
Head of Internal Control & Compliance (ICC) - SEVP/DMD,0.6596291646235234
Mechanical Designer,0.659624631669431
HR Officer,0.6596226016791691
Marketing Officer,0.6595723070127086
Data Engineer,0.6595500351592738
"Manager- Human Resource Management (HRM)
",0.6595047320222218
Data Science Engineer,0.6594892625547701
Data Engineer,0.6594429555460102
"Manager- Human Resource Management (HRM)
",0.6594422354574828
Head of Internal Control & Compliance (ICC) - SEVP/DMD,0.6594378164871977
AI Engineer,0.6594331816082393
Mechanical Engineer,0.6594287053374344
Business Development Executive,0.6594073827390005
Management Trainee - Mechanical,0.6593444988646345
HR Officer,0.6593341186661601
Asst. Manager/ Manger (Administrative),0.6593206909261718
HR Officer,0.6592943327706289
Management Trainee - Mechanical,0.6592334051409666
HR Officer,0.6592216388935128
Civil Engineer,0.6592006698805705
Senior iOS Engineer,0.6591654033742207
AI Engineer,0.6591446152660316
Senior iOS Engineer,0.6591397379107644
Mechanical Designer,0.6591313756268171
Executive - VAT,0.6591286205764205
Data Science Engineer,0.6591159834461014
Management Trainee - Mechanical,0.6591123318591485
AI Engineer,0.6590970014900398
Senior iOS Engineer,0.6590879703961045
AI Engineer,0.6590782298989664
AI Engineer,0.6590755360131421
HR Officer,0.6590560683814762
Mechanical Designer,0.6590533242681457
Site Engineer,0.6590502234237186
HR Officer,0.6590090501084441
Data Engineer,0.6589927986189084
Management Trainee - Mechanical,0.6589703765254442
AI Engineer,0.6589182843289584
Site Engineer,0.6588950433008037
HR Officer,0.6588808372236292
Head of Internal Control & Compliance (ICC) - SEVP/DMD,0.658869451595888
"System Administrator (Operation & Maintenance of Server, Storage & Service Desk System)",0.6588604369720966
Network Support Engineer,0.6588589042783715
Senior iOS Engineer,0.6588491440296562
Senior iOS Engineer,0.6588031232582118
"Executive/ Senior Executive- Trade Marketing, Hygiene Products",0.6588007315266142
HR Officer,0.6587760734315732
Site Engineer,0.6587648531621599
AI Engineer,0.6587308015632671
Management Trainee - Mechanical,0.6587281271261323
Mechanical Engineer,0.658723454182754
Site Engineer,0.6587211299686782
Management Trainee - Mechanical,0.6587182375797971
Management Trainee - Mechanical,0.6587036404695342
Data Engineer,0.6587016130333702
Management Trainee - Mechanical,0.6586935377568879
Civil Engineer,0.6586864498440664
Project Coordinator (Civil),0.6586849266786415
Project Coordinator (Civil),0.6586635276668458
Mechanical Engineer,0.6586474859857382
Project Coordinator (Civil),0.6586170779752434
Management Trainee - Mechanical,0.6586167300525172
Site Engineer,0.6586130713601214
Network Support Engineer,0.6585895185488145
"Executive/ Senior Executive- Trade Marketing, Hygiene Products",0.6585690765434313
Business Development Executive,0.6585683574168392
Management Trainee - Mechanical,0.6585652971271793
Management Trainee - Mechanical,0.65853954898752
HR Officer,0.658531534513303
HR Officer,0.6585241702024368
HR Officer,0.6585241177816549
Project Coordinator (Civil),0.658521490195927
Civil Engineer,0.6584910894421193
Management Trainee - Mechanical,0.658490792061968
HR Officer,0.6584874015608199
Mechanical Designer,0.6584743256590511
AI Engineer,0.6584560046558985
AI Engineer,0.6584327760373493
Data Science Engineer,0.6584114884402757
Project Coordinator (Civil),0.6583934722364426
Mechanical Engineer,0.6583519629252086
Management Trainee - Mechanical,0.6583494149608666
Network Support Engineer,0.6583405359499699
Civil Engineer,0.6583174777639281
Management Trainee - Mechanical,0.6583003290459823
Data Science Engineer,0.6582861938941845
Management Trainee - Mechanical,0.6582781705137526
Site Engineer,0.6582696278123424
Site Engineer,0.6582645241630465
Data Engineer,0.6582571286591935
Senior iOS Engineer,0.6582531695695457
AI Engineer,0.6582468789466279
Database Administrator (DBA),0.6582360491227206
"System Administrator (Operation & Maintenance of Server, Storage & Service Desk System)",0.6582210119759725
Management Trainee - Mechanical,0.6581054381206627
Sr.Officer / Executive - Internal Audit,0.6580866176955346
Business Development Executive,0.6580855869331457
HR Officer,0.658075611573724
Site Engineer,0.6580699567182624
Senior iOS Engineer,0.6580664626324516
Senior iOS Engineer,0.6580549270103995
HR Officer,0.6580545479714647
HR Officer,0.6580443594149329
Network Support Engineer,0.658034960664291
Mechanical Designer,0.6580235160088714
HR Officer,0.6580001537156831
Asst. Manager/ Manger (Administrative),0.6579943699123518
Mechanical Designer,0.6579928254970765
"Executive/ Senior Executive- Trade Marketing, Hygiene Products",0.657989069573629
Management Trainee - Mechanical,0.6579651486026359
Head of Internal Control & Compliance (ICC) - SEVP/DMD,0.6579628206338386
Management Trainee - Mechanical,0.6579618289394549
HR Officer,0.657957869306263
Civil Engineer,0.6578939769534583
AI Engineer,0.6578341423452573
HR Officer,0.6578102388513163
HR Officer,0.6578057496620678
Head of Internal Control & Compliance (ICC) - SEVP/DMD,0.6577908553629664
Database Administrator (DBA),0.6577830940636139
HR Officer,0.6577684931934016
Civil Engineer,0.657737597537725
"Manager- Human Resource Management (HRM)
",0.6577327781750266
HR Officer,0.6577233500909919
"Executive/ Senior Executive- Trade Marketing, Hygiene Products",0.6577012232664697
AI Engineer,0.657699610331073
Data Engineer,0.6576534621598886
Data Engineer,0.6576460506972595
Data Science Engineer,0.6576311004662929
AI Engineer,0.6576155654103027
Asst. Manager/ Manger (Administrative),0.6575925855386134
"Executive/ Senior Executive- Trade Marketing, Hygiene Products",0.6575736508568895
Mechanical Engineer,0.6575729207805086
Data Science Engineer,0.6575552036014058
AI Engineer,0.6575473235825021
"System Administrator (Operation & Maintenance of Server, Storage & Service Desk System)",0.6575263760420293
Data Engineer,0.6575143091556837
HR Officer,0.6575091617197577
Site Engineer,0.6574140922694222
Mechanical Designer,0.6573942790472908
Management Trainee - Mechanical,0.6573934253269393
DevOps Engineer,0.6573759038751732
Civil Engineer,0.6573727968149791
Senior iOS Engineer,0.6572859586111162
HR Officer,0.65725573298964
Mechanical Engineer,0.6572104825294449
Sr.Officer / Executive - Internal Audit,0.6572067505186941
Asst. Manager/ Manger (Administrative),0.6571922201364511
AI Engineer,0.6571628287806359
Civil Engineer,0.6571587485066641
HR Officer,0.6571512837658371
Business Development Executive,0.6571121527497888
Project Coordinator (Civil),0.6570963819619875
HR Officer,0.6570925149076883
"System Administrator (Operation & Maintenance of Server, Storage & Service Desk System)",0.6570899775478882
Management Trainee - Mechanical,0.6570899170373046
HR Officer,0.6570839245994605
HR Officer,0.6570225649871535
Data Engineer,0.6569891659627202
Management Trainee - Mechanical,0.6569792119784492
Head of Internal Control & Compliance (ICC) - SEVP/DMD,0.6569527560093015
Business Development Executive,0.656944917342399
HR Officer,0.656928616644703
HR Officer,0.6569095928820274
Project Coordinator (Civil),0.6568901470553196
Mechanical Engineer,0.6568551067447195
Asst. Manager/ Manger (Administrative),0.6568455465164267
Civil Engineer,0.6568301724628564
Business Development Executive,0.656802644948662
HR Officer,0.6567984331693051
Data Engineer,0.6567967402926156
HR Officer,0.656789289128047
"Executive/ Senior Executive- Trade Marketing, Hygiene Products",0.656789008884977
HR Officer,0.6567887648606117
AI Engineer,0.6567743811811365
Mechanical Engineer,0.6567403301692885
HR Officer,0.6567302682547103
Sr.Officer / Executive - Internal Audit,0.6567196547594842
Management Trainee - Mechanical,0.656704826622877
Network Support Engineer,0.6566802583130263
Executive - VAT,0.656670000367165
Management Trainee - Mechanical,0.6566585580187302
Project Coordinator (Civil),0.6566196734526085
HR Officer,0.6566136078435366
Head of Internal Control & Compliance (ICC) - SEVP/DMD,0.656592854627795
HR Officer,0.6565763839642659
Head of Internal Control & Compliance (ICC) - SEVP/DMD,0.6565472643119248
HR Officer,0.6565286133418333
Data Engineer,0.6565183672919276
AI Engineer,0.6565137647984479
Project Coordinator (Civil),0.6564912755574213
Head of Internal Control & Compliance (ICC) - SEVP/DMD,0.6564833415503549
Business Development Executive,0.6564711328219941
Asst. Manager/ Manger (Administrative),0.6564655367109246
Data Science Engineer,0.6564613692296795
HR Officer,0.656420946025665
Network Support Engineer,0.6564179367191615
"System Administrator (Operation & Maintenance of Server, Storage & Service Desk System)",0.6563984243123981
Site Engineer,0.6563654542426397
Senior iOS Engineer,0.6563599001058311
Asst. Manager/ Manger (Administrative),0.6563558372794299
Senior iOS Engineer,0.656349743841401
AI Engineer,0.6563264382365646
"System Administrator (Operation & Maintenance of Server, Storage & Service Desk System)",0.6563221611632607
Database Administrator (DBA),0.6562541015539931
Management Trainee - Mechanical,0.656221978205274
Database Administrator (DBA),0.6562076685887088
"Manager- Human Resource Management (HRM)
",0.656203736313629
HR Officer,0.656201341125643
Project Coordinator (Civil),0.6561916021783885
Database Administrator (DBA),0.6561842509672926
Project Coordinator (Civil),0.6561653908067089
Asst. Manager/ Manger (Administrative),0.6561366763785503
Data Engineer,0.6561336169558549
Marketing Officer,0.6561291104497119
Database Administrator (DBA),0.6561093158849585
HR Officer,0.6560617064284859
HR Officer,0.656045088552496
HR Officer,0.6560194857807554
Management Trainee - Mechanical,0.6560101986971537
"System Administrator (Operation & Maintenance of Server, Storage & Service Desk System)",0.65593244762356
Project Coordinator (Civil),0.6559129431516356
Management Trainee - Mechanical,0.6559028942298902
Database Administrator (DBA),0.6558941072923641
Asst. Manager/ Manger (Administrative),0.6558699846124327
Sr.Officer / Executive - Internal Audit,0.6558661609565285
Database Administrator (DBA),0.6558349091425117
"Executive/ Senior Executive- Trade Marketing, Hygiene Products",0.6558294776648592
Mechanical Designer,0.6558235029855951
HR Officer,0.6558176878408145
Site Engineer,0.6558098222814426
Data Science Engineer,0.6557994778083653
Site Engineer,0.6557669594304719
AI Engineer,0.6557443426265064
Management Trainee - Mechanical,0.6557422719619455
HR Officer,0.6557318786605214
HR Officer,0.6556794281393292
Data Engineer,0.6556299996783796
AI Engineer,0.6556166785146055
Management Trainee - Mechanical,0.6555846209108851
AI Engineer,0.6555680069582536
Asst. Manager/ Manger (Administrative),0.6555472939892323
Database Administrator (DBA),0.6555467229413783
Civil Engineer,0.6555268873539906
Mechanical Engineer,0.6555230886523753
Data Science Engineer,0.6555115023659956
HR Officer,0.6555085503217035
Head of Internal Control & Compliance (ICC) - SEVP/DMD,0.655481929840569
Management Trainee - Mechanical,0.6554816070388636
Asst. Manager/ Manger (Administrative),0.6554266164256267
"Executive/ Senior Executive- Trade Marketing, Hygiene Products",0.6553835332463793
Mechanical Engineer,0.6553766490645012
HR Officer,0.6553744733544402
HR Officer,0.6553657706279147
DevOps Engineer,0.6553600322877278
Management Trainee - Mechanical,0.6553469284856882
Asst. Manager/ Manger (Administrative),0.6553333205956882
HR Officer,0.6553312921949993
Management Trainee - Mechanical,0.6553233283316837
"Executive/ Senior Executive- Trade Marketing, Hygiene Products",0.6553086552130822
Data Engineer,0.65529406425494
DevOps Engineer,0.6552724818915566
Site Engineer,0.655240793004737
"Manager- Human Resource Management (HRM)
",0.6552255686746329
Head of Internal Control & Compliance (ICC) - SEVP/DMD,0.655212932862414
Head of Internal Control & Compliance (ICC) - SEVP/DMD,0.6551971627185919
AI Engineer,0.6551942689333942
Management Trainee - Mechanical,0.6551856250482494
Database Administrator (DBA),0.6551833932597749
HR Officer,0.6551237781106237
"Executive/ Senior Executive- Trade Marketing, Hygiene Products",0.6551164781017711
Asst. Manager/ Manger (Administrative),0.6550881144151173
DevOps Engineer,0.6550565270246583
"Manager- Human Resource Management (HRM)
",0.6550537799332689
Site Engineer,0.6550493761361011
HR Officer,0.6550472078877229
Senior iOS Engineer,0.6550194405782271
Data Science Engineer,0.6550061794861995
Data Science Engineer,0.6549857606837906
"System Administrator (Operation & Maintenance of Server, Storage & Service Desk System)",0.6549529840649099
HR Officer,0.654943466376166
"Manager- Human Resource Management (HRM)
",0.6549317949695732
Head of Internal Control & Compliance (ICC) - SEVP/DMD,0.6548678482433383
AI Engineer,0.6548418415746733
Marketing Officer,0.6548261048770913
Senior iOS Engineer,0.6548221267758775
Sr.Officer / Executive - Internal Audit,0.6548167371569903
AI Engineer,0.654810851977985
Mechanical Engineer,0.654807828122123
Mechanical Designer,0.6547912422939848
HR Officer,0.6547679982806187
Senior iOS Engineer,0.654751672446325
"Executive/ Senior Executive- Trade Marketing, Hygiene Products",0.6547476388394006
Database Administrator (DBA),0.6547464487412338
Mechanical Engineer,0.6547329184168934
Network Support Engineer,0.654704802838232
Civil Engineer,0.6546572996281054
HR Officer,0.6546426499597724
Asst. Manager/ Manger (Administrative),0.6546187107469734
HR Officer,0.6546172492816437
"Executive/ Senior Executive- Trade Marketing, Hygiene Products",0.6546002779434413
Project Coordinator (Civil),0.6545992261330482
Head of Internal Control & Compliance (ICC) - SEVP/DMD,0.6545898150948284
Management Trainee - Mechanical,0.6545896407119451
AI Engineer,0.6545679002071648
Network Support Engineer,0.6545636320418713
Site Engineer,0.6545576565360709
Site Engineer,0.6545542297008523
AI Engineer,0.6545454060389388
Head of Internal Control & Compliance (ICC) - SEVP/DMD,0.654497885994298
"Manager- Human Resource Management (HRM)
",0.6544916124612301
AI Engineer,0.6544888471428172
AI Engineer,0.6544775060331367
Management Trainee - Mechanical,0.6544541229818321
HR Officer,0.6544512981867643
Civil Engineer,0.6544394621556553
HR Officer,0.6544377109310764
HR Officer,0.6544176582038859
"Manager- Human Resource Management (HRM)
",0.654414414326371
Database Administrator (DBA),0.6544079294793873
Management Trainee - Mechanical,0.6544039950597821
Senior iOS Engineer,0.6543710631642795
Head of Internal Control & Compliance (ICC) - SEVP/DMD,0.6543644296015391
Project Coordinator (Civil),0.6542978305549515
"Executive/ Senior Executive- Trade Marketing, Hygiene Products",0.654294699316044
Civil Engineer,0.6542911003258141
"System Administrator (Operation & Maintenance of Server, Storage & Service Desk System)",0.6542819091728552
HR Officer,0.6542662845348434
Civil Engineer,0.6542396195793575
HR Officer,0.6542372405938767
Senior iOS Engineer,0.6542304538265784
Network Support Engineer,0.6542291718671396
Civil Engineer,0.65422463189064
Business Development Executive,0.6542084276571526
Civil Engineer,0.6541865232614131
HR Officer,0.6541842420571445
Management Trainee - Mechanical,0.6541368565649699
AI Engineer,0.6541148055845847
Data Science Engineer,0.6541143197781544
Business Development Executive,0.6540927724885157
HR Officer,0.6540593717461843
Mechanical Engineer,0.6540573748790696
Business Development Executive,0.6540496089598041
Business Development Executive,0.6540269397011843
Data Science Engineer,0.6540106205266357
Management Trainee - Mechanical,0.654010052394634
Business Development Executive,0.653996032591323
Data Engineer,0.6539909596515026
Project Coordinator (Civil),0.6539819216314785
Senior iOS Engineer,0.653978314789907
Senior iOS Engineer,0.6539534307473002
Asst. Manager/ Manger (Administrative),0.6539384077132758
Senior iOS Engineer,0.6539333580787431
AI Engineer,0.6539256467127221
Management Trainee - Mechanical,0.6539159579970409
HR Officer,0.653910214156045
Site Engineer,0.6539032426719662
Management Trainee - Mechanical,0.653901027189215
Database Administrator (DBA),0.653868220125515
Head of Internal Control & Compliance (ICC) - SEVP/DMD,0.6538531071526864
Civil Engineer,0.6538329718234311
Project Coordinator (Civil),0.6537907257962988
Business Development Executive,0.65378319372425
HR Officer,0.6537657562283343
Database Administrator (DBA),0.6537640122108731
Project Coordinator (Civil),0.6537573939686968
Management Trainee - Mechanical,0.6537374509403509
Network Support Engineer,0.6537305717707875
"Manager- Human Resource Management (HRM)
",0.6537117798083036
Management Trainee - Mechanical,0.6537017044470156
HR Officer,0.6536949260126615
Database Administrator (DBA),0.6536855325951909
"Executive/ Senior Executive- Trade Marketing, Hygiene Products",0.6536671178559108
Mechanical Engineer,0.6536462178781834
Data Science Engineer,0.653641718199533
Database Administrator (DBA),0.6536246475914134
"System Administrator (Operation & Maintenance of Server, Storage & Service Desk System)",0.6536238568325736
Civil Engineer,0.653613257637243
Site Engineer,0.653610842920088
HR Officer,0.6536075700177131
HR Officer,0.6535909018997381
Site Engineer,0.6535809944986023
Executive - VAT,0.6535800471002494
Data Science Engineer,0.6535723708451316
HR Officer,0.6535471017120225
AI Engineer,0.65353904022926
Data Science Engineer,0.653535575243612
Site Engineer,0.6535284592865281
Site Engineer,0.6535222370418834
Data Engineer,0.6534989780432245
AI Engineer,0.6534668871482832
Mechanical Engineer,0.6534473590299273
Data Engineer,0.6534252288140509
AI Engineer,0.6534108956774111
Data Science Engineer,0.6534056184856636
DevOps Engineer,0.6534037577724207
Database Administrator (DBA),0.6533932396014395
Network Support Engineer,0.6533887460089097
Data Science Engineer,0.6533858782313042
HR Officer,0.6533557218840416
AI Engineer,0.6533238438288059
Data Engineer,0.6533222226889086
Senior iOS Engineer,0.653315724603938
Site Engineer,0.6533081917592372
Sr.Officer / Executive - Internal Audit,0.6532989990141896
Senior iOS Engineer,0.6532929621867433
Senior iOS Engineer,0.6532857486039927
Database Administrator (DBA),0.6532738853610749
"System Administrator (Operation & Maintenance of Server, Storage & Service Desk System)",0.6532715436477484
Site Engineer,0.6532655086081082
Sr.Officer / Executive - Internal Audit,0.6532486427050714
Site Engineer,0.6532343577351287
Senior iOS Engineer,0.6532279295636256
HR Officer,0.6532261206070809
Data Science Engineer,0.6531912525732512
Project Coordinator (Civil),0.6531878319304558
Data Engineer,0.6531800038994907
Asst. Manager/ Manger (Administrative),0.6531753826351938
Project Coordinator (Civil),0.6531625808470866
Head of Internal Control & Compliance (ICC) - SEVP/DMD,0.6531518829470189
AI Engineer,0.6531512099674808
Project Coordinator (Civil),0.6531456537850141
Network Support Engineer,0.6531384451439157
Asst. Manager/ Manger (Administrative),0.6531318303470472
HR Officer,0.6531071193911195
Asst. Manager/ Manger (Administrative),0.6530993232836587
Executive - VAT,0.653085956222394
Data Engineer,0.6530786789654631
HR Officer,0.6530668535548222
Management Trainee - Mechanical,0.6530637181433995
Senior iOS Engineer,0.6530580213894017
Mechanical Designer,0.6530531178524243
Asst. Manager/ Manger (Administrative),0.6530502652560491
Data Engineer,0.653034456386292
HR Officer,0.6530163250547841
Asst. Manager/ Manger (Administrative),0.6530122582469164
Data Science Engineer,0.6530101803804684
Business Development Executive,0.6530075813944565
HR Officer,0.652991568097188
Data Engineer,0.6529894713984414
HR Officer,0.6529884556899517
Mechanical Designer,0.6529753589740328
HR Officer,0.6529709633318455
Business Development Executive,0.6529554650515176
"Manager- Human Resource Management (HRM)
",0.6529093336943835
Data Engineer,0.6528970890023823
HR Officer,0.6528931656550113
Business Development Executive,0.6528880107957544
Head of Internal Control & Compliance (ICC) - SEVP/DMD,0.6528625922502043
"Executive/ Senior Executive- Trade Marketing, Hygiene Products",0.6528606843879541
Marketing Officer,0.6528527140583953
HR Officer,0.6528392464599515
Network Support Engineer,0.6527781251993765
AI Engineer,0.652775091678802
Project Coordinator (Civil),0.6527673626211413
Site Engineer,0.652766803276737
HR Officer,0.6527152370600937
HR Officer,0.6527067176489185
Data Science Engineer,0.6526684975164844
HR Officer,0.6526632297762444
Marketing Officer,0.6526603081299283
"Executive/ Senior Executive- Trade Marketing, Hygiene Products",0.6526271598256528
HR Officer,0.6526237559107679
Project Coordinator (Civil),0.6526175145586762
HR Officer,0.652599919483645
HR Officer,0.6525297694116684
HR Officer,0.6525145813954119
HR Officer,0.6524748603936851
Site Engineer,0.6524630112197978
HR Officer,0.6524226657607953
DevOps Engineer,0.6524018626748308
Senior iOS Engineer,0.6523750403096016
"Manager- Human Resource Management (HRM)
",0.6523731743553125
Management Trainee - Mechanical,0.652361509004122
Data Science Engineer,0.652342277653383
HR Officer,0.6523374756827339
Business Development Executive,0.6523322263895186
"System Administrator (Operation & Maintenance of Server, Storage & Service Desk System)",0.6522990328795865
HR Officer,0.6522782757276588
Management Trainee - Mechanical,0.6522760405982906
Site Engineer,0.6522722660199192
Senior iOS Engineer,0.6522618219254462
"System Administrator (Operation & Maintenance of Server, Storage & Service Desk System)",0.6521907591633381
"Executive/ Senior Executive- Trade Marketing, Hygiene Products",0.6521678094446851
"Manager- Human Resource Management (HRM)
",0.6521516402437526
HR Officer,0.6521445261321968
DevOps Engineer,0.6521323100157013
Project Coordinator (Civil),0.6521022786695277
Data Engineer,0.6520693320116145
Senior iOS Engineer,0.6520691506068315
HR Officer,0.6520579999288987
Management Trainee - Mechanical,0.6520561708090844
Mechanical Designer,0.6520545539494007
Site Engineer,0.6520521877298822
HR Officer,0.652049267288776
Marketing Officer,0.6520490428880112
Head of Internal Control & Compliance (ICC) - SEVP/DMD,0.6520217985340995
"System Administrator (Operation & Maintenance of Server, Storage & Service Desk System)",0.6520211342609594
Data Engineer,0.6519599377143973
Mechanical Designer,0.6519431139298286
Mechanical Designer,0.6519358183800091
Mechanical Engineer,0.6519003814362846
Management Trainee - Mechanical,0.6518941349761039
Data Science Engineer,0.6518765987047823
DevOps Engineer,0.6518597803063945
Civil Engineer,0.6518499768294926
Asst. Manager/ Manger (Administrative),0.6518212452970502
Site Engineer,0.6518196400332134
Business Development Executive,0.6518156505389295
Head of Internal Control & Compliance (ICC) - SEVP/DMD,0.6518122201984643
"System Administrator (Operation & Maintenance of Server, Storage & Service Desk System)",0.651801275118681
Asst. Manager/ Manger (Administrative),0.6517706504618883
Sr.Officer / Executive - Internal Audit,0.6517691236547892
"Executive/ Senior Executive- Trade Marketing, Hygiene Products",0.6517422259205549
Business Development Executive,0.6517359772477078
Site Engineer,0.6517270227687578
HR Officer,0.6517231561097895
Site Engineer,0.6516994134982925
Senior iOS Engineer,0.6516721615271774
AI Engineer,0.6516521139830762
Business Development Executive,0.6516440130786574
AI Engineer,0.6516243053900972
HR Officer,0.6516024680725189
HR Officer,0.6515992376486767
HR Officer,0.6515850490405528
Business Development Executive,0.6515698128131597
Civil Engineer,0.6515648649655212
"Executive/ Senior Executive- Trade Marketing, Hygiene Products",0.6515596314536944
Management Trainee - Mechanical,0.6515513420602431
HR Officer,0.6515298140886288
Sr.Officer / Executive - Internal Audit,0.6515292266466448
HR Officer,0.6515275097067947
Management Trainee - Mechanical,0.6515128431208683
Sr.Officer / Executive - Internal Audit,0.6515085060587189
Head of Internal Control & Compliance (ICC) - SEVP/DMD,0.6514953801148895
HR Officer,0.6514832628527495
Data Science Engineer,0.6514808434925785
Data Engineer,0.6514675637728528
HR Officer,0.6514514693014795
Head of Internal Control & Compliance (ICC) - SEVP/DMD,0.6514511652371696
Data Engineer,0.6514289342585202
HR Officer,0.6514227213008876
Management Trainee - Mechanical,0.6514158244900679
HR Officer,0.6514080818328064
Site Engineer,0.6514048213777451
Civil Engineer,0.651391537237559
HR Officer,0.6513855000974155
HR Officer,0.651385008540698
HR Officer,0.6513803957833244
HR Officer,0.6513723909730376
AI Engineer,0.6513329225791115
Site Engineer,0.6513321676960165
HR Officer,0.6513011451626015
Senior iOS Engineer,0.6512870127479072
Network Support Engineer,0.6512497924459097
Mechanical Engineer,0.6512407025573813
Senior iOS Engineer,0.6512252807237928
"System Administrator (Operation & Maintenance of Server, Storage & Service Desk System)",0.6512250488245569
Management Trainee - Mechanical,0.6511950992292262
Data Science Engineer,0.6511816448698713
Asst. Manager/ Manger (Administrative),0.6511786505155016
HR Officer,0.6511758036312127
Project Coordinator (Civil),0.6511755908493306
Data Engineer,0.6511462479192105
Mechanical Designer,0.6511007602574481
Business Development Executive,0.6510940585749599
HR Officer,0.651091212383296
Management Trainee - Mechanical,0.6510748117699435
HR Officer,0.6510740120118435
Asst. Manager/ Manger (Administrative),0.6510653527084164
HR Officer,0.6510530638199087
Site Engineer,0.6510204714437212
Marketing Officer,0.6510163885765999
Network Support Engineer,0.6510158516091105
Asst. Manager/ Manger (Administrative),0.6510085874150545
HR Officer,0.6509794036384284
Senior iOS Engineer,0.6509681573825039
HR Officer,0.6509636534550971
Mechanical Engineer,0.6509264101028088
Data Science Engineer,0.6509167364432336
Mechanical Engineer,0.6509117282647161
Database Administrator (DBA),0.6509037230366242
Project Coordinator (Civil),0.650897500475958
Asst. Manager/ Manger (Administrative),0.6508776552935954
HR Officer,0.650868963608193
HR Officer,0.6508586979085841
Business Development Executive,0.6508189128882584
Database Administrator (DBA),0.6508123656821913
Asst. Manager/ Manger (Administrative),0.6508066859541283
Data Science Engineer,0.6507968623016032
Management Trainee - Mechanical,0.6507864227764182
Network Support Engineer,0.6507125908787872
"System Administrator (Operation & Maintenance of Server, Storage & Service Desk System)",0.6506985282847368
"Manager- Human Resource Management (HRM)
",0.6506974540621627
Head of Internal Control & Compliance (ICC) - SEVP/DMD,0.650696076667242
Senior iOS Engineer,0.6506923939410404
Civil Engineer,0.6506860418114717
"Manager- Human Resource Management (HRM)
",0.6506351472209917
HR Officer,0.6506265446729914
"Executive/ Senior Executive- Trade Marketing, Hygiene Products",0.650601599480688
Management Trainee - Mechanical,0.6505768620993639
HR Officer,0.6505670282892161
Head of Internal Control & Compliance (ICC) - SEVP/DMD,0.6505476842721842
Data Engineer,0.6505327823498226
Mechanical Engineer,0.650514695761541
Network Support Engineer,0.6505017031772036
Business Development Executive,0.6504978325806984
AI Engineer,0.6504566181325933
Management Trainee - Mechanical,0.6504337376210912
HR Officer,0.6504314645507303
Network Support Engineer,0.6504070213360482
Data Engineer,0.65036555811275
Data Science Engineer,0.6503648476184616
Management Trainee - Mechanical,0.6503454841798247
"Manager- Human Resource Management (HRM)
",0.6502829415378861
Business Development Executive,0.650270000815664
Business Development Executive,0.6502670620530943
"Manager- Human Resource Management (HRM)
",0.6502288859147011
Site Engineer,0.650205476207923
Management Trainee - Mechanical,0.6502025104275068
Business Development Executive,0.6502022847478215
HR Officer,0.6502022022261241
Civil Engineer,0.6501975097511382
Network Support Engineer,0.6501940728792661
Asst. Manager/ Manger (Administrative),0.6501874614147675
Data Engineer,0.6501734840870753
HR Officer,0.6501562430709167
Site Engineer,0.650120394081959
Business Development Executive,0.6501113449789664
Asst. Manager/ Manger (Administrative),0.650090432496801
Database Administrator (DBA),0.6500857446958632
Site Engineer,0.6500835653354973
"Manager- Human Resource Management (HRM)
",0.6500623948904445
Database Administrator (DBA),0.6500452915321187
Asst. Manager/ Manger (Administrative),0.6500180537045203
Senior iOS Engineer,0.6500117465797224
Data Engineer,0.6500014458012342
Management Trainee - Mechanical,0.6500013116462154
Civil Engineer,0.649991743258524
Senior iOS Engineer,0.6499866129142851
Management Trainee - Mechanical,0.6499747553624488
Civil Engineer,0.6499745657448841
Business Development Executive,0.6499531505466682
Data Science Engineer,0.649941513272051
Mechanical Engineer,0.6499286866330924
Site Engineer,0.6499246181214879
Site Engineer,0.6498927618771431
Civil Engineer,0.6498670402028672
Database Administrator (DBA),0.6498587834873435
Project Coordinator (Civil),0.6498494155695951
Data Science Engineer,0.6498269065656443
Senior iOS Engineer,0.6498090720064765
Project Coordinator (Civil),0.649794607499688
Business Development Executive,0.6497763388811989
Senior iOS Engineer,0.6497502829732076
Asst. Manager/ Manger (Administrative),0.6497389783097223
Management Trainee - Mechanical,0.6497375059201296
Network Support Engineer,0.6496817543635574
HR Officer,0.6496669037502573
Head of Internal Control & Compliance (ICC) - SEVP/DMD,0.6496635268673472
Sr.Officer / Executive - Internal Audit,0.6496576263311765
HR Officer,0.6496567630166494
Database Administrator (DBA),0.6496486637154487
Asst. Manager/ Manger (Administrative),0.6496123685119033
Data Science Engineer,0.6495942392522094
Project Coordinator (Civil),0.6495936471623792
Senior iOS Engineer,0.6495597373656815
Data Engineer,0.6495320915566932
Site Engineer,0.6495186347350289
Civil Engineer,0.6495132330372952
Business Development Executive,0.649511434190226
Business Development Executive,0.649483358171544
Data Engineer,0.6494689576585305
"Executive/ Senior Executive- Trade Marketing, Hygiene Products",0.6494671125367835
Asst. Manager/ Manger (Administrative),0.6494591201707449
Project Coordinator (Civil),0.6494351109603208
HR Officer,0.6494227412823893
Marketing Officer,0.6494164876436634
Sr.Officer / Executive - Internal Audit,0.649402065735659
Business Development Executive,0.6493990845662461
HR Officer,0.6493846265863202
"Executive/ Senior Executive- Trade Marketing, Hygiene Products",0.6493723880742226
HR Officer,0.6493709322906812
Database Administrator (DBA),0.6493684053966214
Asst. Manager/ Manger (Administrative),0.6493515594927769
HR Officer,0.6493249024851321
Marketing Officer,0.6493181341486242
Data Science Engineer,0.6492920070779206
Data Science Engineer,0.6492645678638795
Site Engineer,0.6492433819707146
Civil Engineer,0.6492427852946993
AI Engineer,0.6492296653679752
Data Science Engineer,0.6492172830041911
Network Support Engineer,0.649170354678261
"Manager- Human Resource Management (HRM)
",0.6491275216624429
Civil Engineer,0.6491135184114802
Data Science Engineer,0.6491129364553435
Site Engineer,0.6491128638418543
Mechanical Engineer,0.6491052055190251
Mechanical Engineer,0.6490951514880382
"Manager- Human Resource Management (HRM)
",0.6490587894780746
"Executive/ Senior Executive- Trade Marketing, Hygiene Products",0.6490515260485923
Mechanical Designer,0.6489935782437933
Mechanical Engineer,0.6489732534799291
Project Coordinator (Civil),0.6489687265646398
Business Development Executive,0.6489678762344933
"Executive/ Senior Executive- Trade Marketing, Hygiene Products",0.6489577919804702
Site Engineer,0.6489412440210691
Senior iOS Engineer,0.6489193399326143
"Executive/ Senior Executive- Trade Marketing, Hygiene Products",0.6489181451932589
Asst. Manager/ Manger (Administrative),0.6489096585669907
Network Support Engineer,0.6489018236170632
Business Development Executive,0.6488940907734819
Asst. Manager/ Manger (Administrative),0.6488922320306038
"Executive/ Senior Executive- Trade Marketing, Hygiene Products",0.648889404953592
Civil Engineer,0.6488426788687479
Database Administrator (DBA),0.6488367520628878
Data Engineer,0.6488170740484943
Management Trainee - Mechanical,0.6488050201113069
HR Officer,0.6487952188905546
Database Administrator (DBA),0.6487896951885641
Network Support Engineer,0.6487888731205509
Civil Engineer,0.6487793788526325
"Manager- Human Resource Management (HRM)
",0.6487720421014892
"Executive/ Senior Executive- Trade Marketing, Hygiene Products",0.6487713403585778
Business Development Executive,0.6487655213702874
Asst. Manager/ Manger (Administrative),0.648683591493943
DevOps Engineer,0.6486829847425319
Mechanical Engineer,0.6486605466225693
Asst. Manager/ Manger (Administrative),0.6486576395749316
Project Coordinator (Civil),0.6486211188175679
Marketing Officer,0.6486052912413476
Civil Engineer,0.6486044798138534
"Manager- Human Resource Management (HRM)
",0.6485893538702111
Data Science Engineer,0.6485846454220163
Sr.Officer / Executive - Internal Audit,0.6485723167719609
DevOps Engineer,0.6485698744020685
Site Engineer,0.6485595555840327
Civil Engineer,0.6485471153558796
Asst. Manager/ Manger (Administrative),0.6485270155120278
Database Administrator (DBA),0.648520699132134
Site Engineer,0.6485128213493477
Sr.Officer / Executive - Internal Audit,0.6485006695087852
"Manager- Human Resource Management (HRM)
",0.6484450956862449
"Executive/ Senior Executive- Trade Marketing, Hygiene Products",0.6484208948858112
Network Support Engineer,0.6484053368353995
Asst. Manager/ Manger (Administrative),0.6483967493545276
Project Coordinator (Civil),0.6483832008908954
Executive - VAT,0.6483813289970201
Mechanical Designer,0.6483766536671512
"Executive/ Senior Executive- Trade Marketing, Hygiene Products",0.6483736718857342
Senior iOS Engineer,0.6483309892596346
Data Engineer,0.64832688100402
"System Administrator (Operation & Maintenance of Server, Storage & Service Desk System)",0.6483180300973626
Asst. Manager/ Manger (Administrative),0.6483071799496257
Civil Engineer,0.6482696151334573
Site Engineer,0.6482618279039146
"System Administrator (Operation & Maintenance of Server, Storage & Service Desk System)",0.6482462040841952
Mechanical Engineer,0.6482455168582878
Senior iOS Engineer,0.6481840651833257
Business Development Executive,0.6481602288834604
AI Engineer,0.6481536775870471
Mechanical Designer,0.6481493207881528
Data Science Engineer,0.6481390205355154
Data Engineer,0.6481333279689299
Site Engineer,0.6481302004325894
"System Administrator (Operation & Maintenance of Server, Storage & Service Desk System)",0.6481084131913515
Civil Engineer,0.6481064365710396
Database Administrator (DBA),0.6480498225424655
Data Science Engineer,0.6480395340864192
Project Coordinator (Civil),0.6479958523334897
Civil Engineer,0.6479469795831571
Network Support Engineer,0.6479437695632921
"Manager- Human Resource Management (HRM)
",0.6479126037219842
Network Support Engineer,0.647905998402562
Data Engineer,0.6478993162536323
"System Administrator (Operation & Maintenance of Server, Storage & Service Desk System)",0.6478709520880068
Senior iOS Engineer,0.6478502944251819
Mechanical Engineer,0.6478289103158178
"Executive/ Senior Executive- Trade Marketing, Hygiene Products",0.6478252559105003
"System Administrator (Operation & Maintenance of Server, Storage & Service Desk System)",0.6478098036007486
AI Engineer,0.6477954169292839
"Manager- Human Resource Management (HRM)
",0.6477750825664672
Project Coordinator (Civil),0.6477730605442513
Management Trainee - Mechanical,0.6477702144633274
HR Officer,0.6477626021236641
Data Science Engineer,0.6477585327647302
Senior iOS Engineer,0.6477490057904205
Business Development Executive,0.6477314822161114
Business Development Executive,0.6477112574327526
Data Engineer,0.6476989327599058
Data Engineer,0.6476875655117126
Asst. Manager/ Manger (Administrative),0.6476737886948678
Business Development Executive,0.6476702526675802
Project Coordinator (Civil),0.6476101756066491
HR Officer,0.6476093383096594
Data Science Engineer,0.6475715061645652
Mechanical Designer,0.647541431118999
Site Engineer,0.6475237209616141
Database Administrator (DBA),0.6475117728342539
Database Administrator (DBA),0.6474783043256845
Marketing Officer,0.647427532729584
"Executive/ Senior Executive- Trade Marketing, Hygiene Products",0.6474154365892505
HR Officer,0.6474091918542842
Marketing Officer,0.6473639569581892
Business Development Executive,0.6473390681277351
Project Coordinator (Civil),0.6472941437306934
"Executive/ Senior Executive- Trade Marketing, Hygiene Products",0.6472933493155315
DevOps Engineer,0.6472391394920098
Management Trainee - Mechanical,0.6472367966671668
Project Coordinator (Civil),0.6472097837042196
Civil Engineer,0.6472081683101882
Marketing Officer,0.6471795918175911
Business Development Executive,0.6471648400860295
Data Engineer,0.6471474158095445
Business Development Executive,0.6471410474657202
Business Development Executive,0.6471286517098224
HR Officer,0.6471068913024823
Head of Internal Control & Compliance (ICC) - SEVP/DMD,0.64709492349381
Sr.Officer / Executive - Internal Audit,0.6470915263494907
Executive - VAT,0.6470822835969836
DevOps Engineer,0.6470751992014684
HR Officer,0.6470737369840069
Head of Internal Control & Compliance (ICC) - SEVP/DMD,0.6470662874616186
Database Administrator (DBA),0.6470434381056464
Site Engineer,0.6470434264213936
Senior iOS Engineer,0.6470411848064226
Network Support Engineer,0.6470359804006348
Civil Engineer,0.647029113389483
Marketing Officer,0.6470262003515679
Civil Engineer,0.6470244292290216
Site Engineer,0.6470175858175516
Senior iOS Engineer,0.6470099142525123
Data Science Engineer,0.6470017036989785
"Manager- Human Resource Management (HRM)
",0.6469921172907249
Data Engineer,0.6469879677488849
Sr.Officer / Executive - Internal Audit,0.6469834359161902
Data Science Engineer,0.6469555772205101
Project Coordinator (Civil),0.6469467155378051
Mechanical Engineer,0.6469458406607088
"System Administrator (Operation & Maintenance of Server, Storage & Service Desk System)",0.6469440096624974
Business Development Executive,0.6469168904676059
Site Engineer,0.6469144432261017
"System Administrator (Operation & Maintenance of Server, Storage & Service Desk System)",0.6469116314170091
Head of Internal Control & Compliance (ICC) - SEVP/DMD,0.6468705632543117
"Executive/ Senior Executive- Trade Marketing, Hygiene Products",0.6468697373784701
Civil Engineer,0.6468673048679139
Data Engineer,0.6468455064479895
Senior iOS Engineer,0.6468447042774216
"Executive/ Senior Executive- Trade Marketing, Hygiene Products",0.6468196408364045
"Manager- Human Resource Management (HRM)
",0.6468184611112463
Head of Internal Control & Compliance (ICC) - SEVP/DMD,0.6468119856715755
"Manager- Human Resource Management (HRM)
",0.6468086240756222
Site Engineer,0.6467824730605307
DevOps Engineer,0.6467759045360646
"System Administrator (Operation & Maintenance of Server, Storage & Service Desk System)",0.646758160737199
Civil Engineer,0.646738675914697
"System Administrator (Operation & Maintenance of Server, Storage & Service Desk System)",0.6467214989342797
"Manager- Human Resource Management (HRM)
",0.646721351738091
Data Engineer,0.646693468445162
Mechanical Engineer,0.6466479950799067
Marketing Officer,0.6466212421379854
Civil Engineer,0.6466113650893529
Data Engineer,0.6465921128120733
Senior iOS Engineer,0.6465893962831305
Mechanical Engineer,0.6465843361258197
Mechanical Engineer,0.6465370352940553
Head of Internal Control & Compliance (ICC) - SEVP/DMD,0.6465071259009195
Asst. Manager/ Manger (Administrative),0.6464795437426314
Business Development Executive,0.6464545416127023
Civil Engineer,0.6464537237300334
Executive - VAT,0.6464527528873065
"Manager- Human Resource Management (HRM)
",0.646450731057242
Business Development Executive,0.6464473470863565
Head of Internal Control & Compliance (ICC) - SEVP/DMD,0.6463903162635957
Head of Internal Control & Compliance (ICC) - SEVP/DMD,0.6463795820606834
Database Administrator (DBA),0.6463641104074593
Site Engineer,0.6463614426670761
Network Support Engineer,0.6463576404334438
"Manager- Human Resource Management (HRM)
",0.6463526399249958
Site Engineer,0.6463515294338065
Network Support Engineer,0.6463491708465571
"Executive/ Senior Executive- Trade Marketing, Hygiene Products",0.6463223201041839
Civil Engineer,0.6463143202949926
Asst. Manager/ Manger (Administrative),0.6462973379273462
Mechanical Engineer,0.6462833696278554
Business Development Executive,0.646266929096138
Data Engineer,0.6462516583812162
Network Support Engineer,0.6462456832562984
Project Coordinator (Civil),0.646242749693798
Marketing Officer,0.6462334381110831
Data Engineer,0.6462137944768254
DevOps Engineer,0.6462131021446303
Network Support Engineer,0.6461941004704405
Database Administrator (DBA),0.6461726662581727
Sr.Officer / Executive - Internal Audit,0.6461623129628836
Site Engineer,0.6461234079507117
HR Officer,0.6461162863802221
"Executive/ Senior Executive- Trade Marketing, Hygiene Products",0.6460847630731587
Data Engineer,0.6460752227621291
"Manager- Human Resource Management (HRM)
",0.6460696768686421
Network Support Engineer,0.6460681163015943
Database Administrator (DBA),0.6460377259914565
Project Coordinator (Civil),0.6460229567112998
Project Coordinator (Civil),0.6460214470635998
Civil Engineer,0.6460203658890722
Head of Internal Control & Compliance (ICC) - SEVP/DMD,0.6459841477935188
Database Administrator (DBA),0.6459617026514105
Mechanical Engineer,0.6459588017221147
Marketing Officer,0.6459302051288681
Sr.Officer / Executive - Internal Audit,0.6459245212325339
Marketing Officer,0.645920886653521
Sr.Officer / Executive - Internal Audit,0.6458837785444257
"System Administrator (Operation & Maintenance of Server, Storage & Service Desk System)",0.6458511978440001
Database Administrator (DBA),0.6458465995533563
"System Administrator (Operation & Maintenance of Server, Storage & Service Desk System)",0.6458319490945166
Database Administrator (DBA),0.6458294868324056
Site Engineer,0.6457728887067451
Data Engineer,0.6457570801874062
Project Coordinator (Civil),0.6457378755992597
Mechanical Engineer,0.6457137760322549
Head of Internal Control & Compliance (ICC) - SEVP/DMD,0.6457079677710023
Civil Engineer,0.6457070242452675
Project Coordinator (Civil),0.6456602703370844
Mechanical Engineer,0.6456356038259609
Senior iOS Engineer,0.6456221002288407
"Manager- Human Resource Management (HRM)
",0.6456128211788347
Data Engineer,0.6456060934834712
Data Science Engineer,0.6456060281532798
Project Coordinator (Civil),0.6455460951685011
Site Engineer,0.6455348171579246
Marketing Officer,0.6455232263825526
Data Science Engineer,0.6455170814124377
Database Administrator (DBA),0.6455166820608321
"Manager- Human Resource Management (HRM)
",0.6455131942347525
"Manager- Human Resource Management (HRM)
",0.645511093614802
Site Engineer,0.6455045947082876
Data Science Engineer,0.6454972485229659
Network Support Engineer,0.645487394494281
"Executive/ Senior Executive- Trade Marketing, Hygiene Products",0.6454541445314461
"Manager- Human Resource Management (HRM)
",0.6453851679394743
Head of Internal Control & Compliance (ICC) - SEVP/DMD,0.6453655634111465
"Executive/ Senior Executive- Trade Marketing, Hygiene Products",0.6453626104318245
Asst. Manager/ Manger (Administrative),0.6453623331584427
Data Engineer,0.6453430680869403
Data Engineer,0.6453398718996215
Mechanical Designer,0.6453357019121243
Head of Internal Control & Compliance (ICC) - SEVP/DMD,0.6453183320743304
Mechanical Designer,0.6452923034830876
Data Engineer,0.6452902785020865
Database Administrator (DBA),0.6452733628358129
Database Administrator (DBA),0.6452580494591127
Head of Internal Control & Compliance (ICC) - SEVP/DMD,0.6452466299568531
Data Engineer,0.6452314581756134
Civil Engineer,0.6452144075673737
Senior iOS Engineer,0.6451979799295254
"Manager- Human Resource Management (HRM)
",0.6451927505985156
Project Coordinator (Civil),0.6451778441159377
Project Coordinator (Civil),0.6451754282675717
Marketing Officer,0.645174555075354
Business Development Executive,0.6451585542841134
Data Engineer,0.6451552771326836
"Manager- Human Resource Management (HRM)
",0.6451481362752189
Data Science Engineer,0.6451396849023359
Business Development Executive,0.6451373662262844
"Manager- Human Resource Management (HRM)
",0.6451345386539741
Executive - VAT,0.6451164118148787
Database Administrator (DBA),0.6451143899761493
Data Science Engineer,0.6450901935444306
Network Support Engineer,0.645086465076955
Database Administrator (DBA),0.6450674007994468
Senior iOS Engineer,0.6450587887766279
Database Administrator (DBA),0.6450300128045854
Sr.Officer / Executive - Internal Audit,0.6450191450763751
"Manager- Human Resource Management (HRM)
",0.6450028157440957
Senior iOS Engineer,0.6449895992606632
Executive - VAT,0.6449867636399331
Head of Internal Control & Compliance (ICC) - SEVP/DMD,0.6449777926604362
Marketing Officer,0.6449734198571244
Data Science Engineer,0.6449651004921391
"Manager- Human Resource Management (HRM)
",0.6449634981490866
"Manager- Human Resource Management (HRM)
",0.6449589408518196
Head of Internal Control & Compliance (ICC) - SEVP/DMD,0.6449332969910594
Executive - VAT,0.6449267713305346
Business Development Executive,0.6449010335752766
Site Engineer,0.6448992266386251
Marketing Officer,0.644880954852563
Senior iOS Engineer,0.6448734773741138
Senior iOS Engineer,0.6448461701057793
Data Engineer,0.6448409296371426
"Executive/ Senior Executive- Trade Marketing, Hygiene Products",0.6448405013099138
Business Development Executive,0.644827300494895
Mechanical Designer,0.6448214425462794
Network Support Engineer,0.6448127277248769
Site Engineer,0.6448098644780507
Executive - VAT,0.6448019925980462
Site Engineer,0.6448011486095336
Business Development Executive,0.6447794012351914
"System Administrator (Operation & Maintenance of Server, Storage & Service Desk System)",0.6447748986775924
Head of Internal Control & Compliance (ICC) - SEVP/DMD,0.6447620129230037
Marketing Officer,0.6447188059489846
Mechanical Designer,0.6447040539391272
Asst. Manager/ Manger (Administrative),0.6446986124310458
Business Development Executive,0.6446878707536409
Network Support Engineer,0.6446789125113674
"Executive/ Senior Executive- Trade Marketing, Hygiene Products",0.6446431580710833
"System Administrator (Operation & Maintenance of Server, Storage & Service Desk System)",0.6446374200288514
Data Science Engineer,0.6446342292467524
Marketing Officer,0.6446289224366437
Project Coordinator (Civil),0.6446165442273052
Mechanical Designer,0.644609933151493
Data Engineer,0.6446067989960022
Project Coordinator (Civil),0.6446028072124294
Asst. Manager/ Manger (Administrative),0.6446016185367685
Marketing Officer,0.6445855002697335
Business Development Executive,0.644565575490932
Network Support Engineer,0.6445596172773392
Civil Engineer,0.6445290401582104
Senior iOS Engineer,0.6444781659714219
Business Development Executive,0.6444651474143385
Project Coordinator (Civil),0.6444385538795853
Site Engineer,0.644426519665093
Head of Internal Control & Compliance (ICC) - SEVP/DMD,0.6443950709425472
Site Engineer,0.6443522205784511
Data Science Engineer,0.6443489438751641
"Executive/ Senior Executive- Trade Marketing, Hygiene Products",0.6443418812637662
Asst. Manager/ Manger (Administrative),0.644336867670385
Business Development Executive,0.6443022051743834
Project Coordinator (Civil),0.6442966740575732
Head of Internal Control & Compliance (ICC) - SEVP/DMD,0.6442677035319581
Data Engineer,0.6442671755411038
Asst. Manager/ Manger (Administrative),0.6442236751630454
Data Science Engineer,0.6441467553690057
Data Science Engineer,0.6441435583998368
Site Engineer,0.6441412543354227
Sr.Officer / Executive - Internal Audit,0.6441368874533032
Data Engineer,0.6441292592072487
Project Coordinator (Civil),0.6441212888658818
"Manager- Human Resource Management (HRM)
",0.644084933356516
Head of Internal Control & Compliance (ICC) - SEVP/DMD,0.6440753979501684
"System Administrator (Operation & Maintenance of Server, Storage & Service Desk System)",0.6440642391972597
Head of Internal Control & Compliance (ICC) - SEVP/DMD,0.6440435321827918
Asst. Manager/ Manger (Administrative),0.6440416784093864
Head of Internal Control & Compliance (ICC) - SEVP/DMD,0.644038798471258
Mechanical Engineer,0.6440279268555859
Data Engineer,0.6440109541408475
Project Coordinator (Civil),0.6440036707282454
Project Coordinator (Civil),0.6439838223424261
Senior iOS Engineer,0.643970494143605
Project Coordinator (Civil),0.6439500243560834
Civil Engineer,0.6439379434220756
Civil Engineer,0.6439238946734809
Data Science Engineer,0.6439203053680775
Civil Engineer,0.6439170912652634
Asst. Manager/ Manger (Administrative),0.6439076350038276
Site Engineer,0.6439011501455547
Database Administrator (DBA),0.6438845795798916
Business Development Executive,0.6438226973267305
Mechanical Engineer,0.6438124100815612
Project Coordinator (Civil),0.6438078850349315
Head of Internal Control & Compliance (ICC) - SEVP/DMD,0.6437949689307129
"Executive/ Senior Executive- Trade Marketing, Hygiene Products",0.643786992562848
"Manager- Human Resource Management (HRM)
",0.6437843661659315
"Executive/ Senior Executive- Trade Marketing, Hygiene Products",0.6437671739316637
Asst. Manager/ Manger (Administrative),0.6437447945715213
Data Science Engineer,0.6437398923945863
Database Administrator (DBA),0.643738995592555
Head of Internal Control & Compliance (ICC) - SEVP/DMD,0.6437220220028407
Civil Engineer,0.6437033937115435
Data Science Engineer,0.6437001281132231
Civil Engineer,0.6436989630284496
"Manager- Human Resource Management (HRM)
",0.6436969212662347
"Executive/ Senior Executive- Trade Marketing, Hygiene Products",0.6436405974709644
Head of Internal Control & Compliance (ICC) - SEVP/DMD,0.6436308095960162
Mechanical Engineer,0.6436197919312853
Data Engineer,0.6435854798192425
Civil Engineer,0.6435776158624408
Executive - VAT,0.6435682014120845
Mechanical Engineer,0.6435536911659974
Senior iOS Engineer,0.6435465409771493
Mechanical Engineer,0.6435464123648189
Data Science Engineer,0.643535583649446
"Executive/ Senior Executive- Trade Marketing, Hygiene Products",0.6435285332028945
Site Engineer,0.6435231894031237
"Manager- Human Resource Management (HRM)
",0.6434834534984488
Database Administrator (DBA),0.6434732038803838
Civil Engineer,0.643468634296615
Mechanical Engineer,0.6434455119009225
Project Coordinator (Civil),0.6434175184010524
Senior iOS Engineer,0.643413713720923
DevOps Engineer,0.6434086854528329
Data Science Engineer,0.6434077128550496
Mechanical Engineer,0.6433592767475115
Database Administrator (DBA),0.6433316554779466
Business Development Executive,0.6433273793580685
"System Administrator (Operation & Maintenance of Server, Storage & Service Desk System)",0.6433191015578478
Business Development Executive,0.6433015925023273
Network Support Engineer,0.6432870947165776
Mechanical Designer,0.643273720707798
Mechanical Engineer,0.6432578460447358
Civil Engineer,0.643208286734484
Site Engineer,0.643194292026386
Project Coordinator (Civil),0.6431604235615367
Database Administrator (DBA),0.643143111772257
Executive - VAT,0.6431425111366248
Data Science Engineer,0.6431264623528278
DevOps Engineer,0.6431211341690591
Mechanical Designer,0.6430809068967317
Network Support Engineer,0.6430673765214207
Head of Internal Control & Compliance (ICC) - SEVP/DMD,0.643055673893375
Business Development Executive,0.6430185276876678
Senior iOS Engineer,0.6429872874047132
"Executive/ Senior Executive- Trade Marketing, Hygiene Products",0.6429588647659692
Data Science Engineer,0.642953503202184
Head of Internal Control & Compliance (ICC) - SEVP/DMD,0.6429514096501143
Network Support Engineer,0.64294373787694
Database Administrator (DBA),0.6429355516990665
Project Coordinator (Civil),0.642911942513345
Network Support Engineer,0.6429078012579595
Database Administrator (DBA),0.6429050259730514
"Manager- Human Resource Management (HRM)
",0.6428889454049644
Mechanical Designer,0.6427897936624343
"Executive/ Senior Executive- Trade Marketing, Hygiene Products",0.6427764414267381
Marketing Officer,0.6427583053748929
Senior iOS Engineer,0.6427536624220382
Civil Engineer,0.6427495441695404
Data Engineer,0.6427324093117125
Asst. Manager/ Manger (Administrative),0.6427135939734382
DevOps Engineer,0.6426976549910906
Civil Engineer,0.6426866087778568
Mechanical Designer,0.6426753563634888
"Executive/ Senior Executive- Trade Marketing, Hygiene Products",0.6426638446780955
Project Coordinator (Civil),0.6426391502057948
Marketing Officer,0.6426390432430307
Marketing Officer,0.6426153274705558
Project Coordinator (Civil),0.642598706921614
Data Science Engineer,0.642593784056191
Senior iOS Engineer,0.6425849106652278
Civil Engineer,0.6425494084563992
Mechanical Engineer,0.6425482166641088
Civil Engineer,0.6425155944177969
Senior iOS Engineer,0.6424943036201397
Business Development Executive,0.642493967906806
Sr.Officer / Executive - Internal Audit,0.6424910593931729
Site Engineer,0.6424855961536361
Mechanical Engineer,0.6424847082262101
Network Support Engineer,0.642471049600936
Head of Internal Control & Compliance (ICC) - SEVP/DMD,0.6424201138392971
"System Administrator (Operation & Maintenance of Server, Storage & Service Desk System)",0.6424021996653833
Marketing Officer,0.6423876568205878
Marketing Officer,0.6423378499678379
Project Coordinator (Civil),0.6423325258805445
Business Development Executive,0.6423058723957578
DevOps Engineer,0.6422986551841625
Business Development Executive,0.6422913293888143
Senior iOS Engineer,0.6422818435690025
Senior iOS Engineer,0.6422575610484892
Data Science Engineer,0.6422552652719752
Business Development Executive,0.6422519809851039
Senior iOS Engineer,0.6422406562293052
"Executive/ Senior Executive- Trade Marketing, Hygiene Products",0.6422293234245103
Project Coordinator (Civil),0.6422079926308758
"Executive/ Senior Executive- Trade Marketing, Hygiene Products",0.6421945312174299
"Manager- Human Resource Management (HRM)
",0.642184765640876
Business Development Executive,0.6421804612711255
Senior iOS Engineer,0.6421650945438285
Database Administrator (DBA),0.642154430267081
Data Engineer,0.6421372496719688
Data Engineer,0.6421171491844324
Sr.Officer / Executive - Internal Audit,0.6420804432631824
Data Engineer,0.6420708317125658
Business Development Executive,0.6420656503607441
Business Development Executive,0.6420346292244632
"Executive/ Senior Executive- Trade Marketing, Hygiene Products",0.6419915374602356
Business Development Executive,0.6419749490348421
Mechanical Designer,0.6419716279200456
Asst. Manager/ Manger (Administrative),0.6419529619206525
"Executive/ Senior Executive- Trade Marketing, Hygiene Products",0.641942131216984
Business Development Executive,0.6419404994937827
Mechanical Designer,0.6419344865999792
Civil Engineer,0.6419252107310529
Senior iOS Engineer,0.6419013152722809
"Executive/ Senior Executive- Trade Marketing, Hygiene Products",0.6418917807418084
Data Engineer,0.6418654430785555
Civil Engineer,0.6418380665178279
Mechanical Designer,0.6418333103426778
Site Engineer,0.6418106048243377
Head of Internal Control & Compliance (ICC) - SEVP/DMD,0.641798350308438
Mechanical Designer,0.6417759820938155
Sr.Officer / Executive - Internal Audit,0.6417756515517341
Marketing Officer,0.6417742479989421
Data Engineer,0.6417699690648807
Data Engineer,0.6417483073779394
Mechanical Engineer,0.6417304503616356
Senior iOS Engineer,0.6417214001006405
Network Support Engineer,0.6416913984475475
Senior iOS Engineer,0.641686033670682
Data Engineer,0.6416515185977228
"System Administrator (Operation & Maintenance of Server, Storage & Service Desk System)",0.6416294298438929
Mechanical Engineer,0.6416259697272829
Civil Engineer,0.6416258648079807
Project Coordinator (Civil),0.6416254369498026
Project Coordinator (Civil),0.6416206139874219
Data Engineer,0.6416042664001299
Network Support Engineer,0.6415929442225451
Site Engineer,0.6415901015546377
Database Administrator (DBA),0.6415577791713298
Civil Engineer,0.6415520985210356
"Manager- Human Resource Management (HRM)
",0.6415508731756977
Asst. Manager/ Manger (Administrative),0.6415244668895775
Project Coordinator (Civil),0.6415149237822657
"Manager- Human Resource Management (HRM)
",0.6415048690842701
Sr.Officer / Executive - Internal Audit,0.6415031513393793
Head of Internal Control & Compliance (ICC) - SEVP/DMD,0.6414908406999497
Civil Engineer,0.6414764921675262
Business Development Executive,0.6414684796389921
Data Engineer,0.6414648108966858
Senior iOS Engineer,0.6414567973578322
Executive - VAT,0.6414370978760285
Project Coordinator (Civil),0.6414299545714354
DevOps Engineer,0.6414254720291707
Business Development Executive,0.6414187430519863
Business Development Executive,0.6414064645721874
Data Science Engineer,0.6414037363384959
"Executive/ Senior Executive- Trade Marketing, Hygiene Products",0.6413998875925603
"System Administrator (Operation & Maintenance of Server, Storage & Service Desk System)",0.6413843278618157
Database Administrator (DBA),0.641382988337204
Civil Engineer,0.64137094704796
Asst. Manager/ Manger (Administrative),0.641347566483574
Mechanical Designer,0.6412957468988384
Data Engineer,0.6412725517864837
Project Coordinator (Civil),0.6412721462227808
DevOps Engineer,0.641224348532713
Database Administrator (DBA),0.6412228935114925
Senior iOS Engineer,0.6412202941577994
"Manager- Human Resource Management (HRM)
",0.6412136647838762
Business Development Executive,0.64121222147333
Database Administrator (DBA),0.6412087616928905
Business Development Executive,0.6411817827291504
Mechanical Engineer,0.6411519509153174
Business Development Executive,0.6411394872014479
Asst. Manager/ Manger (Administrative),0.6410705488021643
"Executive/ Senior Executive- Trade Marketing, Hygiene Products",0.6410577719162852
Asst. Manager/ Manger (Administrative),0.6410564453943468
Mechanical Engineer,0.6410494220087817
"Manager- Human Resource Management (HRM)
",0.6410306575090264
"Manager- Human Resource Management (HRM)
",0.6410271874879576
Data Science Engineer,0.6410176526277549
Civil Engineer,0.6409901202286356
Data Science Engineer,0.6409802974535138
Network Support Engineer,0.640972524631291
Senior iOS Engineer,0.6409691938807727
Senior iOS Engineer,0.6409479794739287
Head of Internal Control & Compliance (ICC) - SEVP/DMD,0.6409263681164957
"System Administrator (Operation & Maintenance of Server, Storage & Service Desk System)",0.6409181217567234
Database Administrator (DBA),0.6409153959224333
Senior iOS Engineer,0.6409116919169687
Senior iOS Engineer,0.640879912718552
Database Administrator (DBA),0.6408140706613648
Executive - VAT,0.6408104907898075
Head of Internal Control & Compliance (ICC) - SEVP/DMD,0.6408104287751103
"System Administrator (Operation & Maintenance of Server, Storage & Service Desk System)",0.6407996902300744
Business Development Executive,0.6407898947173397
"Manager- Human Resource Management (HRM)
",0.6407893254624065
Project Coordinator (Civil),0.6407888537832057
Data Engineer,0.6407866316744121
Network Support Engineer,0.6407858336032166
Senior iOS Engineer,0.6407733115062935
Project Coordinator (Civil),0.6407523429143226
Marketing Officer,0.6407476608928943
Data Engineer,0.640745633687039
Project Coordinator (Civil),0.6407410240140652
Site Engineer,0.6407389944826231
Head of Internal Control & Compliance (ICC) - SEVP/DMD,0.6407176823141062
Civil Engineer,0.6407044090196921
Senior iOS Engineer,0.6406619254740413
Project Coordinator (Civil),0.6406613998354572
Database Administrator (DBA),0.6406526549518989
Database Administrator (DBA),0.6406521371901678
Network Support Engineer,0.6406397140692238
Business Development Executive,0.6406158171584668
Marketing Officer,0.6406055091591539
Head of Internal Control & Compliance (ICC) - SEVP/DMD,0.6405949432173864
Database Administrator (DBA),0.6405873582662116
Senior iOS Engineer,0.6405749171543653
Head of Internal Control & Compliance (ICC) - SEVP/DMD,0.6405520402925351
"Executive/ Senior Executive- Trade Marketing, Hygiene Products",0.6405361976249268
Senior iOS Engineer,0.6405076466840158
"Executive/ Senior Executive- Trade Marketing, Hygiene Products",0.6405071126419153
Project Coordinator (Civil),0.6405039445720168
Business Development Executive,0.6404924575187999
Civil Engineer,0.6404839196383205
Database Administrator (DBA),0.6404820395145746
Civil Engineer,0.6404612158873787
Civil Engineer,0.6404496554581818
Senior iOS Engineer,0.6404393287295685
Site Engineer,0.6404321259306711
Marketing Officer,0.6404248581883324
Site Engineer,0.640419593178954
Civil Engineer,0.6404175822240575
Head of Internal Control & Compliance (ICC) - SEVP/DMD,0.6404135209069642
Mechanical Engineer,0.6403990061690132
Senior iOS Engineer,0.6403877408024072
Mechanical Designer,0.6403737034646031
Project Coordinator (Civil),0.6403257182702959
Project Coordinator (Civil),0.6402668044125105
DevOps Engineer,0.6402516783954519
Mechanical Designer,0.6402515371269331
Data Engineer,0.6402458268518215
"Manager- Human Resource Management (HRM)
",0.640219463565497
Data Science Engineer,0.6402070365427047
"Executive/ Senior Executive- Trade Marketing, Hygiene Products",0.6402050435546052
Asst. Manager/ Manger (Administrative),0.640204994465534
Civil Engineer,0.6401875384203036
Senior iOS Engineer,0.6401850377073675
Civil Engineer,0.6401842268198379
Mechanical Engineer,0.640178437999372
"Manager- Human Resource Management (HRM)
",0.6401756749306883
Business Development Executive,0.6401590806952128
Database Administrator (DBA),0.6401450255763762
Senior iOS Engineer,0.6401388569440036
Site Engineer,0.640109734523185
"Manager- Human Resource Management (HRM)
",0.6401096699146774
Civil Engineer,0.6401040574969149
Civil Engineer,0.640095674462643
Data Engineer,0.6400795491911713
Project Coordinator (Civil),0.640068908151814
Mechanical Engineer,0.640048185804671
Civil Engineer,0.640021295764389
Data Engineer,0.6400099672001889
Network Support Engineer,0.6400058406086294
Business Development Executive,0.6399908583520191
"Executive/ Senior Executive- Trade Marketing, Hygiene Products",0.6399703494096987
"System Administrator (Operation & Maintenance of Server, Storage & Service Desk System)",0.6399675761695383
Project Coordinator (Civil),0.6399643671745343
Mechanical Designer,0.6399564163860011
"Manager- Human Resource Management (HRM)
",0.6399364880505861
Network Support Engineer,0.6398938499606195
Marketing Officer,0.6398873778344427
Civil Engineer,0.6398700834549614
Senior iOS Engineer,0.6398607560096399
Civil Engineer,0.6398587695128859
Site Engineer,0.6398569464659593
Site Engineer,0.639844048016486
Project Coordinator (Civil),0.6398380756817518
Site Engineer,0.6398264822202478
Mechanical Designer,0.6398019675404192
Head of Internal Control & Compliance (ICC) - SEVP/DMD,0.6397971175747778
Asst. Manager/ Manger (Administrative),0.6397963570560606
DevOps Engineer,0.639787651116889
Senior iOS Engineer,0.639787477371955
Marketing Officer,0.6397688466948659
Database Administrator (DBA),0.6397627016399811
Sr.Officer / Executive - Internal Audit,0.6397398943624325
Senior iOS Engineer,0.6397183525738116
Business Development Executive,0.6397109567419299
Site Engineer,0.6397097052570084
Senior iOS Engineer,0.6397079313180625
Marketing Officer,0.6396768407532787
Sr.Officer / Executive - Internal Audit,0.6396529932693014
Mechanical Engineer,0.6396473519461969
Site Engineer,0.639632328197161
Site Engineer,0.6396205285401387
Marketing Officer,0.6396084700717632
Project Coordinator (Civil),0.6396000472476652
Asst. Manager/ Manger (Administrative),0.6395971166287759
Head of Internal Control & Compliance (ICC) - SEVP/DMD,0.6395816885195078
Business Development Executive,0.6395800711623033
Business Development Executive,0.6395625918916353
Network Support Engineer,0.6395605591354949
"Executive/ Senior Executive- Trade Marketing, Hygiene Products",0.6395545303515736
"Executive/ Senior Executive- Trade Marketing, Hygiene Products",0.6395534692066297
Database Administrator (DBA),0.6395517488034073
"Manager- Human Resource Management (HRM)
",0.6395094870299399
Database Administrator (DBA),0.6394827530757325
Mechanical Designer,0.6394693477875298
Data Science Engineer,0.6394368596275506
Database Administrator (DBA),0.6394341107034869
"Manager- Human Resource Management (HRM)
",0.6394009929820176
Head of Internal Control & Compliance (ICC) - SEVP/DMD,0.6393990442640294
Business Development Executive,0.6393982535390794
Head of Internal Control & Compliance (ICC) - SEVP/DMD,0.6393874067107513
Data Science Engineer,0.6393811178546974
Database Administrator (DBA),0.6393679224899068
Civil Engineer,0.6393541587818551
Senior iOS Engineer,0.6393392488547731
Data Engineer,0.6393379224233037
Data Engineer,0.6393264020108567
Senior iOS Engineer,0.639320780528467
Mechanical Designer,0.6393183671308078
Senior iOS Engineer,0.6392975943905987
Site Engineer,0.6392891328942375
Senior iOS Engineer,0.6392823598537823
Asst. Manager/ Manger (Administrative),0.63922977638378
Project Coordinator (Civil),0.6391965664130392
Data Engineer,0.6391707355599247
"Executive/ Senior Executive- Trade Marketing, Hygiene Products",0.6391665058601267
Mechanical Engineer,0.6391636012777705
"Manager- Human Resource Management (HRM)
",0.6391567061693157
Executive - VAT,0.6391073173866378
Senior iOS Engineer,0.6391015049866716
Business Development Executive,0.6390695452393617
Network Support Engineer,0.6390645749127727
Site Engineer,0.6390404318390807
Data Science Engineer,0.6390310809414059
"Manager- Human Resource Management (HRM)
",0.639017760477741
Civil Engineer,0.6390061394512826
Marketing Officer,0.6389851385997328
Data Engineer,0.6389793697936392
Data Engineer,0.6389760136303662
Business Development Executive,0.6389625460062631
Business Development Executive,0.6389603786033946
Civil Engineer,0.6389396589904083
Mechanical Engineer,0.6389354604620638
Senior iOS Engineer,0.6389041457277891
Site Engineer,0.6388989749332723
Mechanical Engineer,0.6388949216952043
Database Administrator (DBA),0.6388934722392704
Head of Internal Control & Compliance (ICC) - SEVP/DMD,0.6388888705751921
Site Engineer,0.6388866818152887
Civil Engineer,0.6388815672678629
Asst. Manager/ Manger (Administrative),0.6388806454302014
Head of Internal Control & Compliance (ICC) - SEVP/DMD,0.6388472150024134
Mechanical Engineer,0.6388357156022735
Database Administrator (DBA),0.6388241384539637
Marketing Officer,0.6388133367376885
Data Science Engineer,0.6388114911075322
Database Administrator (DBA),0.6388067898505835
DevOps Engineer,0.6387548174511852
Data Science Engineer,0.6387210995588128
Mechanical Designer,0.638719841976989
Mechanical Engineer,0.638719604277636
"Executive/ Senior Executive- Trade Marketing, Hygiene Products",0.6387069855014574
Head of Internal Control & Compliance (ICC) - SEVP/DMD,0.6386910878260581
Civil Engineer,0.6386623916338838
Network Support Engineer,0.6386545680210409
Business Development Executive,0.6386337472913085
Head of Internal Control & Compliance (ICC) - SEVP/DMD,0.6385545203987049
Asst. Manager/ Manger (Administrative),0.6385466719265837
Site Engineer,0.6385437148547358
Mechanical Engineer,0.6385224773249865
"Manager- Human Resource Management (HRM)
",0.6385119381028593
Head of Internal Control & Compliance (ICC) - SEVP/DMD,0.6385075153503305
"Manager- Human Resource Management (HRM)
",0.638506096236278
"Executive/ Senior Executive- Trade Marketing, Hygiene Products",0.6385042697406887
Mechanical Engineer,0.6384881267296374
Project Coordinator (Civil),0.6384839026043931
Network Support Engineer,0.6384718888172134
Head of Internal Control & Compliance (ICC) - SEVP/DMD,0.6384142696338438
Data Science Engineer,0.6383992655476558
Mechanical Engineer,0.6383958690968927
Project Coordinator (Civil),0.6383937919856435
Project Coordinator (Civil),0.6383733972576051
Senior iOS Engineer,0.6383651834600668
Project Coordinator (Civil),0.638360741684144
Head of Internal Control & Compliance (ICC) - SEVP/DMD,0.6383573471841911
Business Development Executive,0.6383567416704397
"Manager- Human Resource Management (HRM)
",0.6383551049762357
Sr.Officer / Executive - Internal Audit,0.6383314312617593
Civil Engineer,0.6382829690457654
Senior iOS Engineer,0.6382692656248721
Project Coordinator (Civil),0.638267352738727
Site Engineer,0.6382385217758498
Head of Internal Control & Compliance (ICC) - SEVP/DMD,0.638235587277398
Site Engineer,0.6382270287681698
Site Engineer,0.638224726268879
Senior iOS Engineer,0.6382232247785267
"Manager- Human Resource Management (HRM)
",0.6382195923653571
"Manager- Human Resource Management (HRM)
",0.6382145901279901
Civil Engineer,0.638208155604239
Mechanical Engineer,0.6381995698147085
Asst. Manager/ Manger (Administrative),0.6381992158885941
"Manager- Human Resource Management (HRM)
",0.6381882035836344
Database Administrator (DBA),0.6381812599299971
Head of Internal Control & Compliance (ICC) - SEVP/DMD,0.6381812426375657
Network Support Engineer,0.6381797570030694
"Manager- Human Resource Management (HRM)
",0.6381666439066278
Data Science Engineer,0.6381662102211673
Senior iOS Engineer,0.6381584310648503
Site Engineer,0.6381566906118079
Network Support Engineer,0.6381522130592576
Marketing Officer,0.6381388842958036
Data Engineer,0.6381356377863447
Civil Engineer,0.6380966118039673
Civil Engineer,0.6380891669360358
Mechanical Designer,0.6380817998834869
Network Support Engineer,0.6380626273944673
Project Coordinator (Civil),0.6380476465125312
Sr.Officer / Executive - Internal Audit,0.6380354278847518
Head of Internal Control & Compliance (ICC) - SEVP/DMD,0.6380233398672217
"Manager- Human Resource Management (HRM)
",0.6380228501631022
Site Engineer,0.6380169339667829
Head of Internal Control & Compliance (ICC) - SEVP/DMD,0.6380021768297476
Mechanical Engineer,0.6379937307524645
Mechanical Engineer,0.6379646902525454
Network Support Engineer,0.6379495244713012
Mechanical Engineer,0.6379282353989016
Business Development Executive,0.6379229447076096
Database Administrator (DBA),0.6379080502821473
Data Engineer,0.6379046622860847
"System Administrator (Operation & Maintenance of Server, Storage & Service Desk System)",0.6378862160987749
Site Engineer,0.6378544273967305
Database Administrator (DBA),0.6378528160895298
Network Support Engineer,0.6378527609606147
Network Support Engineer,0.6378395862998019
Head of Internal Control & Compliance (ICC) - SEVP/DMD,0.6378364388917777
Asst. Manager/ Manger (Administrative),0.6378316491265739
Executive - VAT,0.6378279342013258
Database Administrator (DBA),0.6377888914364803
Project Coordinator (Civil),0.6377767333556802
Marketing Officer,0.6377764044182755
Database Administrator (DBA),0.6377622834141169
Project Coordinator (Civil),0.6377540634924713
Project Coordinator (Civil),0.6377486574469967
Network Support Engineer,0.6377446655611932
Head of Internal Control & Compliance (ICC) - SEVP/DMD,0.6377315622756958
Site Engineer,0.637731494811237
Business Development Executive,0.6377179490019478
Data Engineer,0.6377100576366919
Senior iOS Engineer,0.6376245403471158
Project Coordinator (Civil),0.6376222420063785
Site Engineer,0.6376180903745178
Civil Engineer,0.6376043936856648
Marketing Officer,0.6375965440079482
Asst. Manager/ Manger (Administrative),0.6375827570027779
DevOps Engineer,0.637562761025148
Network Support Engineer,0.6375474578715346
Data Science Engineer,0.6375263847585007
Network Support Engineer,0.6374992620148775
Head of Internal Control & Compliance (ICC) - SEVP/DMD,0.637492131258212
Data Engineer,0.6374808475514933
Mechanical Engineer,0.6374660655044204
"Executive/ Senior Executive- Trade Marketing, Hygiene Products",0.6374562854026643
Database Administrator (DBA),0.637450099493237
Project Coordinator (Civil),0.6374452950647544
Marketing Officer,0.6374342390938661
Site Engineer,0.6374260832702685
Business Development Executive,0.6374161038572267
Data Engineer,0.6374060262927331
Marketing Officer,0.6373873004251768
"Executive/ Senior Executive- Trade Marketing, Hygiene Products",0.6373804783336467
"Manager- Human Resource Management (HRM)
",0.6373771628168913
Sr.Officer / Executive - Internal Audit,0.6373741386391989
Database Administrator (DBA),0.6373605505946848
Sr.Officer / Executive - Internal Audit,0.6373468086921181
Data Engineer,0.6373452755040493
Site Engineer,0.6373344878131074
DevOps Engineer,0.6373306008619204
Senior iOS Engineer,0.6373212096204128
Senior iOS Engineer,0.6373129654613428
Mechanical Designer,0.6372994905714595
Head of Internal Control & Compliance (ICC) - SEVP/DMD,0.6372771166989704
"Executive/ Senior Executive- Trade Marketing, Hygiene Products",0.6372550238772049
"Manager- Human Resource Management (HRM)
",0.6372447785313612
Sr.Officer / Executive - Internal Audit,0.6372198671345589
"System Administrator (Operation & Maintenance of Server, Storage & Service Desk System)",0.6372066184645456
Mechanical Engineer,0.6371694588501488
Data Engineer,0.6371454058099384
Mechanical Engineer,0.6371378470902199
Civil Engineer,0.6371237859581043
Data Science Engineer,0.6371140495389782
Project Coordinator (Civil),0.6371060265131262
Site Engineer,0.637075776449926
"System Administrator (Operation & Maintenance of Server, Storage & Service Desk System)",0.6370693530497397
"System Administrator (Operation & Maintenance of Server, Storage & Service Desk System)",0.637026044862429
Network Support Engineer,0.6370216661321509
"Manager- Human Resource Management (HRM)
",0.6370165684435264
"Manager- Human Resource Management (HRM)
",0.6369934574684262
Marketing Officer,0.6369922603251288
Database Administrator (DBA),0.6369741582107938
DevOps Engineer,0.6369682094989789
Business Development Executive,0.63696587276385
DevOps Engineer,0.6369502784120693
DevOps Engineer,0.6369292201863314
Database Administrator (DBA),0.6368943249892377
Mechanical Engineer,0.6368875041116027
Network Support Engineer,0.6368804988404797
Data Science Engineer,0.6368702903920849
Senior iOS Engineer,0.6368573407240737
Database Administrator (DBA),0.6368573014886528
"System Administrator (Operation & Maintenance of Server, Storage & Service Desk System)",0.6368333375196168
Network Support Engineer,0.6368317703609018
Network Support Engineer,0.6368187464593132
Business Development Executive,0.6368146057277048
Data Engineer,0.636810500769866
Data Engineer,0.6367905140264387
Data Engineer,0.6367776900396558
Site Engineer,0.6367310442027041
"Manager- Human Resource Management (HRM)
",0.6367184479309911
Network Support Engineer,0.6367130296406078
Database Administrator (DBA),0.6367107218669948
Project Coordinator (Civil),0.6366956610687099
Project Coordinator (Civil),0.6366837467483193
Project Coordinator (Civil),0.6366580724885169
"Executive/ Senior Executive- Trade Marketing, Hygiene Products",0.6366580516421522
Site Engineer,0.6366567109195247
Head of Internal Control & Compliance (ICC) - SEVP/DMD,0.6366539362738801
Head of Internal Control & Compliance (ICC) - SEVP/DMD,0.6366532133651068
Business Development Executive,0.6366430729447415
Business Development Executive,0.6366334568762874
"System Administrator (Operation & Maintenance of Server, Storage & Service Desk System)",0.6366129878497728
"Manager- Human Resource Management (HRM)
",0.6366117503593428
Civil Engineer,0.6365883863035355
Senior iOS Engineer,0.6365567720105103
Project Coordinator (Civil),0.6365549017347268
Business Development Executive,0.636549342840163
"Executive/ Senior Executive- Trade Marketing, Hygiene Products",0.6365401256540685
Senior iOS Engineer,0.6365292297492811
Civil Engineer,0.6365259143202688
Mechanical Designer,0.6365153160022928
Mechanical Engineer,0.6365146607222448
Mechanical Engineer,0.6365030277479468
Data Science Engineer,0.6364991599465115
Head of Internal Control & Compliance (ICC) - SEVP/DMD,0.6364942879445238
"Manager- Human Resource Management (HRM)
",0.6364911417994881
Data Engineer,0.6364671357217958
Site Engineer,0.6364493210632303
Database Administrator (DBA),0.6364488252210839
Asst. Manager/ Manger (Administrative),0.6364471024256526
"Manager- Human Resource Management (HRM)
",0.6364453773008153
Asst. Manager/ Manger (Administrative),0.6364127306225554
Network Support Engineer,0.6363977696449491
Civil Engineer,0.6363930469106241
DevOps Engineer,0.6363906514013855
Senior iOS Engineer,0.6363843778658521
Site Engineer,0.63638348749948
Civil Engineer,0.6363798104682763
Business Development Executive,0.6363636986743261
Database Administrator (DBA),0.6363579894851193
Mechanical Engineer,0.6363550618530475
Data Science Engineer,0.6363416509072051
Mechanical Engineer,0.6363274122883587
Marketing Officer,0.6363129162696413
Mechanical Designer,0.636288307751744
"Manager- Human Resource Management (HRM)
",0.6362816787166902
Project Coordinator (Civil),0.6362623174946667
Sr.Officer / Executive - Internal Audit,0.636257993620656
Business Development Executive,0.6362569938950274
"System Administrator (Operation & Maintenance of Server, Storage & Service Desk System)",0.6362528921250208
Mechanical Engineer,0.6362472070787394
"Executive/ Senior Executive- Trade Marketing, Hygiene Products",0.6362392630658643
DevOps Engineer,0.636232002816997
Senior iOS Engineer,0.6362229064463336
Project Coordinator (Civil),0.636218667552483
"System Administrator (Operation & Maintenance of Server, Storage & Service Desk System)",0.6362112259651946
Civil Engineer,0.6361914687988354
Senior iOS Engineer,0.636172304556172
"Executive/ Senior Executive- Trade Marketing, Hygiene Products",0.6361682114404602
Head of Internal Control & Compliance (ICC) - SEVP/DMD,0.6361457300466528
Site Engineer,0.6361030499201681
"Manager- Human Resource Management (HRM)
",0.6361025817781332
Sr.Officer / Executive - Internal Audit,0.6360926427240275
Database Administrator (DBA),0.6360683749471238
Head of Internal Control & Compliance (ICC) - SEVP/DMD,0.6360649523040713
Mechanical Engineer,0.6360607123347488
Project Coordinator (Civil),0.636034831195612
Civil Engineer,0.636016343696406
DevOps Engineer,0.6359943781475293
Site Engineer,0.6359919593092687
Business Development Executive,0.6359798244915439
"Executive/ Senior Executive- Trade Marketing, Hygiene Products",0.6359638067545316
Asst. Manager/ Manger (Administrative),0.6359548748134453
Mechanical Engineer,0.6359296578381385
Mechanical Engineer,0.6359163947886383
Database Administrator (DBA),0.6359098961972645
Data Engineer,0.6359005189128745
Mechanical Engineer,0.6358832513619995
Sr.Officer / Executive - Internal Audit,0.6358700673550259
Mechanical Engineer,0.6358564542653675
"Manager- Human Resource Management (HRM)
",0.6358334193187846
Asst. Manager/ Manger (Administrative),0.6358115061300244
Head of Internal Control & Compliance (ICC) - SEVP/DMD,0.6358088079001851
Database Administrator (DBA),0.6358033821197926
Marketing Officer,0.6357841325323264
Database Administrator (DBA),0.6357794042548242
Network Support Engineer,0.6357784749960084
Data Engineer,0.6357477784817129
Project Coordinator (Civil),0.6357450110282707
DevOps Engineer,0.6357441684902104
Asst. Manager/ Manger (Administrative),0.6357228675537421
Site Engineer,0.6356983363082435
Project Coordinator (Civil),0.6356955553293424
Data Engineer,0.6356894409937686
Civil Engineer,0.6356791519755886
Senior iOS Engineer,0.6356722671784985
Senior iOS Engineer,0.6356430911646909
"System Administrator (Operation & Maintenance of Server, Storage & Service Desk System)",0.6356328161966445
"Manager- Human Resource Management (HRM)
",0.6356015152480357
Database Administrator (DBA),0.6355795773690344
Asst. Manager/ Manger (Administrative),0.6355724572796507
Marketing Officer,0.6355459760563754
Marketing Officer,0.6355296592526456
Network Support Engineer,0.6355267016045973
Project Coordinator (Civil),0.6355213138843069
Business Development Executive,0.6355148967262838
Site Engineer,0.6355081605567026
"Manager- Human Resource Management (HRM)
",0.6354976462545086
Head of Internal Control & Compliance (ICC) - SEVP/DMD,0.6354748897853838
Mechanical Engineer,0.6354519534444538
Site Engineer,0.6354506035520362
Senior iOS Engineer,0.6354379705676942
"Manager- Human Resource Management (HRM)
",0.6354305627266477
Data Engineer,0.6354303222260276
Site Engineer,0.6354296654989362
Senior iOS Engineer,0.635421222255408
Business Development Executive,0.6354150444193685
"Executive/ Senior Executive- Trade Marketing, Hygiene Products",0.6354136889730635
Site Engineer,0.635408080909195
Marketing Officer,0.6353935995635408
Sr.Officer / Executive - Internal Audit,0.6353869945935341
Site Engineer,0.6353846411581934
Senior iOS Engineer,0.6353785176581814
Database Administrator (DBA),0.635371585403485
Civil Engineer,0.6353625981663575
Site Engineer,0.6353516688410114
Mechanical Engineer,0.6353396307073218
"Manager- Human Resource Management (HRM)
",0.6353380213033324
"System Administrator (Operation & Maintenance of Server, Storage & Service Desk System)",0.6353373300275984
Network Support Engineer,0.6353337550381429
Project Coordinator (Civil),0.6353272610690668
Head of Internal Control & Compliance (ICC) - SEVP/DMD,0.635317489305895
Senior iOS Engineer,0.6353134752198125
Network Support Engineer,0.6353131733409284
Senior iOS Engineer,0.6353081840017459
Network Support Engineer,0.6352891382319533
Mechanical Engineer,0.6352800895546088
Senior iOS Engineer,0.6352772265930542
Network Support Engineer,0.6352707348945674
Marketing Officer,0.6352617197282117
Business Development Executive,0.6352395137727175
DevOps Engineer,0.6352324028689185
Data Engineer,0.6352178432362795
Mechanical Engineer,0.6352090913898889
Network Support Engineer,0.6352070729736243
"Executive/ Senior Executive- Trade Marketing, Hygiene Products",0.6352067170922888
Civil Engineer,0.6351895038268688
Marketing Officer,0.6351880339500809
Senior iOS Engineer,0.6351740544614137
Database Administrator (DBA),0.6351568126089601
Asst. Manager/ Manger (Administrative),0.6351363626776637
Civil Engineer,0.6351094143004361
Business Development Executive,0.6351084624471682
Mechanical Engineer,0.635107548649831
Database Administrator (DBA),0.635090590247301
Mechanical Engineer,0.6350873455595306
Civil Engineer,0.6350824041129461
Sr.Officer / Executive - Internal Audit,0.6350800978350819
Asst. Manager/ Manger (Administrative),0.6350797332147821
Project Coordinator (Civil),0.6350744408094242
Executive - VAT,0.6350695355169195
Network Support Engineer,0.6350550215911774
Data Engineer,0.6350217732415855
Senior iOS Engineer,0.6350204508954469
Data Science Engineer,0.6350132772292406
Network Support Engineer,0.6350112203921058
Network Support Engineer,0.6350110546101035
Sr.Officer / Executive - Internal Audit,0.6349798981066223
Project Coordinator (Civil),0.6349796982903216
Data Science Engineer,0.6349705589093843
Site Engineer,0.6349655704212283
Marketing Officer,0.6349550479023943
"System Administrator (Operation & Maintenance of Server, Storage & Service Desk System)",0.6349483349597949
Mechanical Designer,0.6349330361535463
Network Support Engineer,0.6349261022917819
Database Administrator (DBA),0.6349246974417473
Data Engineer,0.6349121884728423
"Manager- Human Resource Management (HRM)
",0.6349052910529603
Data Engineer,0.634896189806006
Site Engineer,0.6348907244257138
Asst. Manager/ Manger (Administrative),0.6348886689153945
"Manager- Human Resource Management (HRM)
",0.6348878692426997
"Executive/ Senior Executive- Trade Marketing, Hygiene Products",0.634885841079608
Senior iOS Engineer,0.6348842341785024
"Executive/ Senior Executive- Trade Marketing, Hygiene Products",0.6348792686043261
Mechanical Designer,0.634860424382331
Head of Internal Control & Compliance (ICC) - SEVP/DMD,0.6348366584092834
Database Administrator (DBA),0.6348342343492351
Senior iOS Engineer,0.6348242225954346
Sr.Officer / Executive - Internal Audit,0.6348176737996136
Network Support Engineer,0.6348098019165329
Business Development Executive,0.6347841461332838
Sr.Officer / Executive - Internal Audit,0.6347791170538328
Civil Engineer,0.6347766886715581
"Manager- Human Resource Management (HRM)
",0.6347720470397651
"Executive/ Senior Executive- Trade Marketing, Hygiene Products",0.6347688354485224
Data Science Engineer,0.6347572912171059
Head of Internal Control & Compliance (ICC) - SEVP/DMD,0.6347372999324379
Project Coordinator (Civil),0.6347369384745816
Marketing Officer,0.6347238938635226
Mechanical Designer,0.6347104071910463
Site Engineer,0.6346851705078087
Asst. Manager/ Manger (Administrative),0.6346763718358925
"Executive/ Senior Executive- Trade Marketing, Hygiene Products",0.6346733349350844
Database Administrator (DBA),0.6346321923320398
Network Support Engineer,0.6346268620778994
Network Support Engineer,0.6346251782534721
Sr.Officer / Executive - Internal Audit,0.6346250861064718
Mechanical Engineer,0.6345763698557384
Data Science Engineer,0.6345756407098047
Head of Internal Control & Compliance (ICC) - SEVP/DMD,0.6345430219780984
Mechanical Designer,0.6345197957661586
Project Coordinator (Civil),0.6345120046514013
Project Coordinator (Civil),0.6345097330606453
Asst. Manager/ Manger (Administrative),0.6345012071486229
Civil Engineer,0.6344905606125892
Business Development Executive,0.6344899185047267
Business Development Executive,0.6344839485339996
Civil Engineer,0.634482170890235
Business Development Executive,0.6344614457883295
Civil Engineer,0.6344608121536816
Mechanical Engineer,0.634455021161679
Head of Internal Control & Compliance (ICC) - SEVP/DMD,0.6344192548668662
Network Support Engineer,0.634418863867392
Data Engineer,0.6344091636359048
Asst. Manager/ Manger (Administrative),0.6344082124587256
"System Administrator (Operation & Maintenance of Server, Storage & Service Desk System)",0.6343892208174694
Database Administrator (DBA),0.6343748040893514
Civil Engineer,0.6343637991622484
Mechanical Engineer,0.6343534668033284
Database Administrator (DBA),0.6343437465353949
Marketing Officer,0.6343408672036436
"Executive/ Senior Executive- Trade Marketing, Hygiene Products",0.6343284725400214
Head of Internal Control & Compliance (ICC) - SEVP/DMD,0.6343208737134353
Sr.Officer / Executive - Internal Audit,0.6343187984857117
Site Engineer,0.6342981878480103
Project Coordinator (Civil),0.6342527726210604
Marketing Officer,0.6342496328125654
Mechanical Designer,0.6342482896669807
Mechanical Engineer,0.6342370373767672
Project Coordinator (Civil),0.634215207362566
Database Administrator (DBA),0.6341978933713567
Business Development Executive,0.6341897143337896
Mechanical Engineer,0.6341569229516989
Site Engineer,0.6341549723408111
Data Engineer,0.6341549608647671
Executive - VAT,0.6341496104834274
Business Development Executive,0.6341478840035754
"Executive/ Senior Executive- Trade Marketing, Hygiene Products",0.6341457081998387
Civil Engineer,0.6341382502551554
Senior iOS Engineer,0.6341357578527473
Business Development Executive,0.6341278190346736
Civil Engineer,0.6341249399787274
Mechanical Designer,0.6341156687993857
"Executive/ Senior Executive- Trade Marketing, Hygiene Products",0.6341150762165563
Business Development Executive,0.6341141869313554
Site Engineer,0.6341101537773406
"Manager- Human Resource Management (HRM)
",0.6340938147288204
Mechanical Engineer,0.6340927739067889
Senior iOS Engineer,0.6340927464783495
Network Support Engineer,0.6340896120702735
Site Engineer,0.6340871816549725
Senior iOS Engineer,0.6340870717635596
Data Science Engineer,0.6340610459165099
Mechanical Designer,0.6340556477072284
Database Administrator (DBA),0.6340515129710743
Data Science Engineer,0.6340486920365491
Sr.Officer / Executive - Internal Audit,0.6340323393422261
Civil Engineer,0.6340228473689187
"Manager- Human Resource Management (HRM)
",0.634007504486974
Civil Engineer,0.634004615492053
Senior iOS Engineer,0.634001238910006
Head of Internal Control & Compliance (ICC) - SEVP/DMD,0.6340007784251032
Business Development Executive,0.633998176061719
Head of Internal Control & Compliance (ICC) - SEVP/DMD,0.6339869606492026
Civil Engineer,0.6339736819302644
Sr.Officer / Executive - Internal Audit,0.6339553931580438
Site Engineer,0.6339317718582536
Mechanical Designer,0.633927189117095
"Manager- Human Resource Management (HRM)
",0.6339167968252035
Sr.Officer / Executive - Internal Audit,0.6338862421025102
Data Engineer,0.6338805305339041
Civil Engineer,0.6338728610446841
Sr.Officer / Executive - Internal Audit,0.6338727487350272
Senior iOS Engineer,0.6338718351543873
Senior iOS Engineer,0.6338700245055221
Mechanical Engineer,0.6338622847546234
Site Engineer,0.6338491147113559
Senior iOS Engineer,0.6338242229288702
DevOps Engineer,0.6338167842016739
Asst. Manager/ Manger (Administrative),0.6337989661161051
Project Coordinator (Civil),0.6337660711443187
Mechanical Engineer,0.6337591430249561
Asst. Manager/ Manger (Administrative),0.6337307065888039
"Executive/ Senior Executive- Trade Marketing, Hygiene Products",0.6337183753620302
Project Coordinator (Civil),0.6336880111383584
Network Support Engineer,0.6336695469358218
Data Engineer,0.633668095000145
Civil Engineer,0.6336641509640564
Site Engineer,0.6336638750040502
"Manager- Human Resource Management (HRM)
",0.6336632604323273
Business Development Executive,0.6336449809044707
Mechanical Engineer,0.6336396764904033
Network Support Engineer,0.6336206910697301
Senior iOS Engineer,0.6336037571696614
DevOps Engineer,0.6335915106767892
Business Development Executive,0.6335828522546079
DevOps Engineer,0.6335763638802056
DevOps Engineer,0.6335744325682241
Database Administrator (DBA),0.6335710028806988
"Manager- Human Resource Management (HRM)
",0.6335678851719689
Asst. Manager/ Manger (Administrative),0.6335609469174055
Site Engineer,0.6335554278694998
Mechanical Engineer,0.6335359530677585
Senior iOS Engineer,0.6335338543053934
Network Support Engineer,0.6335293928536319
Business Development Executive,0.6335280050292244
Project Coordinator (Civil),0.6335194003613753
Business Development Executive,0.6335062549699303
Marketing Officer,0.6334805685467143
Project Coordinator (Civil),0.633470725627428
"Executive/ Senior Executive- Trade Marketing, Hygiene Products",0.6334652804479524
Mechanical Designer,0.6334605566607403
Business Development Executive,0.6334596128993235
Network Support Engineer,0.6334544984408824
Senior iOS Engineer,0.6334532412613749
"Manager- Human Resource Management (HRM)
",0.6334482181528691
Mechanical Engineer,0.6334356368341104
Data Science Engineer,0.6334272384165929
Project Coordinator (Civil),0.6334249164452235
Data Science Engineer,0.6334235026581474
Marketing Officer,0.633418386430043
Network Support Engineer,0.6334130980796224
Site Engineer,0.6334123512340392
Database Administrator (DBA),0.6333907353021454
Senior iOS Engineer,0.6333831142555946
Project Coordinator (Civil),0.6333771459790047
DevOps Engineer,0.6333761687281904
Database Administrator (DBA),0.6333675524458103
Asst. Manager/ Manger (Administrative),0.6333643454616046
Mechanical Engineer,0.633358653628781
Site Engineer,0.6333550424995301
Marketing Officer,0.6333485389538533
Business Development Executive,0.6333454955675848
Site Engineer,0.6333388685294165
Marketing Officer,0.633320208047402
Head of Internal Control & Compliance (ICC) - SEVP/DMD,0.6333177458751102
Database Administrator (DBA),0.6333113859512283
Network Support Engineer,0.633291056657885
"System Administrator (Operation & Maintenance of Server, Storage & Service Desk System)",0.633266804707739
Site Engineer,0.6332560447910253
Database Administrator (DBA),0.6332451541437517
Data Engineer,0.6332349094218174
Site Engineer,0.6332275228495688
Senior iOS Engineer,0.6332186530429477
DevOps Engineer,0.6332147835166068
Network Support Engineer,0.6331899694976093
"Manager- Human Resource Management (HRM)
",0.6331877504736125
Mechanical Engineer,0.6331778760625147
Data Science Engineer,0.6331608367874775
Mechanical Engineer,0.6331557925053699
Marketing Officer,0.6331546370044852
Site Engineer,0.6331541853850037
"System Administrator (Operation & Maintenance of Server, Storage & Service Desk System)",0.6331453589864344
Sr.Officer / Executive - Internal Audit,0.6331435391803317
Senior iOS Engineer,0.6331362227594188
Business Development Executive,0.6331343127663289
Senior iOS Engineer,0.6331266730968793
Network Support Engineer,0.6331245079435642
Mechanical Engineer,0.6331212126818239
Mechanical Engineer,0.6331205058824397
"Executive/ Senior Executive- Trade Marketing, Hygiene Products",0.6331094654813921
Site Engineer,0.6331085260257886
Network Support Engineer,0.6331009769007646
Executive - VAT,0.6330847131325262
Senior iOS Engineer,0.6330839615034984
Senior iOS Engineer,0.6330821983151869
Data Science Engineer,0.633079346223218
Senior iOS Engineer,0.6330679442475498
"System Administrator (Operation & Maintenance of Server, Storage & Service Desk System)",0.6330673182089298
Project Coordinator (Civil),0.6330610937774996
Data Engineer,0.6330501625358657
"Manager- Human Resource Management (HRM)
",0.6330399682757535
Business Development Executive,0.6330365119828438
Marketing Officer,0.6330339589807428
Network Support Engineer,0.6330321013298702
Database Administrator (DBA),0.6330073702040652
Mechanical Engineer,0.6330052865173748
Head of Internal Control & Compliance (ICC) - SEVP/DMD,0.6329929597870492
Site Engineer,0.6329909696911579
Site Engineer,0.6329863394136174
Database Administrator (DBA),0.6329808655255441
"System Administrator (Operation & Maintenance of Server, Storage & Service Desk System)",0.6329801371654422
Senior iOS Engineer,0.6329684778649366
Asst. Manager/ Manger (Administrative),0.6329603145042827
Senior iOS Engineer,0.6329490597995266
Mechanical Designer,0.632944916885882
"Manager- Human Resource Management (HRM)
",0.6329365734827364
Mechanical Engineer,0.6329362177388671
"System Administrator (Operation & Maintenance of Server, Storage & Service Desk System)",0.6329324238894813
Marketing Officer,0.6329216688182169
Marketing Officer,0.6328979822824797
Marketing Officer,0.6328893599446787
Sr.Officer / Executive - Internal Audit,0.6328799563916474
Mechanical Engineer,0.6328795559484154
Mechanical Engineer,0.63282579862384
Senior iOS Engineer,0.6328232872912782
Marketing Officer,0.6328204305114038
Business Development Executive,0.6328096296815982
Mechanical Designer,0.6328063961309858
"Executive/ Senior Executive- Trade Marketing, Hygiene Products",0.6327956257217411
Marketing Officer,0.6327926950918159
Project Coordinator (Civil),0.6327837042456393
Business Development Executive,0.6327819276936457
Senior iOS Engineer,0.6327804116818656
Business Development Executive,0.6327742619381997
Civil Engineer,0.6327688813887006
Data Engineer,0.6327642974929024
Head of Internal Control & Compliance (ICC) - SEVP/DMD,0.6327540798961604
"Manager- Human Resource Management (HRM)
",0.6327533514439948
Executive - VAT,0.63271828255829
Mechanical Engineer,0.6327101629696114
Business Development Executive,0.6326941795620086
Project Coordinator (Civil),0.6326857149021969
Data Science Engineer,0.632673736168814
"System Administrator (Operation & Maintenance of Server, Storage & Service Desk System)",0.6326619578666776
DevOps Engineer,0.6326581807478457
Senior iOS Engineer,0.6326203650199639
Mechanical Engineer,0.6326032319661271
Head of Internal Control & Compliance (ICC) - SEVP/DMD,0.6325993992221802
Senior iOS Engineer,0.6325765642833686
DevOps Engineer,0.6325641639716533
Business Development Executive,0.6325587118056875
Senior iOS Engineer,0.6325540094928122
Project Coordinator (Civil),0.6325453788085603
Asst. Manager/ Manger (Administrative),0.6325391569649805
Business Development Executive,0.6325170074574326
Data Engineer,0.632511118376398
Marketing Officer,0.6325110117758673
Business Development Executive,0.6325083665939776
Data Science Engineer,0.6324904617071008
Business Development Executive,0.6324859626871312
Marketing Officer,0.6324852377115651
Site Engineer,0.632476089231594
"Executive/ Senior Executive- Trade Marketing, Hygiene Products",0.6324715884680994
Mechanical Engineer,0.6324634367034437
Civil Engineer,0.632457772505699
Asst. Manager/ Manger (Administrative),0.6324560715176799
"Manager- Human Resource Management (HRM)
",0.6324459042853215
DevOps Engineer,0.6324430464505438
Executive - VAT,0.6324345354691404
Mechanical Engineer,0.6323936451315099
DevOps Engineer,0.632388443704257
Business Development Executive,0.6323842948133631
Data Engineer,0.6323788342942711
Mechanical Engineer,0.6323785847375092
Site Engineer,0.6323774575808689
"System Administrator (Operation & Maintenance of Server, Storage & Service Desk System)",0.6323692008574021
"Executive/ Senior Executive- Trade Marketing, Hygiene Products",0.6323626218726534
"Manager- Human Resource Management (HRM)
",0.632360838258624
Asst. Manager/ Manger (Administrative),0.632360550956906
Head of Internal Control & Compliance (ICC) - SEVP/DMD,0.6323562898431143
"System Administrator (Operation & Maintenance of Server, Storage & Service Desk System)",0.632337160761479
Marketing Officer,0.6323369420627182
Sr.Officer / Executive - Internal Audit,0.6323229611705586
Data Science Engineer,0.6323207617350496
Data Science Engineer,0.6323171082573465
Business Development Executive,0.632310483118772
Project Coordinator (Civil),0.6323094770612062
Business Development Executive,0.6323032811769191
Network Support Engineer,0.6322900434288483
"Manager- Human Resource Management (HRM)
",0.6322618012754815
Project Coordinator (Civil),0.6322603874720858
"Manager- Human Resource Management (HRM)
",0.6322482266562471
"Manager- Human Resource Management (HRM)
",0.6322273682257711
Business Development Executive,0.6322177620741413
Project Coordinator (Civil),0.6322062561880321
Site Engineer,0.6322038080646667
Asst. Manager/ Manger (Administrative),0.6321957712924289
Database Administrator (DBA),0.6321882710139706
Business Development Executive,0.6321818058589734
Network Support Engineer,0.6321453724544204
Civil Engineer,0.6321298785774064
"Executive/ Senior Executive- Trade Marketing, Hygiene Products",0.6321278011214762
Senior iOS Engineer,0.6321250479267562
Senior iOS Engineer,0.6321217084082891
Mechanical Designer,0.6321190802194521
Civil Engineer,0.632109313716728
Site Engineer,0.632100905515178
Mechanical Engineer,0.6320792289052976
Data Science Engineer,0.6320448229322976
"Manager- Human Resource Management (HRM)
",0.6320305235836807
Senior iOS Engineer,0.632029821882528
Head of Internal Control & Compliance (ICC) - SEVP/DMD,0.6319489007816321
Senior iOS Engineer,0.6319100833705179
"System Administrator (Operation & Maintenance of Server, Storage & Service Desk System)",0.631904305269892
"System Administrator (Operation & Maintenance of Server, Storage & Service Desk System)",0.6319012902849359
Business Development Executive,0.631893124595989
Marketing Officer,0.6318673772567782
Sr.Officer / Executive - Internal Audit,0.631865700448427
Business Development Executive,0.6318628611336186
Business Development Executive,0.6318624784595172
Site Engineer,0.6318489989301685
Mechanical Engineer,0.6318397560310174
DevOps Engineer,0.6318334691941255
Mechanical Engineer,0.6318189520319029
Mechanical Engineer,0.6318132328480084
Mechanical Engineer,0.6317969418553174
Project Coordinator (Civil),0.6317954036453701
Civil Engineer,0.6317944344308762
DevOps Engineer,0.6317896490425529
Asst. Manager/ Manger (Administrative),0.6317885931892989
Mechanical Designer,0.6317705133148375
"Executive/ Senior Executive- Trade Marketing, Hygiene Products",0.6317286395309646
Network Support Engineer,0.6317241912665502
Project Coordinator (Civil),0.6317125239991631
Civil Engineer,0.631708713693314
Mechanical Engineer,0.6316896935158678
Database Administrator (DBA),0.6316797344681261
Mechanical Engineer,0.6316767698713788
Head of Internal Control & Compliance (ICC) - SEVP/DMD,0.6316682875284222
"Executive/ Senior Executive- Trade Marketing, Hygiene Products",0.6316484086339691
DevOps Engineer,0.6316444897940531
DevOps Engineer,0.6316400843458774
"Manager- Human Resource Management (HRM)
",0.6316391424468544
Asst. Manager/ Manger (Administrative),0.6316321702537134
"Manager- Human Resource Management (HRM)
",0.6316320809282189
"Manager- Human Resource Management (HRM)
",0.6316266339349285
Database Administrator (DBA),0.6316219664746024
Data Engineer,0.6316187201973815
"Manager- Human Resource Management (HRM)
",0.6316184993498047
Business Development Executive,0.6316052686441167
Database Administrator (DBA),0.6316039537373431
Mechanical Engineer,0.6316023241111057
"Manager- Human Resource Management (HRM)
",0.6315914469885977
Civil Engineer,0.6315865418884552
Head of Internal Control & Compliance (ICC) - SEVP/DMD,0.63155852222126
Business Development Executive,0.6315574899093884
"Executive/ Senior Executive- Trade Marketing, Hygiene Products",0.6315482132319955
Data Science Engineer,0.6315310451605359
Senior iOS Engineer,0.6315269697483528
Marketing Officer,0.6315243839004769
Head of Internal Control & Compliance (ICC) - SEVP/DMD,0.6315208184617871
Project Coordinator (Civil),0.631516707080761
Database Administrator (DBA),0.6315150407105736
"Manager- Human Resource Management (HRM)
",0.6315123467952565
Data Science Engineer,0.6314901603345655
Site Engineer,0.6314801958205982
Database Administrator (DBA),0.6314641312447986
"Manager- Human Resource Management (HRM)
",0.6314630043832801
DevOps Engineer,0.6314482565980691
Senior iOS Engineer,0.6314443797802791
Network Support Engineer,0.6314217405447006
"Manager- Human Resource Management (HRM)
",0.6314172953042401
DevOps Engineer,0.631406281303951
"Manager- Human Resource Management (HRM)
",0.6314042838444037
Site Engineer,0.6313951019515832
Head of Internal Control & Compliance (ICC) - SEVP/DMD,0.6313815638410138
Project Coordinator (Civil),0.6313809509025176
Mechanical Engineer,0.631376120291274
Project Coordinator (Civil),0.6313555907900945
"Executive/ Senior Executive- Trade Marketing, Hygiene Products",0.6313478205476604
Asst. Manager/ Manger (Administrative),0.6313286114832244
Mechanical Designer,0.6313047648473739
Mechanical Engineer,0.6313028935783485
Site Engineer,0.6313018621836186
Mechanical Engineer,0.631297202707106
Sr.Officer / Executive - Internal Audit,0.6312915874101105
Mechanical Engineer,0.6312729655142768
Mechanical Engineer,0.6312710540716793
"Executive/ Senior Executive- Trade Marketing, Hygiene Products",0.6312516192594371
Asst. Manager/ Manger (Administrative),0.6312489705745895
Civil Engineer,0.6312428092413981
"Executive/ Senior Executive- Trade Marketing, Hygiene Products",0.6312423639652007
Head of Internal Control & Compliance (ICC) - SEVP/DMD,0.6312254042464427
Business Development Executive,0.6312170979715165
Senior iOS Engineer,0.6312122531872535
Senior iOS Engineer,0.6312060961996314
DevOps Engineer,0.6312059014052764
Marketing Officer,0.6311983116793505
Civil Engineer,0.6311887621292256
Project Coordinator (Civil),0.6311877685559418
Senior iOS Engineer,0.6311794028321319
Site Engineer,0.6311542076182914
Civil Engineer,0.631144145791709
Database Administrator (DBA),0.6311392070792635
Business Development Executive,0.6311372844886791
Senior iOS Engineer,0.6311345251937908
Project Coordinator (Civil),0.6311312422933854
Project Coordinator (Civil),0.6311177315888882
Mechanical Engineer,0.6311173701418514
Marketing Officer,0.6310972037156135
Network Support Engineer,0.631090471493552
Marketing Officer,0.6310894700346918
Site Engineer,0.6310817432873175
Senior iOS Engineer,0.6310580034809469
"Executive/ Senior Executive- Trade Marketing, Hygiene Products",0.6310451923874947
Data Engineer,0.6310329796279985
Business Development Executive,0.6310278632672656
Senior iOS Engineer,0.631018592460034
Civil Engineer,0.6310124652141705
"Executive/ Senior Executive- Trade Marketing, Hygiene Products",0.6310090302359
Project Coordinator (Civil),0.6310055840159108
Marketing Officer,0.6309915599351205
Network Support Engineer,0.6309765748828554
"Manager- Human Resource Management (HRM)
",0.6309683542564413
Mechanical Engineer,0.6309627598873171
Business Development Executive,0.6309560084355251
Project Coordinator (Civil),0.6309509074862931
Network Support Engineer,0.6309430888333741
Mechanical Engineer,0.6309392274465697
Head of Internal Control & Compliance (ICC) - SEVP/DMD,0.6309097037615996
Mechanical Engineer,0.6309042982264054
"System Administrator (Operation & Maintenance of Server, Storage & Service Desk System)",0.630900093069678
Database Administrator (DBA),0.6308940124116671
Database Administrator (DBA),0.6308918001392368
Site Engineer,0.6308618592769277
Head of Internal Control & Compliance (ICC) - SEVP/DMD,0.6308339848216876
Asst. Manager/ Manger (Administrative),0.6308305904122088
Mechanical Engineer,0.6308191858828213
Mechanical Designer,0.6307956161338296
Asst. Manager/ Manger (Administrative),0.6307850959267608
Site Engineer,0.6307836133577198
Site Engineer,0.630778074889648
Head of Internal Control & Compliance (ICC) - SEVP/DMD,0.6307768256181625
"Manager- Human Resource Management (HRM)
",0.630770158607941
Mechanical Designer,0.6307573495029474
Senior iOS Engineer,0.6307565259234001
"Manager- Human Resource Management (HRM)
",0.6307547998776653
Head of Internal Control & Compliance (ICC) - SEVP/DMD,0.6307458081889084
Marketing Officer,0.630744641805778
Business Development Executive,0.6307312478423559
Data Engineer,0.6307226535118864
Head of Internal Control & Compliance (ICC) - SEVP/DMD,0.630721784573251
DevOps Engineer,0.6307211198292564
Network Support Engineer,0.6307208799091769
Mechanical Designer,0.6307128809452869
Senior iOS Engineer,0.6307105299141039
Head of Internal Control & Compliance (ICC) - SEVP/DMD,0.6307086376100784
Mechanical Engineer,0.6307072791540114
Marketing Officer,0.6307070560328152
Database Administrator (DBA),0.6306917326355985
Asst. Manager/ Manger (Administrative),0.6306766348878382
Database Administrator (DBA),0.6306715461889589
Project Coordinator (Civil),0.6306696031260313
Mechanical Engineer,0.6306390255346196
Mechanical Designer,0.6306327574966358
Senior iOS Engineer,0.6306182232251333
"Executive/ Senior Executive- Trade Marketing, Hygiene Products",0.6306078033497919
Network Support Engineer,0.6306036525949881
Executive - VAT,0.6305900704770842
Database Administrator (DBA),0.6305839939014406
Mechanical Engineer,0.6305789980889154
Data Engineer,0.630576390045232
Executive - VAT,0.6305500224185833
Senior iOS Engineer,0.6305198046178156
DevOps Engineer,0.6305155682987288
Database Administrator (DBA),0.6305110742193195
Database Administrator (DBA),0.6305073160966946
Mechanical Designer,0.6304862713370529
Data Engineer,0.6304831161410317
Project Coordinator (Civil),0.6304825845319773
"Manager- Human Resource Management (HRM)
",0.6304786031267265
Mechanical Designer,0.6304500985518023
Database Administrator (DBA),0.630432966015506
Civil Engineer,0.6304241750748789
Project Coordinator (Civil),0.6304232122784104
Head of Internal Control & Compliance (ICC) - SEVP/DMD,0.6304160553344331
Site Engineer,0.630412901314812
Database Administrator (DBA),0.630410604867161
Senior iOS Engineer,0.6304055112239753
Data Engineer,0.6303965514503134
"System Administrator (Operation & Maintenance of Server, Storage & Service Desk System)",0.6303885745006816
Business Development Executive,0.630382415045059
Network Support Engineer,0.6303799029013304
Database Administrator (DBA),0.6303772666514647
Marketing Officer,0.6303731747592012
Business Development Executive,0.6303645137916677
Network Support Engineer,0.6303577605754315
Network Support Engineer,0.630357370447616
Mechanical Engineer,0.6303530961406767
Site Engineer,0.6303481163500462
Civil Engineer,0.63034047945916
Project Coordinator (Civil),0.6303400376327355
Data Engineer,0.6303255654834851
"System Administrator (Operation & Maintenance of Server, Storage & Service Desk System)",0.6303241007194983
DevOps Engineer,0.6303152246805008
Head of Internal Control & Compliance (ICC) - SEVP/DMD,0.6303151498238275
"System Administrator (Operation & Maintenance of Server, Storage & Service Desk System)",0.630303125431939
"Manager- Human Resource Management (HRM)
",0.6302997495245285
Mechanical Designer,0.630296764802162
Project Coordinator (Civil),0.6302956389562071
Business Development Executive,0.6302868780327768
Site Engineer,0.6302769417806264
Site Engineer,0.6302544156741314
Business Development Executive,0.6302428506497955
Senior iOS Engineer,0.6302324365631868
Mechanical Designer,0.6302282328919421
Head of Internal Control & Compliance (ICC) - SEVP/DMD,0.6302213965603345
Project Coordinator (Civil),0.6302133491914065
"Executive/ Senior Executive- Trade Marketing, Hygiene Products",0.6301947482565234
Project Coordinator (Civil),0.6301915752248711
Data Engineer,0.6301531783117159
Senior iOS Engineer,0.6301515813802323
Data Engineer,0.6301404359435934
"Manager- Human Resource Management (HRM)
",0.6301098171477019
Mechanical Engineer,0.6301074822497641
Database Administrator (DBA),0.6300910465724849
Data Engineer,0.6300772580191775
Senior iOS Engineer,0.6300714251370743
Database Administrator (DBA),0.6300703777443671
DevOps Engineer,0.6300696558292024
Data Engineer,0.6300508511099225
Project Coordinator (Civil),0.6300360269965346
"Executive/ Senior Executive- Trade Marketing, Hygiene Products",0.6300347099444109
Project Coordinator (Civil),0.6300130755981199
Data Engineer,0.6300054797546653
Marketing Officer,0.6299988183856275
DevOps Engineer,0.6299948365027784
Executive - VAT,0.6299905341436925
"Executive/ Senior Executive- Trade Marketing, Hygiene Products",0.6299782975713207
Civil Engineer,0.6299720925242371
Head of Internal Control & Compliance (ICC) - SEVP/DMD,0.6299269000997033
Database Administrator (DBA),0.6299158091566004
Sr.Officer / Executive - Internal Audit,0.6299044699746281
Senior iOS Engineer,0.629897833136585
Mechanical Engineer,0.6298869575810507
Mechanical Engineer,0.6298821828260511
Business Development Executive,0.6298661757102406
"Executive/ Senior Executive- Trade Marketing, Hygiene Products",0.6298571939242749
Business Development Executive,0.6298570387307588
Business Development Executive,0.6298312926432162
Sr.Officer / Executive - Internal Audit,0.6298094444727709
Data Engineer,0.6298039861348252
DevOps Engineer,0.6297979917988156
Asst. Manager/ Manger (Administrative),0.6297947656096331
Mechanical Engineer,0.6297642542876736
Senior iOS Engineer,0.6297440436235612
DevOps Engineer,0.6297405878353399
Database Administrator (DBA),0.6297371702221561
Database Administrator (DBA),0.6297347853428775
Senior iOS Engineer,0.6297327149844282
Site Engineer,0.6297323713734699
"System Administrator (Operation & Maintenance of Server, Storage & Service Desk System)",0.6297305444132457
Mechanical Designer,0.6297156475229598
Civil Engineer,0.6296946418359946
Data Engineer,0.6296769282618516
Data Science Engineer,0.629672469617022
Business Development Executive,0.6296680743200292
Asst. Manager/ Manger (Administrative),0.6296601726331671
Project Coordinator (Civil),0.6296519063441868
Network Support Engineer,0.6296476124075254
"Manager- Human Resource Management (HRM)
",0.6296417635154281
Data Engineer,0.6296389238455729
DevOps Engineer,0.6296325339257767
Project Coordinator (Civil),0.6296262426603902
Senior iOS Engineer,0.6296235811640267
Mechanical Engineer,0.6296210734043348
DevOps Engineer,0.6296208425363756
"Manager- Human Resource Management (HRM)
",0.6296162038585674
Business Development Executive,0.6296108326014729
"Manager- Human Resource Management (HRM)
",0.6296054940565637
Site Engineer,0.6296041295340471
Data Engineer,0.6296034062599244
Mechanical Designer,0.6295959511483432
Head of Internal Control & Compliance (ICC) - SEVP/DMD,0.6295814412580475
Head of Internal Control & Compliance (ICC) - SEVP/DMD,0.6295718579403616
Asst. Manager/ Manger (Administrative),0.629553188196762
Database Administrator (DBA),0.6295393254889148
Business Development Executive,0.6295259254920393
Site Engineer,0.6295150146510567
Civil Engineer,0.6295121292124024
Mechanical Designer,0.6295059271916605
Civil Engineer,0.629502305308395
Site Engineer,0.6294870360161285
Mechanical Engineer,0.6294852782266507
Project Coordinator (Civil),0.6294759866496878
Network Support Engineer,0.6294661165478019
Site Engineer,0.6294593157077907
"Executive/ Senior Executive- Trade Marketing, Hygiene Products",0.6294485653930693
Network Support Engineer,0.6294471901619577
"System Administrator (Operation & Maintenance of Server, Storage & Service Desk System)",0.6294468178404414
Database Administrator (DBA),0.6294467793001006
Senior iOS Engineer,0.6294225654976882
Business Development Executive,0.6294222992622761
DevOps Engineer,0.6293825900914997
"System Administrator (Operation & Maintenance of Server, Storage & Service Desk System)",0.6293810778438832
Marketing Officer,0.6293805265692448
Business Development Executive,0.6293797265767576
Business Development Executive,0.629369999810992
"System Administrator (Operation & Maintenance of Server, Storage & Service Desk System)",0.6293661901063722
Mechanical Engineer,0.6293618562702359
Sr.Officer / Executive - Internal Audit,0.6293423062600072
Head of Internal Control & Compliance (ICC) - SEVP/DMD,0.6293413840710709
"Manager- Human Resource Management (HRM)
",0.6292947238465013
Business Development Executive,0.6292928124185608
Mechanical Engineer,0.6292898603625336
Site Engineer,0.6292841665263708
Mechanical Designer,0.6292792811610886
Data Engineer,0.6292751505495356
Senior iOS Engineer,0.6292659697844475
Civil Engineer,0.6292645979215268
Data Engineer,0.6292511226598565
Mechanical Designer,0.6292265424705684
Mechanical Designer,0.6292230676495648
"Executive/ Senior Executive- Trade Marketing, Hygiene Products",0.6291997052016614
Asst. Manager/ Manger (Administrative),0.6291960066577196
Site Engineer,0.62919578878211
Senior iOS Engineer,0.6291790090959359
"Executive/ Senior Executive- Trade Marketing, Hygiene Products",0.6291783663542736
Senior iOS Engineer,0.6291549712962716
Data Science Engineer,0.6291489412583275
"Executive/ Senior Executive- Trade Marketing, Hygiene Products",0.6291357867837623
Senior iOS Engineer,0.6291327234855658
Head of Internal Control & Compliance (ICC) - SEVP/DMD,0.6291289037700335
Business Development Executive,0.6291190854612732
Asst. Manager/ Manger (Administrative),0.6291073619007261
Civil Engineer,0.6291045878655088
Project Coordinator (Civil),0.6290962027841247
Database Administrator (DBA),0.6290939410327248
Mechanical Engineer,0.6290927023512396
"Executive/ Senior Executive- Trade Marketing, Hygiene Products",0.6290900144559725
Data Engineer,0.6290790439638317
Asst. Manager/ Manger (Administrative),0.6290787960159007
Head of Internal Control & Compliance (ICC) - SEVP/DMD,0.6290627459528427
"Manager- Human Resource Management (HRM)
",0.6290509506314415
Sr.Officer / Executive - Internal Audit,0.6290455183102154
Mechanical Engineer,0.6290447457354065
"Manager- Human Resource Management (HRM)
",0.6290440754907938
"System Administrator (Operation & Maintenance of Server, Storage & Service Desk System)",0.6290284158504303
Head of Internal Control & Compliance (ICC) - SEVP/DMD,0.6290249178287258
Business Development Executive,0.6290135169862114
Project Coordinator (Civil),0.6290112470569095
Asst. Manager/ Manger (Administrative),0.6290045980812575
Database Administrator (DBA),0.6289943224526874
Sr.Officer / Executive - Internal Audit,0.6289777808972786
Mechanical Engineer,0.6289744544633604
Senior iOS Engineer,0.6289689161660205
Civil Engineer,0.6289611517842207
Mechanical Designer,0.6289565192119309
"Manager- Human Resource Management (HRM)
",0.6289561093528253
DevOps Engineer,0.6289385758036459
Network Support Engineer,0.6289308160578035
Senior iOS Engineer,0.6289085039706309
Business Development Executive,0.6289052151318437
Mechanical Designer,0.6288947275348397
Mechanical Engineer,0.6288914117798144
Data Engineer,0.6288890755416064
Site Engineer,0.6288672431424859
Network Support Engineer,0.628865137566953
Database Administrator (DBA),0.6288506511989833
Network Support Engineer,0.6288372026980155
Civil Engineer,0.628836316073746
Business Development Executive,0.6288348581802105
Network Support Engineer,0.6288348011963182
Mechanical Designer,0.6288181439496154
Network Support Engineer,0.6288032229480999
Network Support Engineer,0.6287856823509845
Marketing Officer,0.6287786528955525
Sr.Officer / Executive - Internal Audit,0.6287690064336195
Business Development Executive,0.6287596341003323
"Manager- Human Resource Management (HRM)
",0.6287589187683104
Marketing Officer,0.6287527474928686
Site Engineer,0.6287455457184227
Mechanical Engineer,0.6287342929838775
Marketing Officer,0.628720719301205
Head of Internal Control & Compliance (ICC) - SEVP/DMD,0.6287206866971374
Network Support Engineer,0.6286931103309671
"System Administrator (Operation & Maintenance of Server, Storage & Service Desk System)",0.6286878496521092
"Manager- Human Resource Management (HRM)
",0.6286800910426342
Head of Internal Control & Compliance (ICC) - SEVP/DMD,0.6286760535043227
Mechanical Engineer,0.6286751804466985
Mechanical Engineer,0.6286745620612901
Project Coordinator (Civil),0.6286741257105102
Business Development Executive,0.6286680737198346
Senior iOS Engineer,0.6286476489505002
Site Engineer,0.628634694096535
Project Coordinator (Civil),0.6286230162725069
Database Administrator (DBA),0.628620973843451
Senior iOS Engineer,0.6286020752553171
"Executive/ Senior Executive- Trade Marketing, Hygiene Products",0.628581319655416
Network Support Engineer,0.6285729384116423
Senior iOS Engineer,0.6285669992071644
Mechanical Engineer,0.6285205020315042
"System Administrator (Operation & Maintenance of Server, Storage & Service Desk System)",0.628514996201784
Mechanical Designer,0.6285113273402017
Network Support Engineer,0.628505216205697
Mechanical Engineer,0.628500983988326
"Manager- Human Resource Management (HRM)
",0.6284965957154934
DevOps Engineer,0.6284951321050487
Database Administrator (DBA),0.6284786187835637
Mechanical Designer,0.6284686073934784
Mechanical Engineer,0.6284631190363288
Project Coordinator (Civil),0.6284571731154888
Mechanical Engineer,0.6284569520255017
Asst. Manager/ Manger (Administrative),0.6284512452901209
Project Coordinator (Civil),0.6284453068234402
Marketing Officer,0.6284412067643271
Executive - VAT,0.6284183437379874
"System Administrator (Operation & Maintenance of Server, Storage & Service Desk System)",0.6284155419891866
Marketing Officer,0.6284141925002719
Civil Engineer,0.6284127849194334
Network Support Engineer,0.6284002895786757
Civil Engineer,0.6283887872549145
Mechanical Designer,0.6283828359913539
Mechanical Designer,0.6283783569312358
Asst. Manager/ Manger (Administrative),0.6283552709417357
Senior iOS Engineer,0.6283544788915348
Asst. Manager/ Manger (Administrative),0.6283315116871242
"Manager- Human Resource Management (HRM)
",0.628323864239303
Asst. Manager/ Manger (Administrative),0.6283208952087067
"Manager- Human Resource Management (HRM)
",0.6283044346403596
Head of Internal Control & Compliance (ICC) - SEVP/DMD,0.6283027952406214
Head of Internal Control & Compliance (ICC) - SEVP/DMD,0.6282990411012813
"System Administrator (Operation & Maintenance of Server, Storage & Service Desk System)",0.6282854687721056
Network Support Engineer,0.6282843325866342
"Manager- Human Resource Management (HRM)
",0.6282748908083161
Site Engineer,0.6282731984885331
Senior iOS Engineer,0.6282705983838668
Data Engineer,0.628264943608104
Asst. Manager/ Manger (Administrative),0.6282639793877038
Senior iOS Engineer,0.6282584109619933
Civil Engineer,0.6282573502862873
"Executive/ Senior Executive- Trade Marketing, Hygiene Products",0.6282419358123735
Site Engineer,0.628228566265441
Project Coordinator (Civil),0.6282205442745367
Project Coordinator (Civil),0.6282096912166439
Business Development Executive,0.628208925187832
Site Engineer,0.6282068177486451
Civil Engineer,0.6282051347173496
Marketing Officer,0.6281954064215826
Mechanical Engineer,0.6281890920711193
"Manager- Human Resource Management (HRM)
",0.6281882274948595
"Executive/ Senior Executive- Trade Marketing, Hygiene Products",0.6281757143370633
Senior iOS Engineer,0.628173363175335
Database Administrator (DBA),0.6281609027508492
Business Development Executive,0.6281573890931497
"Manager- Human Resource Management (HRM)
",0.6281533328727404
Database Administrator (DBA),0.6281529323165455
"Executive/ Senior Executive- Trade Marketing, Hygiene Products",0.6281506619668409
Data Engineer,0.6281475463413754
Mechanical Engineer,0.6281475230645887
"Executive/ Senior Executive- Trade Marketing, Hygiene Products",0.628139918060601
Database Administrator (DBA),0.6281372067079967
Sr.Officer / Executive - Internal Audit,0.6281331823132436
Asst. Manager/ Manger (Administrative),0.6281282929643561
"Manager- Human Resource Management (HRM)
",0.6280918943454538
"Manager- Human Resource Management (HRM)
",0.6280850203437198
Data Engineer,0.6280786298115242
"Executive/ Senior Executive- Trade Marketing, Hygiene Products",0.6280672267807729
Marketing Officer,0.628047021764993
Project Coordinator (Civil),0.628036994662865
Executive - VAT,0.6280252353404908
"System Administrator (Operation & Maintenance of Server, Storage & Service Desk System)",0.6280205735511578
Mechanical Engineer,0.6280106298079328
Civil Engineer,0.6279975524897214
Senior iOS Engineer,0.6279935250788141
Mechanical Engineer,0.6279798034149089
Mechanical Engineer,0.6279743893030789
Business Development Executive,0.627972613160738
Sr.Officer / Executive - Internal Audit,0.62796861217058
Asst. Manager/ Manger (Administrative),0.6279685502691655
Head of Internal Control & Compliance (ICC) - SEVP/DMD,0.6279651741371057
"Manager- Human Resource Management (HRM)
",0.62796287496971
Database Administrator (DBA),0.627950167407413
Mechanical Designer,0.6279434185472806
"Manager- Human Resource Management (HRM)
",0.6279418141567642
Project Coordinator (Civil),0.6279353975257173
Asst. Manager/ Manger (Administrative),0.6279204958033356
Sr.Officer / Executive - Internal Audit,0.6279180402305108
Project Coordinator (Civil),0.6279033045713689
Business Development Executive,0.6279021460774696
Database Administrator (DBA),0.6278979326206373
Marketing Officer,0.6278946073357169
Asst. Manager/ Manger (Administrative),0.6278891725251716
Mechanical Engineer,0.6278818086658238
Mechanical Designer,0.6278734332309446
Data Engineer,0.627870015078194
Asst. Manager/ Manger (Administrative),0.6278689184541099
Business Development Executive,0.6278663906763654
"Executive/ Senior Executive- Trade Marketing, Hygiene Products",0.6278583587853163
Head of Internal Control & Compliance (ICC) - SEVP/DMD,0.6278409473549754
Civil Engineer,0.6278359287844609
Mechanical Engineer,0.6278310845602144
Civil Engineer,0.6278235511703297
Database Administrator (DBA),0.6278234651395664
Network Support Engineer,0.6277871694893107
Database Administrator (DBA),0.627785914630765
"Executive/ Senior Executive- Trade Marketing, Hygiene Products",0.6277832226093178
"Manager- Human Resource Management (HRM)
",0.6277652176671378
Project Coordinator (Civil),0.6277425849036922
Project Coordinator (Civil),0.6277425767756917
Senior iOS Engineer,0.6277363385738969
Civil Engineer,0.6277325333908825
Civil Engineer,0.6277236373491939
Marketing Officer,0.6277169473011859
Mechanical Engineer,0.6277101747361533
Senior iOS Engineer,0.6277093346730084
"Executive/ Senior Executive- Trade Marketing, Hygiene Products",0.6277072690618598
Network Support Engineer,0.6276863478983383
"Executive/ Senior Executive- Trade Marketing, Hygiene Products",0.6276853754084138
Database Administrator (DBA),0.6276807706756985
Asst. Manager/ Manger (Administrative),0.627660034670475
Asst. Manager/ Manger (Administrative),0.6276471921278098
Data Engineer,0.6276452184224561
Asst. Manager/ Manger (Administrative),0.6276423558856571
Project Coordinator (Civil),0.627640205123641
Mechanical Engineer,0.6276378089795511
Database Administrator (DBA),0.6276332982107067
"Manager- Human Resource Management (HRM)
",0.6276330349454795
Marketing Officer,0.6276276397896674
Mechanical Designer,0.6276267780749791
Site Engineer,0.6276124452168119
Civil Engineer,0.6276091824679061
Data Engineer,0.627599451297881
Data Engineer,0.627598805627311
Senior iOS Engineer,0.6275899759889001
Site Engineer,0.6275892129454258
Database Administrator (DBA),0.6275880480623327
DevOps Engineer,0.6275852951115647
"Executive/ Senior Executive- Trade Marketing, Hygiene Products",0.6275796311477839
Network Support Engineer,0.6275766680469296
Senior iOS Engineer,0.6275762533090705
"Executive/ Senior Executive- Trade Marketing, Hygiene Products",0.6275759582337456
Project Coordinator (Civil),0.627574975155241
Project Coordinator (Civil),0.6275612594724518
Marketing Officer,0.6275295365657232
Network Support Engineer,0.627529192353353
"System Administrator (Operation & Maintenance of Server, Storage & Service Desk System)",0.6275113339076474
"Executive/ Senior Executive- Trade Marketing, Hygiene Products",0.6275103341460926
Data Engineer,0.6275052489755311
Project Coordinator (Civil),0.6275048354277737
Database Administrator (DBA),0.6275029791831329
Civil Engineer,0.6274912548842743
"Manager- Human Resource Management (HRM)
",0.6274405631970233
Data Engineer,0.6274320490626915
Civil Engineer,0.6274304315666357
Senior iOS Engineer,0.6274298861254431
Senior iOS Engineer,0.6274285531554664
Business Development Executive,0.6274010856098811
"Executive/ Senior Executive- Trade Marketing, Hygiene Products",0.6273971926362352
Project Coordinator (Civil),0.6273939293272621
"Executive/ Senior Executive- Trade Marketing, Hygiene Products",0.627392741815914
Network Support Engineer,0.6273908964253869
Data Engineer,0.6273818765800271
Mechanical Engineer,0.6273781977202789
Network Support Engineer,0.6273731879550832
Mechanical Engineer,0.6273642319991843
"Executive/ Senior Executive- Trade Marketing, Hygiene Products",0.6273631452275524
Network Support Engineer,0.627356739062667
Business Development Executive,0.6273402524856254
Marketing Officer,0.6273092922449955
Data Engineer,0.6273051570926332
Business Development Executive,0.6272893218235608
Marketing Officer,0.627284649203116
DevOps Engineer,0.6272526515468506
Senior iOS Engineer,0.627233478485646
Site Engineer,0.6272272330244069
Project Coordinator (Civil),0.6272228537839509
Network Support Engineer,0.6272176411057493
DevOps Engineer,0.6272157443198135
Network Support Engineer,0.6272138111884977
Head of Internal Control & Compliance (ICC) - SEVP/DMD,0.6272084416503534
Civil Engineer,0.627206695956347
Senior iOS Engineer,0.627194183024939
"Executive/ Senior Executive- Trade Marketing, Hygiene Products",0.6271929052893352
Mechanical Engineer,0.6271922586073175
Mechanical Designer,0.6271857554496452
Senior iOS Engineer,0.627184666618011
Marketing Officer,0.6271672925089065
"Executive/ Senior Executive- Trade Marketing, Hygiene Products",0.6271662031025159
Site Engineer,0.627162636468355
Network Support Engineer,0.6271506610094743
"Manager- Human Resource Management (HRM)
",0.6271442870463597
Civil Engineer,0.627141253110094
Marketing Officer,0.6271327755357481
Network Support Engineer,0.6271061039366507
Network Support Engineer,0.6271022050218613
Senior iOS Engineer,0.6270989307179923
"Executive/ Senior Executive- Trade Marketing, Hygiene Products",0.6270912143791476
Mechanical Designer,0.6270891579262329
"Executive/ Senior Executive- Trade Marketing, Hygiene Products",0.6270801492976709
Database Administrator (DBA),0.627063839975238
Data Engineer,0.6270602404918755
"Manager- Human Resource Management (HRM)
",0.6270583650694104
Business Development Executive,0.627057733317002
Asst. Manager/ Manger (Administrative),0.6270511996639764
Mechanical Designer,0.6270504870829525
Network Support Engineer,0.6270460401173437
Head of Internal Control & Compliance (ICC) - SEVP/DMD,0.6270392774458168
"Manager- Human Resource Management (HRM)
",0.6270197270818565
"Executive/ Senior Executive- Trade Marketing, Hygiene Products",0.6270163191487178
Database Administrator (DBA),0.6270139946543273
"Executive/ Senior Executive- Trade Marketing, Hygiene Products",0.6270133331676824
"Manager- Human Resource Management (HRM)
",0.627011662804653
Civil Engineer,0.6270067561164769
Civil Engineer,0.6270043386210704
Asst. Manager/ Manger (Administrative),0.6270002632406495
Data Engineer,0.6269968549427488
Head of Internal Control & Compliance (ICC) - SEVP/DMD,0.6269960710015036
Network Support Engineer,0.6269957528813571
"Executive/ Senior Executive- Trade Marketing, Hygiene Products",0.626988928314778
Mechanical Engineer,0.6269701489414524
Civil Engineer,0.626968936108414
Civil Engineer,0.626961211541815
"Executive/ Senior Executive- Trade Marketing, Hygiene Products",0.6269576761088974
Civil Engineer,0.6269573594882036
Sr.Officer / Executive - Internal Audit,0.626954259260008
"Manager- Human Resource Management (HRM)
",0.6269483873320941
Project Coordinator (Civil),0.6269436470528336
"Executive/ Senior Executive- Trade Marketing, Hygiene Products",0.62694300840993
Site Engineer,0.6269155345988542
Database Administrator (DBA),0.6269102404353087
Business Development Executive,0.6269100691029093
Marketing Officer,0.6269084659293926
Mechanical Engineer,0.6269016149291422
Marketing Officer,0.6268954123268098
Senior iOS Engineer,0.6268897885357705
Mechanical Engineer,0.6268773150043366
DevOps Engineer,0.6268694702264153
"Executive/ Senior Executive- Trade Marketing, Hygiene Products",0.6268612766293918
Mechanical Engineer,0.6268585715673123
Data Engineer,0.6268513526989528
Senior iOS Engineer,0.6268513459254079
Civil Engineer,0.6268476262626701
"Executive/ Senior Executive- Trade Marketing, Hygiene Products",0.6268338501388007
Project Coordinator (Civil),0.6268287657611733
Data Engineer,0.6268203520377268
DevOps Engineer,0.6268188628962351
"Executive/ Senior Executive- Trade Marketing, Hygiene Products",0.626816748681899
Executive - VAT,0.6268087881133511
Head of Internal Control & Compliance (ICC) - SEVP/DMD,0.6268082871475471
Mechanical Engineer,0.626806441977471
Asst. Manager/ Manger (Administrative),0.6268057531819726
Project Coordinator (Civil),0.6267867878288573
Sr.Officer / Executive - Internal Audit,0.6267761498667145
Marketing Officer,0.6267743937023282
Mechanical Designer,0.6267699971700287
Asst. Manager/ Manger (Administrative),0.6267596053947178
Mechanical Engineer,0.6267575252479235
Asst. Manager/ Manger (Administrative),0.626752705513274
DevOps Engineer,0.626751022856787
Marketing Officer,0.6267383214410707
Mechanical Engineer,0.6267324692130556
"Manager- Human Resource Management (HRM)
",0.6267085522344494
DevOps Engineer,0.6267039153776677
Data Engineer,0.6267024314802543
Database Administrator (DBA),0.6267021992313604
Marketing Officer,0.6266996328022391
Civil Engineer,0.6266976033305673
Mechanical Designer,0.6266970670206038
Asst. Manager/ Manger (Administrative),0.6266871551877069
Site Engineer,0.6266833740861724
Mechanical Engineer,0.626671305555891
Mechanical Engineer,0.6266512143266052
Asst. Manager/ Manger (Administrative),0.6266381733183289
"System Administrator (Operation & Maintenance of Server, Storage & Service Desk System)",0.6266380448908278
Senior iOS Engineer,0.6266373732084339
Database Administrator (DBA),0.6266323914968669
DevOps Engineer,0.6266291586579994
"System Administrator (Operation & Maintenance of Server, Storage & Service Desk System)",0.6266230437073318
"Manager- Human Resource Management (HRM)
",0.6266154940642163
Site Engineer,0.6266148601560231
Senior iOS Engineer,0.6266123974564438
Database Administrator (DBA),0.6266082153371791
Senior iOS Engineer,0.626584923672052
Data Engineer,0.6265809036032475
Civil Engineer,0.6265807608744792
Project Coordinator (Civil),0.6265779427879719
Civil Engineer,0.6265619196097278
Civil Engineer,0.6265493334280051
DevOps Engineer,0.6265428092027561
Marketing Officer,0.6265369323882837
Civil Engineer,0.6265346215243224
Database Administrator (DBA),0.6265295935123858
Asst. Manager/ Manger (Administrative),0.6265196143296535
Head of Internal Control & Compliance (ICC) - SEVP/DMD,0.62651727001919
Site Engineer,0.6265119858661602
"Manager- Human Resource Management (HRM)
",0.6265054257694675
Database Administrator (DBA),0.6265020122688199
Head of Internal Control & Compliance (ICC) - SEVP/DMD,0.6264836766023129
Data Science Engineer,0.6264786043937827
Site Engineer,0.626476499118697
Marketing Officer,0.626470509131602
Data Engineer,0.6264581202885428
Senior iOS Engineer,0.6264484022139474
Database Administrator (DBA),0.6264405126865763
Asst. Manager/ Manger (Administrative),0.6264117523260562
Project Coordinator (Civil),0.6264004718081463
Business Development Executive,0.6263973313257636
Network Support Engineer,0.6263950632457331
"Executive/ Senior Executive- Trade Marketing, Hygiene Products",0.62638986081003
Data Engineer,0.6263889742310241
DevOps Engineer,0.6263837112147566
Mechanical Designer,0.6263745479446913
"Manager- Human Resource Management (HRM)
",0.6263664083603239
Data Engineer,0.6263660746398424
Mechanical Designer,0.6263586263703015
Senior iOS Engineer,0.6263581529766766
Sr.Officer / Executive - Internal Audit,0.6263580083316729
Network Support Engineer,0.6263440638469915
Senior iOS Engineer,0.6263375978666911
Marketing Officer,0.62633665212842
Sr.Officer / Executive - Internal Audit,0.6263307097739897
Site Engineer,0.6263117402262294
"Executive/ Senior Executive- Trade Marketing, Hygiene Products",0.6262981129941221
Project Coordinator (Civil),0.6262911187972675
Site Engineer,0.6262821776277574
Network Support Engineer,0.6262812207799414
DevOps Engineer,0.6262759539542917
Project Coordinator (Civil),0.6262745257198938
Project Coordinator (Civil),0.6262743350829074
Mechanical Designer,0.6262700010669577
Head of Internal Control & Compliance (ICC) - SEVP/DMD,0.6262643157906151
Project Coordinator (Civil),0.6262626517542523
Senior iOS Engineer,0.6262589195940776
Head of Internal Control & Compliance (ICC) - SEVP/DMD,0.6262554046153953
Project Coordinator (Civil),0.6262543259569341
Data Engineer,0.6262523194464154
Data Engineer,0.6262484651571248
Project Coordinator (Civil),0.6262435160853204
"Manager- Human Resource Management (HRM)
",0.626241325559964
Marketing Officer,0.626232479376649
Civil Engineer,0.626229302808944
DevOps Engineer,0.6262240710626098
Marketing Officer,0.6262196564464962
"Executive/ Senior Executive- Trade Marketing, Hygiene Products",0.6262174945929476
Business Development Executive,0.6262137304331068
Site Engineer,0.6262127507538324
"Manager- Human Resource Management (HRM)
",0.6262086708780908
Marketing Officer,0.6262052026549956
"Executive/ Senior Executive- Trade Marketing, Hygiene Products",0.6262040297972616
Mechanical Designer,0.6262017954389141
Senior iOS Engineer,0.6261908710225433
"System Administrator (Operation & Maintenance of Server, Storage & Service Desk System)",0.626153010430038
Site Engineer,0.626150774892175
Data Engineer,0.6261489922888386
Data Engineer,0.6261411537942312
DevOps Engineer,0.6261338710499933
"Manager- Human Resource Management (HRM)
",0.62612474190717
Civil Engineer,0.6261127098528753
Asst. Manager/ Manger (Administrative),0.6261040076513563
Network Support Engineer,0.6260927957617639
"System Administrator (Operation & Maintenance of Server, Storage & Service Desk System)",0.6260920687876417
Asst. Manager/ Manger (Administrative),0.6260832033077369
Marketing Officer,0.6260760617245924
Project Coordinator (Civil),0.6260671360293617
Data Engineer,0.6260526703313036
Project Coordinator (Civil),0.6260446561804656
Project Coordinator (Civil),0.626041511002071
DevOps Engineer,0.6260380971963632
"Manager- Human Resource Management (HRM)
",0.6260240670685803
Marketing Officer,0.6260229250807017
Network Support Engineer,0.6260191719528888
Network Support Engineer,0.6260054896142752
Data Science Engineer,0.6260014065130123
Head of Internal Control & Compliance (ICC) - SEVP/DMD,0.6259937114502192
Senior iOS Engineer,0.6259907368998924
Civil Engineer,0.6259899635780131
Site Engineer,0.6259840755301538
Database Administrator (DBA),0.6259763437843752
Data Science Engineer,0.6259713326407278
Project Coordinator (Civil),0.625959599016746
Mechanical Designer,0.6259528635869711
Marketing Officer,0.6259397874446855
Mechanical Engineer,0.6259396289746784
Site Engineer,0.6259275771144668
Marketing Officer,0.6259266161537649
Site Engineer,0.625920311423049
Network Support Engineer,0.6259179163729052
Business Development Executive,0.6259138862670164
Senior iOS Engineer,0.6259072813392028
Database Administrator (DBA),0.6259043672453244
Site Engineer,0.6258932955320776
"Executive/ Senior Executive- Trade Marketing, Hygiene Products",0.6258924769716562
Business Development Executive,0.6258908537453928
"Executive/ Senior Executive- Trade Marketing, Hygiene Products",0.6258902967289914
Marketing Officer,0.62589007999623
Network Support Engineer,0.625878029866561
"Executive/ Senior Executive- Trade Marketing, Hygiene Products",0.6258756364662338
Network Support Engineer,0.6258700948560678
Business Development Executive,0.6258681171766323
Data Engineer,0.6258657153567336
Marketing Officer,0.6258509942156859
Senior iOS Engineer,0.6258419553756775
Senior iOS Engineer,0.6258371791730502
Project Coordinator (Civil),0.6258300351317829
Mechanical Designer,0.6258282213907208
"System Administrator (Operation & Maintenance of Server, Storage & Service Desk System)",0.6258228045737317
Project Coordinator (Civil),0.6258185063039343
Senior iOS Engineer,0.6257985098283911
Senior iOS Engineer,0.625796940356666
"Manager- Human Resource Management (HRM)
",0.6257937580190726
"Manager- Human Resource Management (HRM)
",0.6257911781700591
Civil Engineer,0.6257809109407273
Head of Internal Control & Compliance (ICC) - SEVP/DMD,0.6257745853303854
Senior iOS Engineer,0.6257611187684124
Mechanical Engineer,0.6257549513306112
Data Engineer,0.6257475346222694
Sr.Officer / Executive - Internal Audit,0.6257461812370873
Project Coordinator (Civil),0.625741087786128
Site Engineer,0.6257400983770006
Marketing Officer,0.6257373824792813
Senior iOS Engineer,0.6257369226022382
Database Administrator (DBA),0.6257321563283976
Mechanical Engineer,0.6257317823597248
Business Development Executive,0.625729660436237
"System Administrator (Operation & Maintenance of Server, Storage & Service Desk System)",0.6256999844108855
Mechanical Designer,0.6256960404336896
Site Engineer,0.625694631844268
Network Support Engineer,0.6256909256585654
Project Coordinator (Civil),0.6256885157397544
Civil Engineer,0.6256863260421384
Database Administrator (DBA),0.6256834749192758
Sr.Officer / Executive - Internal Audit,0.6256768940011271
Civil Engineer,0.6256757437675958
Sr.Officer / Executive - Internal Audit,0.6256616857832618
Asst. Manager/ Manger (Administrative),0.6256544553822511
Mechanical Engineer,0.625646960789197
Business Development Executive,0.6256300570730967
Database Administrator (DBA),0.6256290111014069
"Executive/ Senior Executive- Trade Marketing, Hygiene Products",0.6256007505343189
Database Administrator (DBA),0.6256001202642467
Network Support Engineer,0.625596296472421
Head of Internal Control & Compliance (ICC) - SEVP/DMD,0.6255924160601195
Sr.Officer / Executive - Internal Audit,0.6255812599889774
Sr.Officer / Executive - Internal Audit,0.6255812137163912
Head of Internal Control & Compliance (ICC) - SEVP/DMD,0.6255790847257291
Project Coordinator (Civil),0.6255782042225786
Project Coordinator (Civil),0.6255768184336835
"System Administrator (Operation & Maintenance of Server, Storage & Service Desk System)",0.6255761477362826
Marketing Officer,0.6255365383690336
Senior iOS Engineer,0.6255323703201721
"Manager- Human Resource Management (HRM)
",0.6255306248935987
Business Development Executive,0.6255280033806709
Sr.Officer / Executive - Internal Audit,0.6255262866303605
Site Engineer,0.6255255605619512
Project Coordinator (Civil),0.6255238233703038
Marketing Officer,0.6254925841374954
Sr.Officer / Executive - Internal Audit,0.625474840227313
Project Coordinator (Civil),0.6254687128034978
Data Engineer,0.6254655410718105
Database Administrator (DBA),0.6254650584371358
Senior iOS Engineer,0.6254640141023449
Business Development Executive,0.6254599051227121
Project Coordinator (Civil),0.6254492320956422
Sr.Officer / Executive - Internal Audit,0.6254428687093017
Marketing Officer,0.6254422271929264
Project Coordinator (Civil),0.6254350869087094
Asst. Manager/ Manger (Administrative),0.6254199626868788
Asst. Manager/ Manger (Administrative),0.6254118576872136
Marketing Officer,0.6254074791793922
Asst. Manager/ Manger (Administrative),0.6254059552830893
"Executive/ Senior Executive- Trade Marketing, Hygiene Products",0.6253983882321164
Senior iOS Engineer,0.6253871006948349
Project Coordinator (Civil),0.6253825923335768
Civil Engineer,0.6253782970983118
"System Administrator (Operation & Maintenance of Server, Storage & Service Desk System)",0.6253679655433371
Site Engineer,0.6253657458334674
Sr.Officer / Executive - Internal Audit,0.6253649205750729
Project Coordinator (Civil),0.6253547470434667
Civil Engineer,0.6253515182244015
Marketing Officer,0.6253417352382693
Project Coordinator (Civil),0.6253344060759111
Asst. Manager/ Manger (Administrative),0.6253337705826962
Project Coordinator (Civil),0.6253322237730374
Senior iOS Engineer,0.6253229560002144
Mechanical Engineer,0.6253135116903884
Data Engineer,0.625289295609936
Data Engineer,0.6252889664666186
"Executive/ Senior Executive- Trade Marketing, Hygiene Products",0.625283382295898
Mechanical Designer,0.6252817736694044
Senior iOS Engineer,0.6252747308240919
Network Support Engineer,0.6252651528902196
Sr.Officer / Executive - Internal Audit,0.6252634017563723
"Executive/ Senior Executive- Trade Marketing, Hygiene Products",0.6252625456225401
Mechanical Designer,0.6252619408389374
Network Support Engineer,0.6252574896706504
Project Coordinator (Civil),0.6252507821123405
Network Support Engineer,0.625247613643152
Business Development Executive,0.6252462160541483
Mechanical Engineer,0.6252450106479058
Civil Engineer,0.6252420341497713
Marketing Officer,0.6252359698064005
"Manager- Human Resource Management (HRM)
",0.6252344142754135
Asst. Manager/ Manger (Administrative),0.6252200789558258
Marketing Officer,0.6252140110747036
Project Coordinator (Civil),0.6252127893081009
Head of Internal Control & Compliance (ICC) - SEVP/DMD,0.6252030174105278
Mechanical Engineer,0.6252005817309916
"Manager- Human Resource Management (HRM)
",0.6251875202382257
"Manager- Human Resource Management (HRM)
",0.6251868072488066
Civil Engineer,0.6251850429061441
Data Engineer,0.6251840864893781
Site Engineer,0.6251807318930199
DevOps Engineer,0.6251800138312428
Mechanical Engineer,0.6251785961341861
Project Coordinator (Civil),0.6251773061937084
Project Coordinator (Civil),0.6251672837109634
Civil Engineer,0.6251663099732343
Site Engineer,0.6251641324594908
Project Coordinator (Civil),0.6251627215565958
Civil Engineer,0.6251584559288866
Asst. Manager/ Manger (Administrative),0.6251517262254372
Marketing Officer,0.6251403796774421
Marketing Officer,0.6251346046940116
Project Coordinator (Civil),0.6251322676337123
Mechanical Designer,0.6251238737768248
Network Support Engineer,0.6251226963280342
Senior iOS Engineer,0.6251084008999718
Senior iOS Engineer,0.6251054765791189
"Executive/ Senior Executive- Trade Marketing, Hygiene Products",0.6251041154572109
Head of Internal Control & Compliance (ICC) - SEVP/DMD,0.6250979724690073
"Manager- Human Resource Management (HRM)
",0.625094672988976
Marketing Officer,0.6250889592134163
Senior iOS Engineer,0.6250847948084259
Asst. Manager/ Manger (Administrative),0.6250740527456549
Head of Internal Control & Compliance (ICC) - SEVP/DMD,0.6250727468621898
DevOps Engineer,0.6250642345848844
Senior iOS Engineer,0.6250605835863708
Civil Engineer,0.6250594547765185
Sr.Officer / Executive - Internal Audit,0.6250498671199747
"Manager- Human Resource Management (HRM)
",0.6250322371995988
"Executive/ Senior Executive- Trade Marketing, Hygiene Products",0.625026949657189
Asst. Manager/ Manger (Administrative),0.6250247856268409
Civil Engineer,0.6250245064932195
DevOps Engineer,0.6250233380986001
Sr.Officer / Executive - Internal Audit,0.6250169349347053
Database Administrator (DBA),0.6250145358120706
Mechanical Engineer,0.6250018794069715
Site Engineer,0.6249850019090625
Site Engineer,0.6249782501499491
"Manager- Human Resource Management (HRM)
",0.6249773961561105
Mechanical Engineer,0.6249750032607998
Project Coordinator (Civil),0.6249676435086754
Mechanical Engineer,0.6249660931432955
Site Engineer,0.6249639612774894
Senior iOS Engineer,0.6249513549794353
Project Coordinator (Civil),0.6249492693279031
Network Support Engineer,0.6249430413816418
"System Administrator (Operation & Maintenance of Server, Storage & Service Desk System)",0.624935770825723
Marketing Officer,0.6249326347887206
Head of Internal Control & Compliance (ICC) - SEVP/DMD,0.6249303396646937
Network Support Engineer,0.624923070438713
Marketing Officer,0.6249213499258333
Civil Engineer,0.624911055137833
Asst. Manager/ Manger (Administrative),0.6249000899937548
Senior iOS Engineer,0.624899591476756
DevOps Engineer,0.6248991558179721
Project Coordinator (Civil),0.6248777186805831
Business Development Executive,0.6248720901936735
Mechanical Designer,0.6248634014219149
"Executive/ Senior Executive- Trade Marketing, Hygiene Products",0.6248535061165295
Mechanical Designer,0.6248428715062186
Project Coordinator (Civil),0.6248422049865876
Business Development Executive,0.6248362131965666
Site Engineer,0.6248221817581588
"Manager- Human Resource Management (HRM)
",0.6248118296853645
Business Development Executive,0.6248091599449817
Marketing Officer,0.6248091442201229
Marketing Officer,0.6248058305207851
Sr.Officer / Executive - Internal Audit,0.6248035910375247
"Executive/ Senior Executive- Trade Marketing, Hygiene Products",0.6248032150244675
"Executive/ Senior Executive- Trade Marketing, Hygiene Products",0.6247762989954003
Business Development Executive,0.6247762547166704
Mechanical Designer,0.6247752765166716
Asst. Manager/ Manger (Administrative),0.6247700039118521
Network Support Engineer,0.6247633412544709
Mechanical Designer,0.6247574890703467
Mechanical Engineer,0.6247514103270836
Network Support Engineer,0.6247509479039877
Database Administrator (DBA),0.6247473408799871
Data Engineer,0.6247415460248785
"Executive/ Senior Executive- Trade Marketing, Hygiene Products",0.6247344203846154
"Manager- Human Resource Management (HRM)
",0.6247335645040363
Project Coordinator (Civil),0.6247237188227038
Civil Engineer,0.6247175889510623
Mechanical Engineer,0.6247071476179716
Mechanical Designer,0.6246979857063197
Mechanical Engineer,0.624696729174664
Marketing Officer,0.6246941154990661
Database Administrator (DBA),0.6246904090077902
Civil Engineer,0.6246883376021779
Asst. Manager/ Manger (Administrative),0.6246834133804574
Senior iOS Engineer,0.6246793153741657
"Executive/ Senior Executive- Trade Marketing, Hygiene Products",0.6246697415915764
Civil Engineer,0.6246662088703017
Senior iOS Engineer,0.6246608359403718
Asst. Manager/ Manger (Administrative),0.6246482563804212
Asst. Manager/ Manger (Administrative),0.6246457785672638
Mechanical Designer,0.6246384146086071
Sr.Officer / Executive - Internal Audit,0.6246334821198034
Mechanical Engineer,0.6246246775306418
Mechanical Engineer,0.6246231602706594
"System Administrator (Operation & Maintenance of Server, Storage & Service Desk System)",0.6246231600163603
DevOps Engineer,0.6246224491325924
Mechanical Designer,0.6246206521432305
Sr.Officer / Executive - Internal Audit,0.62460664956624
Marketing Officer,0.6246026187453132
Marketing Officer,0.6245951482437241
Mechanical Engineer,0.6245899612478948
Sr.Officer / Executive - Internal Audit,0.6245866664716361
Mechanical Designer,0.6245849166698522
Sr.Officer / Executive - Internal Audit,0.6245817460255872
Network Support Engineer,0.6245749542470204
Mechanical Engineer,0.6245527428716446
Business Development Executive,0.6245471793507751
Mechanical Engineer,0.6245426963062937
Site Engineer,0.6245424582708498
Site Engineer,0.6245370487699908
Asst. Manager/ Manger (Administrative),0.6245275240232966
Senior iOS Engineer,0.6245226139633004
Site Engineer,0.6245192853968503
Data Science Engineer,0.6245191381302543
Mechanical Designer,0.624518266136155
Asst. Manager/ Manger (Administrative),0.6245063787853337
Network Support Engineer,0.6245013680781003
Mechanical Engineer,0.6244986144589084
Data Science Engineer,0.6244921440088993
"Executive/ Senior Executive- Trade Marketing, Hygiene Products",0.6244915266611211
"Executive/ Senior Executive- Trade Marketing, Hygiene Products",0.6244914918265166
Project Coordinator (Civil),0.6244908385830489
Head of Internal Control & Compliance (ICC) - SEVP/DMD,0.6244864435804465
Marketing Officer,0.6244849414880888
"Executive/ Senior Executive- Trade Marketing, Hygiene Products",0.6244679678912726
Project Coordinator (Civil),0.6244646581763129
Network Support Engineer,0.624457868415395
"Executive/ Senior Executive- Trade Marketing, Hygiene Products",0.624446800829933
Mechanical Designer,0.6244367882046331
Mechanical Engineer,0.6244331440162646
Business Development Executive,0.6244273900871891
Asst. Manager/ Manger (Administrative),0.6244258829781193
"Executive/ Senior Executive- Trade Marketing, Hygiene Products",0.6244257580521027
Mechanical Engineer,0.624421386049113
Mechanical Designer,0.6244173676406186
"Executive/ Senior Executive- Trade Marketing, Hygiene Products",0.6244167832281982
Business Development Executive,0.6244077594100108
Data Engineer,0.6243972662802023
Marketing Officer,0.624395998056538
Mechanical Designer,0.6243909104829303
Project Coordinator (Civil),0.6243756864372474
Mechanical Designer,0.6243638817594465
Civil Engineer,0.6243634484855433
"Executive/ Senior Executive- Trade Marketing, Hygiene Products",0.6243565829861965
Mechanical Designer,0.6243349404982065
Project Coordinator (Civil),0.62433128262733
Sr.Officer / Executive - Internal Audit,0.6243282343252766
Asst. Manager/ Manger (Administrative),0.6243265615061271
Marketing Officer,0.6243227565514206
Mechanical Engineer,0.6243191063785657
Mechanical Designer,0.6243124046493138
"Manager- Human Resource Management (HRM)
",0.6243021871346264
Site Engineer,0.6242971602882615
Mechanical Designer,0.6242807763576129
Civil Engineer,0.6242777247961128
"Executive/ Senior Executive- Trade Marketing, Hygiene Products",0.6242712390346549
Project Coordinator (Civil),0.624269878899114
Head of Internal Control & Compliance (ICC) - SEVP/DMD,0.6242661306603238
Mechanical Engineer,0.6242498824962129
Mechanical Designer,0.624240028834305
Mechanical Engineer,0.6242366630714057
Marketing Officer,0.6242362928111309
Business Development Executive,0.6242103625153386
Data Engineer,0.624205724440721
Database Administrator (DBA),0.6242004821005688
Civil Engineer,0.6241784547812306
Project Coordinator (Civil),0.6241696739770197
Mechanical Engineer,0.6241683480594549
Civil Engineer,0.6241676858789481
Network Support Engineer,0.6241566701251422
Marketing Officer,0.6241456325816738
Mechanical Designer,0.624140420478218
Data Science Engineer,0.6241397919828242
"Executive/ Senior Executive- Trade Marketing, Hygiene Products",0.6241301472680383
Network Support Engineer,0.6241231221555796
Database Administrator (DBA),0.6241176293546732
"Executive/ Senior Executive- Trade Marketing, Hygiene Products",0.6241102244171239
Senior iOS Engineer,0.624108372139579
Data Engineer,0.6241079372006462
Head of Internal Control & Compliance (ICC) - SEVP/DMD,0.6241075291093716
Site Engineer,0.624102340774301
Marketing Officer,0.6240973831513501
Marketing Officer,0.6240867930323374
"Executive/ Senior Executive- Trade Marketing, Hygiene Products",0.6240805087458712
Database Administrator (DBA),0.624073159683805
Network Support Engineer,0.6240627773711919
Mechanical Designer,0.6240529017179873
Network Support Engineer,0.6240429236321404
Asst. Manager/ Manger (Administrative),0.6240355119266129
Project Coordinator (Civil),0.6240263736507247
Project Coordinator (Civil),0.6240194224920185
Marketing Officer,0.6240190560648844
Head of Internal Control & Compliance (ICC) - SEVP/DMD,0.6240179054015013
Network Support Engineer,0.6240166647266089
Data Engineer,0.6240088812926184
Marketing Officer,0.6240062189062533
Database Administrator (DBA),0.6240033406891807
Project Coordinator (Civil),0.6240030000456265
Senior iOS Engineer,0.6240013055886615
Mechanical Engineer,0.6239974084916388
DevOps Engineer,0.6239915006249063
Head of Internal Control & Compliance (ICC) - SEVP/DMD,0.6239897252453168
"Manager- Human Resource Management (HRM)
",0.6239822806298225
Business Development Executive,0.6239801525932397
Project Coordinator (Civil),0.6239749981471154
"Manager- Human Resource Management (HRM)
",0.623972258729185
DevOps Engineer,0.6239711308233526
Database Administrator (DBA),0.6239696706263702
Site Engineer,0.6239624557381472
Sr.Officer / Executive - Internal Audit,0.6239589244648955
Project Coordinator (Civil),0.623954662043525
"Manager- Human Resource Management (HRM)
",0.6239527421368102
Senior iOS Engineer,0.6239470991314173
"Executive/ Senior Executive- Trade Marketing, Hygiene Products",0.623931814924171
Network Support Engineer,0.6239310633687234
"Manager- Human Resource Management (HRM)
",0.6239233863544555
"Manager- Human Resource Management (HRM)
",0.6239100962775825
Mechanical Engineer,0.623901256312888
DevOps Engineer,0.6238941823590403
Marketing Officer,0.6238926395093763
Data Engineer,0.6238853752164056
"System Administrator (Operation & Maintenance of Server, Storage & Service Desk System)",0.6238751697181179
Network Support Engineer,0.6238745251319961
Database Administrator (DBA),0.6238745165082697
Mechanical Designer,0.6238665936787853
"Executive/ Senior Executive- Trade Marketing, Hygiene Products",0.6238614930147349
Civil Engineer,0.6238594018821972
Project Coordinator (Civil),0.6238545881590571
Network Support Engineer,0.623851918542225
Marketing Officer,0.6238510862663609
Mechanical Engineer,0.6238392845796572
Network Support Engineer,0.6238382521331464
Sr.Officer / Executive - Internal Audit,0.623832406999481
Mechanical Designer,0.6238272559464854
Data Engineer,0.6238264024033355
Network Support Engineer,0.6238246330707309
Site Engineer,0.6237997528772511
"Executive/ Senior Executive- Trade Marketing, Hygiene Products",0.6237931024444991
Database Administrator (DBA),0.6237904129664277
Data Engineer,0.6237878297649536
Data Engineer,0.62378581742866
Mechanical Engineer,0.6237776256828748
DevOps Engineer,0.6237711197302804
"Manager- Human Resource Management (HRM)
",0.623758991238468
"Manager- Human Resource Management (HRM)
",0.6237428676349783
Sr.Officer / Executive - Internal Audit,0.6237395380850578
Network Support Engineer,0.6237368232322928
Senior iOS Engineer,0.6237310513586083
Marketing Officer,0.6237304844339374
Asst. Manager/ Manger (Administrative),0.6237280364147367
DevOps Engineer,0.6237273638795561
Mechanical Designer,0.6237265186215023
Data Engineer,0.62369227030979
Asst. Manager/ Manger (Administrative),0.6236869632425524
Database Administrator (DBA),0.6236861699430628
Data Engineer,0.623684822656362
Network Support Engineer,0.6236830758349438
Mechanical Engineer,0.6236805719721262
Asst. Manager/ Manger (Administrative),0.6236683764239095
Mechanical Engineer,0.6236611922234413
Data Engineer,0.6236608428419522
Project Coordinator (Civil),0.623656346785594
Senior iOS Engineer,0.6236506993395887
Project Coordinator (Civil),0.6236469337483151
Mechanical Engineer,0.623633647897201
Site Engineer,0.6236268131234566
Asst. Manager/ Manger (Administrative),0.6236263265983021
Mechanical Designer,0.6236164798006021
Database Administrator (DBA),0.623610053989181
"Executive/ Senior Executive- Trade Marketing, Hygiene Products",0.6235800116355411
"Executive/ Senior Executive- Trade Marketing, Hygiene Products",0.623553428429014
Data Engineer,0.6235474996397224
Sr.Officer / Executive - Internal Audit,0.6235426177624199
Marketing Officer,0.6235380704412525
Business Development Executive,0.6235369441016018
Mechanical Engineer,0.6235357626641418
DevOps Engineer,0.6235325240239293
Marketing Officer,0.6235286412427826
Mechanical Engineer,0.6235268334340363
Database Administrator (DBA),0.6235233293437856
Sr.Officer / Executive - Internal Audit,0.6235231019718556
Database Administrator (DBA),0.6235178763151507
Database Administrator (DBA),0.6235055199589764
Mechanical Engineer,0.623502474673872
"Manager- Human Resource Management (HRM)
",0.6234783005408502
Senior iOS Engineer,0.6234727076439268
DevOps Engineer,0.6234662862232397
Site Engineer,0.623445598031143
"Executive/ Senior Executive- Trade Marketing, Hygiene Products",0.6234413334011758
Database Administrator (DBA),0.6234372384880275
Project Coordinator (Civil),0.6234131308457432
"Manager- Human Resource Management (HRM)
",0.623411994269569
Database Administrator (DBA),0.6234042616591359
Site Engineer,0.6234020426136999
Asst. Manager/ Manger (Administrative),0.623397247704682
Mechanical Engineer,0.6233956257238211
Mechanical Engineer,0.6233825948053491
Mechanical Engineer,0.6233588370665074
Senior iOS Engineer,0.6233521268643528
Mechanical Designer,0.6233505207757545
Senior iOS Engineer,0.6233474895226899
"Executive/ Senior Executive- Trade Marketing, Hygiene Products",0.6233378206763697
Asst. Manager/ Manger (Administrative),0.6233356807891292
Data Science Engineer,0.6233252738560447
"Executive/ Senior Executive- Trade Marketing, Hygiene Products",0.6233208833209911
"Executive/ Senior Executive- Trade Marketing, Hygiene Products",0.6233183473043267
Civil Engineer,0.6233161855410829
DevOps Engineer,0.6233131701324022
"Manager- Human Resource Management (HRM)
",0.6233022807322793
Head of Internal Control & Compliance (ICC) - SEVP/DMD,0.6232913543245858
Network Support Engineer,0.6232908364228461
Mechanical Designer,0.6232907498163044
Mechanical Engineer,0.6232885103547329
Head of Internal Control & Compliance (ICC) - SEVP/DMD,0.6232667367403415
Senior iOS Engineer,0.6232653390680046
Sr.Officer / Executive - Internal Audit,0.6232505844455645
Business Development Executive,0.6232461359930606
Head of Internal Control & Compliance (ICC) - SEVP/DMD,0.6232276476677454
Mechanical Designer,0.6232262768300965
Mechanical Engineer,0.6232191398063085
Sr.Officer / Executive - Internal Audit,0.6232114788392936
Marketing Officer,0.6232110942454058
"Executive/ Senior Executive- Trade Marketing, Hygiene Products",0.6232051041111267
"Executive/ Senior Executive- Trade Marketing, Hygiene Products",0.6231992289355297
Mechanical Designer,0.6231872488436988
Site Engineer,0.6231764567439226
Sr.Officer / Executive - Internal Audit,0.623172071286756
Mechanical Engineer,0.6231538197404717
Mechanical Designer,0.6231502992701764
Data Engineer,0.6231451061403053
Mechanical Engineer,0.6231314715624161
Database Administrator (DBA),0.6231253865050268
DevOps Engineer,0.6231173618270373
Sr.Officer / Executive - Internal Audit,0.6231084648069904
Asst. Manager/ Manger (Administrative),0.6230994573086002
Project Coordinator (Civil),0.6230886757615757
DevOps Engineer,0.623086811977968
Network Support Engineer,0.6230845134783625
Data Science Engineer,0.6230622734123547
Business Development Executive,0.6230603653345536
Marketing Officer,0.6230557283753984
Asst. Manager/ Manger (Administrative),0.6230546610726914
Sr.Officer / Executive - Internal Audit,0.623051286745667
Data Engineer,0.6230349789638274
Business Development Executive,0.6230304322149295
Mechanical Designer,0.6230244568900627
Senior iOS Engineer,0.6230240134618812
"Manager- Human Resource Management (HRM)
",0.6230224301604099
DevOps Engineer,0.6230016313365385
Sr.Officer / Executive - Internal Audit,0.6229989997428411
Database Administrator (DBA),0.6229947144246502
Marketing Officer,0.6229836161902107
Senior iOS Engineer,0.6229799371789472
Mechanical Designer,0.6229538797245867
Mechanical Engineer,0.6229535792074419
Mechanical Designer,0.6229524552964193
"Manager- Human Resource Management (HRM)
",0.6229502256386014
Project Coordinator (Civil),0.6229466666050198
Sr.Officer / Executive - Internal Audit,0.622931449166733
Business Development Executive,0.622923849463062
Project Coordinator (Civil),0.6229237195968196
Mechanical Designer,0.6229204819924395
Database Administrator (DBA),0.6229193220490833
Mechanical Designer,0.6229092910526103
"Executive/ Senior Executive- Trade Marketing, Hygiene Products",0.6229035000400533
Network Support Engineer,0.6228901845055717
Marketing Officer,0.6228887956510736
Network Support Engineer,0.6228883872603871
Mechanical Engineer,0.6228882348918794
"Executive/ Senior Executive- Trade Marketing, Hygiene Products",0.6228783938445354
"Executive/ Senior Executive- Trade Marketing, Hygiene Products",0.6228731560285395
Mechanical Engineer,0.6228710596134036
Head of Internal Control & Compliance (ICC) - SEVP/DMD,0.6228573400323265
Network Support Engineer,0.6228548938492213
Asst. Manager/ Manger (Administrative),0.622835062861782
Mechanical Engineer,0.6228328259796089
Project Coordinator (Civil),0.6228286241570941
Mechanical Designer,0.6228267052090406
Sr.Officer / Executive - Internal Audit,0.6228133040086309
Mechanical Designer,0.6228079570820115
DevOps Engineer,0.6227878702595165
Sr.Officer / Executive - Internal Audit,0.6227777394727545
Head of Internal Control & Compliance (ICC) - SEVP/DMD,0.6227580122324777
Mechanical Designer,0.6227552079793485
Project Coordinator (Civil),0.62275048023753
Network Support Engineer,0.6227464848844506
Project Coordinator (Civil),0.6227424211125382
Head of Internal Control & Compliance (ICC) - SEVP/DMD,0.6227423226778896
"Executive/ Senior Executive- Trade Marketing, Hygiene Products",0.6227419455743655
"Manager- Human Resource Management (HRM)
",0.6227329100432778
Business Development Executive,0.6227320489801389
Civil Engineer,0.6227312568352652
Sr.Officer / Executive - Internal Audit,0.6227310017180744
Data Science Engineer,0.622717320257511
"Executive/ Senior Executive- Trade Marketing, Hygiene Products",0.6227148351497247
Marketing Officer,0.622713298016564
Head of Internal Control & Compliance (ICC) - SEVP/DMD,0.622709526582728
"Executive/ Senior Executive- Trade Marketing, Hygiene Products",0.622705120794043
Marketing Officer,0.6226937905474945
Mechanical Designer,0.6226863330074603
Sr.Officer / Executive - Internal Audit,0.6226856920826795
"System Administrator (Operation & Maintenance of Server, Storage & Service Desk System)",0.622682900257787
Head of Internal Control & Compliance (ICC) - SEVP/DMD,0.6226812151906341
Project Coordinator (Civil),0.6226811485777717
Asst. Manager/ Manger (Administrative),0.6226781822903619
Mechanical Engineer,0.6226693485346714
Asst. Manager/ Manger (Administrative),0.6226653070319531
Marketing Officer,0.6226481300884292
Asst. Manager/ Manger (Administrative),0.6226414479044329
Sr.Officer / Executive - Internal Audit,0.6226401796337862
Head of Internal Control & Compliance (ICC) - SEVP/DMD,0.6226374665665997
Database Administrator (DBA),0.6226249656377598
"Executive/ Senior Executive- Trade Marketing, Hygiene Products",0.6226151339379115
Sr.Officer / Executive - Internal Audit,0.6225976938691116
Asst. Manager/ Manger (Administrative),0.6225845318828508
Head of Internal Control & Compliance (ICC) - SEVP/DMD,0.622584462630385
Senior iOS Engineer,0.6225752588419016
Network Support Engineer,0.6225731889851693
Mechanical Designer,0.6225702794538271
Mechanical Designer,0.6225672269137694
Senior iOS Engineer,0.6225655886705936
"Manager- Human Resource Management (HRM)
",0.6225586454313368
Network Support Engineer,0.6225361486376985
Head of Internal Control & Compliance (ICC) - SEVP/DMD,0.6225348341635616
Marketing Officer,0.6225100732611775
"Manager- Human Resource Management (HRM)
",0.6225080711451657
"Manager- Human Resource Management (HRM)
",0.6225054930931995
Executive - VAT,0.6224963355240267
Site Engineer,0.6224936458476487
Mechanical Designer,0.6224922984616424
"Manager- Human Resource Management (HRM)
",0.6224860928975573
Mechanical Designer,0.6224767940566699
Marketing Officer,0.6224637392879357
Civil Engineer,0.6224624520068083
"Manager- Human Resource Management (HRM)
",0.6224576576305005
Project Coordinator (Civil),0.6224564026002438
Asst. Manager/ Manger (Administrative),0.622442290034043
Civil Engineer,0.6224272092126583
Asst. Manager/ Manger (Administrative),0.6224250420964041
Database Administrator (DBA),0.6224229965671935
DevOps Engineer,0.6224080459471046
Asst. Manager/ Manger (Administrative),0.6224055780798622
Asst. Manager/ Manger (Administrative),0.6224004452500499
"Executive/ Senior Executive- Trade Marketing, Hygiene Products",0.6223896921073824
Data Engineer,0.6223835757861511
"System Administrator (Operation & Maintenance of Server, Storage & Service Desk System)",0.6223796613629847
Database Administrator (DBA),0.6223711676850154
"Manager- Human Resource Management (HRM)
",0.6223696211133467
"Executive/ Senior Executive- Trade Marketing, Hygiene Products",0.6223586649778591
Sr.Officer / Executive - Internal Audit,0.6223330721061439
DevOps Engineer,0.6223308000574547
Mechanical Designer,0.6223229150246362
Marketing Officer,0.6223159776102427
Sr.Officer / Executive - Internal Audit,0.6223148682128997
"Executive/ Senior Executive- Trade Marketing, Hygiene Products",0.6223140399567666
Data Engineer,0.622310089760731
Mechanical Designer,0.6223093646787121
Network Support Engineer,0.622302758536639
Asst. Manager/ Manger (Administrative),0.6222915097635795
DevOps Engineer,0.6222913586060863
Asst. Manager/ Manger (Administrative),0.6222795480974906
Senior iOS Engineer,0.6222658669983107
Mechanical Designer,0.6222559357224627
"Manager- Human Resource Management (HRM)
",0.6222554428078538
Sr.Officer / Executive - Internal Audit,0.6222546891780798
Network Support Engineer,0.6222539657382
Head of Internal Control & Compliance (ICC) - SEVP/DMD,0.6222537495171724
Mechanical Designer,0.6222534077081286
"Manager- Human Resource Management (HRM)
",0.6222518548948994
"System Administrator (Operation & Maintenance of Server, Storage & Service Desk System)",0.6222496459691055
"Manager- Human Resource Management (HRM)
",0.6222470741226335
Data Engineer,0.6222318363059586
"Executive/ Senior Executive- Trade Marketing, Hygiene Products",0.6222292775968347
"Executive/ Senior Executive- Trade Marketing, Hygiene Products",0.6222243049982177
Mechanical Engineer,0.6222237921333681
Senior iOS Engineer,0.6222130710740047
Sr.Officer / Executive - Internal Audit,0.6222117317536466
Sr.Officer / Executive - Internal Audit,0.6222103404421887
"Executive/ Senior Executive- Trade Marketing, Hygiene Products",0.6222087897301132
Civil Engineer,0.622208298013458
"System Administrator (Operation & Maintenance of Server, Storage & Service Desk System)",0.6222036191619985
Asst. Manager/ Manger (Administrative),0.6221750760003305
Marketing Officer,0.6221744811372351
Senior iOS Engineer,0.6221744731785613
Database Administrator (DBA),0.6221700481054598
Data Engineer,0.6221605380209901
Head of Internal Control & Compliance (ICC) - SEVP/DMD,0.6221484578033635
Sr.Officer / Executive - Internal Audit,0.6221446402205919
Network Support Engineer,0.6221431740721095
Sr.Officer / Executive - Internal Audit,0.622140990208281
Database Administrator (DBA),0.6221398242482252
Mechanical Designer,0.6221374668684374
Marketing Officer,0.622135216453688
"Executive/ Senior Executive- Trade Marketing, Hygiene Products",0.6221268148723891
DevOps Engineer,0.6221261636744067
Marketing Officer,0.6221057459458696
Marketing Officer,0.6221027166788926
Network Support Engineer,0.6220970895765799
Site Engineer,0.6220818648972533
Network Support Engineer,0.622079578207993
Mechanical Designer,0.6220675942735621
Network Support Engineer,0.6220581067349524
Sr.Officer / Executive - Internal Audit,0.6220503332990864
Network Support Engineer,0.6220318279539326
Project Coordinator (Civil),0.6220292006491132
DevOps Engineer,0.6220242794351691
Senior iOS Engineer,0.6220212001039241
Sr.Officer / Executive - Internal Audit,0.6220078122851339
Mechanical Designer,0.6220023440561249
Data Engineer,0.6219952205573961
Network Support Engineer,0.6219930778046332
"Manager- Human Resource Management (HRM)
",0.6219905465646093
Data Engineer,0.6219883007423899
Network Support Engineer,0.6219848278052627
DevOps Engineer,0.6219840190192985
Asst. Manager/ Manger (Administrative),0.6219762616764863
Business Development Executive,0.6219742913759421
Mechanical Engineer,0.6219705938374291
Senior iOS Engineer,0.6219689195994651
Business Development Executive,0.6219660202989709
Business Development Executive,0.6219630247903556
Senior iOS Engineer,0.6219579941664739
Mechanical Engineer,0.6219563083834856
Head of Internal Control & Compliance (ICC) - SEVP/DMD,0.6219541592767895
Mechanical Engineer,0.6219521270647742
Database Administrator (DBA),0.6219426624728884
Sr.Officer / Executive - Internal Audit,0.6219395388591735
Database Administrator (DBA),0.6219392610365073
Asst. Manager/ Manger (Administrative),0.6219375590533888
Network Support Engineer,0.6219325073223275
Civil Engineer,0.6219313616366525
Project Coordinator (Civil),0.621921924130896
Asst. Manager/ Manger (Administrative),0.6219209398195072
"Executive/ Senior Executive- Trade Marketing, Hygiene Products",0.6219151405999609
Site Engineer,0.62190746138863
Database Administrator (DBA),0.6218970328006813
Sr.Officer / Executive - Internal Audit,0.6218955214488048
Network Support Engineer,0.6218917100245925
Asst. Manager/ Manger (Administrative),0.6218894842107133
Head of Internal Control & Compliance (ICC) - SEVP/DMD,0.621888941583236
Data Engineer,0.6218867204297329
Marketing Officer,0.6218825186876675
Sr.Officer / Executive - Internal Audit,0.6218820294390126
"Executive/ Senior Executive- Trade Marketing, Hygiene Products",0.6218666214443355
"Manager- Human Resource Management (HRM)
",0.6218622748336928
"Manager- Human Resource Management (HRM)
",0.6218609943420227
Project Coordinator (Civil),0.6218578181272149
Mechanical Engineer,0.6218574811933033
Business Development Executive,0.6218549095236545
"Executive/ Senior Executive- Trade Marketing, Hygiene Products",0.6218472592696548
Asst. Manager/ Manger (Administrative),0.6218381668282731
Mechanical Designer,0.6218264414353025
Mechanical Designer,0.6218259702469573
Mechanical Engineer,0.6218200539137584
Mechanical Designer,0.6218175404566201
Database Administrator (DBA),0.6218017590417847
DevOps Engineer,0.621796170227187
Site Engineer,0.6217941358389895
Database Administrator (DBA),0.6217887025182188
Mechanical Engineer,0.6217804592997646
Sr.Officer / Executive - Internal Audit,0.6217752510351129
Data Engineer,0.6217751349489626
Database Administrator (DBA),0.62177116110388
"System Administrator (Operation & Maintenance of Server, Storage & Service Desk System)",0.6217662080848232
Project Coordinator (Civil),0.6217618352881935
"Manager- Human Resource Management (HRM)
",0.6217527391591862
Asst. Manager/ Manger (Administrative),0.6217465303674513
Sr.Officer / Executive - Internal Audit,0.621744441084323
Head of Internal Control & Compliance (ICC) - SEVP/DMD,0.6217372547151496
Mechanical Designer,0.6217343830659955
Database Administrator (DBA),0.6217274986069052
Marketing Officer,0.6217246104370802
Head of Internal Control & Compliance (ICC) - SEVP/DMD,0.6217221576929621
"System Administrator (Operation & Maintenance of Server, Storage & Service Desk System)",0.6217066387432799
Data Engineer,0.621700943746393
"Manager- Human Resource Management (HRM)
",0.6216940328698631
Database Administrator (DBA),0.6216912022328815
"Executive/ Senior Executive- Trade Marketing, Hygiene Products",0.6216813466564854
Mechanical Designer,0.6216779464962077
Network Support Engineer,0.6216773643442758
Network Support Engineer,0.621670483312531
Mechanical Engineer,0.6216695137835105
Sr.Officer / Executive - Internal Audit,0.6216694865856653
"System Administrator (Operation & Maintenance of Server, Storage & Service Desk System)",0.621661169746914
DevOps Engineer,0.6216604836802126
"System Administrator (Operation & Maintenance of Server, Storage & Service Desk System)",0.6216578171128382
"System Administrator (Operation & Maintenance of Server, Storage & Service Desk System)",0.6216558101492238
Data Engineer,0.6216534137165355
Data Engineer,0.6216466470974849
Business Development Executive,0.621632506015563
"Manager- Human Resource Management (HRM)
",0.6216317388068741
Data Engineer,0.6216313029237075
"Manager- Human Resource Management (HRM)
",0.6216287779735004
Marketing Officer,0.6216262407042524
Marketing Officer,0.62162010167685
Sr.Officer / Executive - Internal Audit,0.6216181598920268
Business Development Executive,0.6216139597737269
Asst. Manager/ Manger (Administrative),0.621610184995337
Database Administrator (DBA),0.621609427803255
Executive - VAT,0.621607794165861
Network Support Engineer,0.6216074638485694
Business Development Executive,0.6216034729377281
Sr.Officer / Executive - Internal Audit,0.6215994970314608
Mechanical Designer,0.6215983794155538
Database Administrator (DBA),0.6215951867638185
"System Administrator (Operation & Maintenance of Server, Storage & Service Desk System)",0.6215936214350064
Database Administrator (DBA),0.6215906984467362
"System Administrator (Operation & Maintenance of Server, Storage & Service Desk System)",0.6215864137470055
"Executive/ Senior Executive- Trade Marketing, Hygiene Products",0.6215789344807077
Network Support Engineer,0.6215684480233655
Marketing Officer,0.6215568701019724
Business Development Executive,0.6215558503254673
Sr.Officer / Executive - Internal Audit,0.621550551832894
Project Coordinator (Civil),0.6215424875478615
Senior iOS Engineer,0.6215387622176459
DevOps Engineer,0.6215374586940702
Mechanical Designer,0.6215221191846546
Executive - VAT,0.621509980522326
Site Engineer,0.6214903565033763
Asst. Manager/ Manger (Administrative),0.6214839552859651
Civil Engineer,0.6214798734211765
Sr.Officer / Executive - Internal Audit,0.6214753101781163
Project Coordinator (Civil),0.6214737629094953
"Executive/ Senior Executive- Trade Marketing, Hygiene Products",0.6214716922849187
Marketing Officer,0.6214623795058116
Senior iOS Engineer,0.6214567351102145
Project Coordinator (Civil),0.6214526191811867
Mechanical Engineer,0.6214521753106088
Mechanical Designer,0.6214482849548894
DevOps Engineer,0.6214453900314275
Civil Engineer,0.6214291346078961
Marketing Officer,0.6214258851735731
Senior iOS Engineer,0.6214219556700242
Head of Internal Control & Compliance (ICC) - SEVP/DMD,0.6214182266655993
Database Administrator (DBA),0.6214116486358164
Mechanical Designer,0.6214114032608885
Mechanical Engineer,0.6213886731112488
Mechanical Engineer,0.6213814278063633
Site Engineer,0.6213813469561502
Mechanical Designer,0.6213752018739058
DevOps Engineer,0.6213711873497632
Civil Engineer,0.6213544641551512
Business Development Executive,0.6213506508073587
"Executive/ Senior Executive- Trade Marketing, Hygiene Products",0.6213426884002424
DevOps Engineer,0.6213412518710049
DevOps Engineer,0.6213401099890209
Mechanical Designer,0.621335920135706
Mechanical Designer,0.621332947841049
Executive - VAT,0.6213289155844852
"System Administrator (Operation & Maintenance of Server, Storage & Service Desk System)",0.621328520280444
Database Administrator (DBA),0.6213277165469323
Business Development Executive,0.6213264316834028
Mechanical Engineer,0.621323373871717
Mechanical Designer,0.6213217674860906
Data Engineer,0.6213133049815829
Sr.Officer / Executive - Internal Audit,0.6213126796715245
DevOps Engineer,0.6213120839227266
Network Support Engineer,0.621310039377337
Marketing Officer,0.6213098634753794
Head of Internal Control & Compliance (ICC) - SEVP/DMD,0.6213074290899511
Asst. Manager/ Manger (Administrative),0.6213058964561039
Sr.Officer / Executive - Internal Audit,0.6212989086208834
Asst. Manager/ Manger (Administrative),0.621291945473303
Data Science Engineer,0.6212867771783745
Mechanical Designer,0.6212842921413426
Mechanical Designer,0.6212808868050514
Head of Internal Control & Compliance (ICC) - SEVP/DMD,0.6212727542729962
Senior iOS Engineer,0.6212709633340812
Sr.Officer / Executive - Internal Audit,0.6212699788627547
Sr.Officer / Executive - Internal Audit,0.6212628993126939
Sr.Officer / Executive - Internal Audit,0.6212558296334839
"System Administrator (Operation & Maintenance of Server, Storage & Service Desk System)",0.6212501998153882
Mechanical Engineer,0.6212499376862741
Mechanical Designer,0.6212434022106157
DevOps Engineer,0.621240328077337
Site Engineer,0.6212391425050281
Marketing Officer,0.6212314187116379
Senior iOS Engineer,0.6212270157816147
Mechanical Designer,0.621222018440572
"Manager- Human Resource Management (HRM)
",0.6212169558360904
Mechanical Engineer,0.6212164086857909
Database Administrator (DBA),0.6212147724265519
"Executive/ Senior Executive- Trade Marketing, Hygiene Products",0.6212118964123872
Network Support Engineer,0.621208360462961
Project Coordinator (Civil),0.6212073581791075
Site Engineer,0.6212014963215057
Mechanical Designer,0.6211998953674452
Senior iOS Engineer,0.6211988688014828
Site Engineer,0.6211767596123285
Marketing Officer,0.6211688945449113
"Manager- Human Resource Management (HRM)
",0.6211687027320995
Senior iOS Engineer,0.6211607620574914
Business Development Executive,0.6211540785909215
Data Engineer,0.6211528118381039
Database Administrator (DBA),0.6211517482017174
Mechanical Designer,0.621151293715424
"Executive/ Senior Executive- Trade Marketing, Hygiene Products",0.6211500879077856
Marketing Officer,0.6211428068936445
Head of Internal Control & Compliance (ICC) - SEVP/DMD,0.6211307913945835
Database Administrator (DBA),0.6211264307223388
"System Administrator (Operation & Maintenance of Server, Storage & Service Desk System)",0.621125515503478
Mechanical Designer,0.621123932105821
"System Administrator (Operation & Maintenance of Server, Storage & Service Desk System)",0.6211196141070855
Project Coordinator (Civil),0.6211177592273173
Head of Internal Control & Compliance (ICC) - SEVP/DMD,0.6211147718660509
Mechanical Designer,0.6211122218948376
Data Engineer,0.6211103814552734
DevOps Engineer,0.6211063172412645
Mechanical Engineer,0.6210984210563341
Business Development Executive,0.6210968761075486
Senior iOS Engineer,0.6210953396516994
Database Administrator (DBA),0.6210943318124098
Mechanical Designer,0.6210798415199561
Sr.Officer / Executive - Internal Audit,0.6210794181030908
"System Administrator (Operation & Maintenance of Server, Storage & Service Desk System)",0.6210781780484291
Mechanical Designer,0.6210600132786438
Database Administrator (DBA),0.6210595818577264
DevOps Engineer,0.6210442751406363
Marketing Officer,0.6210421735557117
"System Administrator (Operation & Maintenance of Server, Storage & Service Desk System)",0.6210286489565239
Database Administrator (DBA),0.6210186712128399
Sr.Officer / Executive - Internal Audit,0.6210176338619561
Mechanical Designer,0.6210165854485736
Sr.Officer / Executive - Internal Audit,0.621011300534915
Network Support Engineer,0.6210038674369277
Database Administrator (DBA),0.6209938326188557
Network Support Engineer,0.6209840720948634
DevOps Engineer,0.6209645066904035
Asst. Manager/ Manger (Administrative),0.6209619642636006
Marketing Officer,0.6209610395394995
Senior iOS Engineer,0.6209490683681702
Network Support Engineer,0.6209481307804541
"System Administrator (Operation & Maintenance of Server, Storage & Service Desk System)",0.6209460592806401
Mechanical Engineer,0.6209453246613469
DevOps Engineer,0.6209442726381872
Civil Engineer,0.6209425082877824
DevOps Engineer,0.6209415556946719
"Manager- Human Resource Management (HRM)
",0.6209365186151152
Database Administrator (DBA),0.620928783144046
Site Engineer,0.6209174482201262
Marketing Officer,0.6209163146676673
Network Support Engineer,0.6209047879306657
Business Development Executive,0.6208957684116119
Mechanical Engineer,0.6208945693934309
Head of Internal Control & Compliance (ICC) - SEVP/DMD,0.62087665201529
Network Support Engineer,0.6208731771709806
"System Administrator (Operation & Maintenance of Server, Storage & Service Desk System)",0.620871995359083
Mechanical Designer,0.6208693978074854
Senior iOS Engineer,0.6208680970929912
Marketing Officer,0.6208565267841236
Network Support Engineer,0.6208523584943797
Marketing Officer,0.6208446003446846
Marketing Officer,0.6208437318191068
Senior iOS Engineer,0.6208352797775335
Sr.Officer / Executive - Internal Audit,0.6208312604187387
Asst. Manager/ Manger (Administrative),0.6208296961277483
Mechanical Engineer,0.6208285853725138
"System Administrator (Operation & Maintenance of Server, Storage & Service Desk System)",0.6208277733534059
Marketing Officer,0.6208276374043198
DevOps Engineer,0.620827227464741
"System Administrator (Operation & Maintenance of Server, Storage & Service Desk System)",0.6208210911694096
Asst. Manager/ Manger (Administrative),0.6208143872591495
Data Engineer,0.620807413343897
"System Administrator (Operation & Maintenance of Server, Storage & Service Desk System)",0.6208023400458971
Business Development Executive,0.6208004186294462
DevOps Engineer,0.6207983098239704
DevOps Engineer,0.6207923296698717
Database Administrator (DBA),0.6207918734183329
Civil Engineer,0.6207845970552509
Head of Internal Control & Compliance (ICC) - SEVP/DMD,0.6207778491150786
Data Engineer,0.6207752494345156
Database Administrator (DBA),0.6207644097521925
"Executive/ Senior Executive- Trade Marketing, Hygiene Products",0.6207629203361423
"Manager- Human Resource Management (HRM)
",0.620751432614166
DevOps Engineer,0.6207496719734308
"System Administrator (Operation & Maintenance of Server, Storage & Service Desk System)",0.620746219748725
Database Administrator (DBA),0.6207358646006155
Sr.Officer / Executive - Internal Audit,0.6207350605965035
DevOps Engineer,0.6207335235253257
Data Engineer,0.6207332142343238
Senior iOS Engineer,0.6207298292572426
DevOps Engineer,0.6207276212824172
Marketing Officer,0.6207213936541567
Database Administrator (DBA),0.6207157160744122
Marketing Officer,0.6207114264952119
Marketing Officer,0.6207037150294702
Mechanical Engineer,0.6206966162260036
"System Administrator (Operation & Maintenance of Server, Storage & Service Desk System)",0.6206941717681156
Marketing Officer,0.6206934045594267
Database Administrator (DBA),0.6206841075358358
Site Engineer,0.620680211179136
Head of Internal Control & Compliance (ICC) - SEVP/DMD,0.6206667369285582
Civil Engineer,0.6206554798482122
Sr.Officer / Executive - Internal Audit,0.620653046546656
DevOps Engineer,0.6206466970693842
Sr.Officer / Executive - Internal Audit,0.6206444308451388
Network Support Engineer,0.6206434579383572
Database Administrator (DBA),0.6206394437010059
Senior iOS Engineer,0.6206330342270016
"System Administrator (Operation & Maintenance of Server, Storage & Service Desk System)",0.6206322654953271
Executive - VAT,0.6206309117243678
Site Engineer,0.6206288081436693
Asst. Manager/ Manger (Administrative),0.6206222090219468
Business Development Executive,0.6206174208656784
"System Administrator (Operation & Maintenance of Server, Storage & Service Desk System)",0.6206146577164446
"System Administrator (Operation & Maintenance of Server, Storage & Service Desk System)",0.6206022615250807
"System Administrator (Operation & Maintenance of Server, Storage & Service Desk System)",0.6206010923805123
DevOps Engineer,0.6205935982059121
Network Support Engineer,0.6205831412981342
Asst. Manager/ Manger (Administrative),0.6205795711583709
"System Administrator (Operation & Maintenance of Server, Storage & Service Desk System)",0.6205769965961159
DevOps Engineer,0.6205675103343823
Database Administrator (DBA),0.6205655479323863
Network Support Engineer,0.6205536291830646
Data Engineer,0.620550401222748
"System Administrator (Operation & Maintenance of Server, Storage & Service Desk System)",0.6205491475996557
Sr.Officer / Executive - Internal Audit,0.6205467263991696
Asst. Manager/ Manger (Administrative),0.6205302646007315
Site Engineer,0.6205174107999372
Marketing Officer,0.6205121231704956
Civil Engineer,0.6204983256351193
Business Development Executive,0.6204829773876676
DevOps Engineer,0.6204822220300985
Marketing Officer,0.6204752743997125
Asst. Manager/ Manger (Administrative),0.6204714599120318
Sr.Officer / Executive - Internal Audit,0.6204598703082097
Mechanical Engineer,0.6204535389078606
Project Coordinator (Civil),0.6204531689537949
Marketing Officer,0.6204457929332151
DevOps Engineer,0.6204408232093372
"Manager- Human Resource Management (HRM)
",0.6204376564414579
Business Development Executive,0.6204322085408367
Asst. Manager/ Manger (Administrative),0.6204321311410221
Business Development Executive,0.6204262854181803
Head of Internal Control & Compliance (ICC) - SEVP/DMD,0.620419626478277
Head of Internal Control & Compliance (ICC) - SEVP/DMD,0.6203973270643616
Business Development Executive,0.6203930306557195
Senior iOS Engineer,0.6203837600478398
Network Support Engineer,0.620369456480325
Sr.Officer / Executive - Internal Audit,0.6203664540435649
"Manager- Human Resource Management (HRM)
",0.6203617326548726
"System Administrator (Operation & Maintenance of Server, Storage & Service Desk System)",0.6203614014493035
"System Administrator (Operation & Maintenance of Server, Storage & Service Desk System)",0.6203562075143745
Network Support Engineer,0.6203403125905969
"Manager- Human Resource Management (HRM)
",0.6203308111902952
"System Administrator (Operation & Maintenance of Server, Storage & Service Desk System)",0.6203075651256088
Project Coordinator (Civil),0.6203068765146883
Network Support Engineer,0.62030384162722
"Executive/ Senior Executive- Trade Marketing, Hygiene Products",0.620296452061729
Sr.Officer / Executive - Internal Audit,0.6202915107745849
Mechanical Designer,0.620290300893272
Business Development Executive,0.6202899151454652
"Manager- Human Resource Management (HRM)
",0.6202882204835641
Executive - VAT,0.6202811297108317
"Manager- Human Resource Management (HRM)
",0.6202806977647388
Database Administrator (DBA),0.620269066704754
Sr.Officer / Executive - Internal Audit,0.6202629638219016
Sr.Officer / Executive - Internal Audit,0.6202601122497836
Sr.Officer / Executive - Internal Audit,0.6202578077879808
Senior iOS Engineer,0.6202550989144221
Site Engineer,0.6202544551139206
"Executive/ Senior Executive- Trade Marketing, Hygiene Products",0.6202531846130003
Mechanical Designer,0.6202449050631086
Network Support Engineer,0.6202402843183238
Marketing Officer,0.6202337445529956
"System Administrator (Operation & Maintenance of Server, Storage & Service Desk System)",0.6202328909770161
Project Coordinator (Civil),0.6202219770653891
Senior iOS Engineer,0.6202215153822842
Database Administrator (DBA),0.6202190952337079
Sr.Officer / Executive - Internal Audit,0.6202175368002184
Marketing Officer,0.6202096557179944
Sr.Officer / Executive - Internal Audit,0.6201947215074921
DevOps Engineer,0.6201856319018466
Sr.Officer / Executive - Internal Audit,0.6201802423505749
Network Support Engineer,0.620177327037526
Sr.Officer / Executive - Internal Audit,0.6201754150063623
Project Coordinator (Civil),0.6201695760329936
Sr.Officer / Executive - Internal Audit,0.6201673207351751
Sr.Officer / Executive - Internal Audit,0.6201582438908669
Civil Engineer,0.6201569585053175
Senior iOS Engineer,0.6201510536464885
"System Administrator (Operation & Maintenance of Server, Storage & Service Desk System)",0.620150501851058
Head of Internal Control & Compliance (ICC) - SEVP/DMD,0.6201456392818386
Marketing Officer,0.6201400315682086
Asst. Manager/ Manger (Administrative),0.6201373844995652
"Manager- Human Resource Management (HRM)
",0.6201312400805813
DevOps Engineer,0.6201157865555151
Mechanical Designer,0.620112400272362
Project Coordinator (Civil),0.6201048338384672
Sr.Officer / Executive - Internal Audit,0.6201007920798194
Database Administrator (DBA),0.6200993859861353
"Manager- Human Resource Management (HRM)
",0.620094791517364
Civil Engineer,0.6200917715667019
Senior iOS Engineer,0.6200893267386831
Executive - VAT,0.6200717983373867
Mechanical Designer,0.620070670092967
"Executive/ Senior Executive- Trade Marketing, Hygiene Products",0.6200673105494806
Project Coordinator (Civil),0.6200480827660725
Mechanical Engineer,0.6200438218625312
Sr.Officer / Executive - Internal Audit,0.6200418012000486
Database Administrator (DBA),0.6200390640849355
Network Support Engineer,0.620037252383528
"Manager- Human Resource Management (HRM)
",0.620035093216114
Head of Internal Control & Compliance (ICC) - SEVP/DMD,0.6200252336859967
Sr.Officer / Executive - Internal Audit,0.6200240265204668
Database Administrator (DBA),0.6200237434947683
Marketing Officer,0.6200236013404944
DevOps Engineer,0.6200222626916342
Project Coordinator (Civil),0.6200047049225931
Mechanical Designer,0.6200014909533864
Mechanical Designer,0.6199935454873536
Civil Engineer,0.6199820539347364
"System Administrator (Operation & Maintenance of Server, Storage & Service Desk System)",0.6199666162263843
Senior iOS Engineer,0.6199591592206609
Marketing Officer,0.6199576852576356
Database Administrator (DBA),0.6199530984166538
Asst. Manager/ Manger (Administrative),0.6199526910492085
Sr.Officer / Executive - Internal Audit,0.6199513778881739
Site Engineer,0.6199487747835414
Asst. Manager/ Manger (Administrative),0.6199480156688888
Civil Engineer,0.6199417245576402
Mechanical Engineer,0.6199402179323774
Sr.Officer / Executive - Internal Audit,0.6199396646762422
"System Administrator (Operation & Maintenance of Server, Storage & Service Desk System)",0.6199381616103219
DevOps Engineer,0.61993756973716
Asst. Manager/ Manger (Administrative),0.6199137248885377
Head of Internal Control & Compliance (ICC) - SEVP/DMD,0.6199093661634969
"Executive/ Senior Executive- Trade Marketing, Hygiene Products",0.6199060977148161
Civil Engineer,0.619891923887438
Sr.Officer / Executive - Internal Audit,0.6198841893775254
Mechanical Designer,0.6198831171688769
Sr.Officer / Executive - Internal Audit,0.6198708263674242
DevOps Engineer,0.6198699221316487
Project Coordinator (Civil),0.6198698566417986
"Manager- Human Resource Management (HRM)
",0.6198626886437095
"Manager- Human Resource Management (HRM)
",0.6198563580336545
Database Administrator (DBA),0.6198518320110223
Mechanical Designer,0.6198467522693072
"System Administrator (Operation & Maintenance of Server, Storage & Service Desk System)",0.6198339949321208
DevOps Engineer,0.6198279132531408
Sr.Officer / Executive - Internal Audit,0.6198183562025164
Sr.Officer / Executive - Internal Audit,0.6198141941451624
Project Coordinator (Civil),0.6198110533021738
Civil Engineer,0.6198106472926199
Mechanical Designer,0.6198096467558021
Mechanical Engineer,0.6198073491701559
"Executive/ Senior Executive- Trade Marketing, Hygiene Products",0.6197985309868393
Business Development Executive,0.6197965442316595
Marketing Officer,0.619793008442171
"Manager- Human Resource Management (HRM)
",0.6197917047463924
Executive - VAT,0.6197873079182395
Mechanical Designer,0.6197862013321581
Mechanical Engineer,0.619782547086235
Marketing Officer,0.619769926842776
"Manager- Human Resource Management (HRM)
",0.619762059259498
Mechanical Engineer,0.619761942926052
Sr.Officer / Executive - Internal Audit,0.6197608588834255
"System Administrator (Operation & Maintenance of Server, Storage & Service Desk System)",0.6197563277194942
Sr.Officer / Executive - Internal Audit,0.6197544985596954
Project Coordinator (Civil),0.6197456785787945
Network Support Engineer,0.6197451807882961
Sr.Officer / Executive - Internal Audit,0.6197326853509004
Business Development Executive,0.6197326309952567
Site Engineer,0.6197324517535806
Network Support Engineer,0.6197312418722678
Database Administrator (DBA),0.619730379210482
DevOps Engineer,0.6197293287631035
Database Administrator (DBA),0.61971171405641
Business Development Executive,0.6197107445003058
Database Administrator (DBA),0.6197080234457082
Data Engineer,0.619689068638473
Asst. Manager/ Manger (Administrative),0.6196876657766315
Sr.Officer / Executive - Internal Audit,0.6196830272593041
Mechanical Designer,0.6196830165161256
Civil Engineer,0.6196772344542459
Sr.Officer / Executive - Internal Audit,0.6196771584922915
Network Support Engineer,0.6196768759708939
Sr.Officer / Executive - Internal Audit,0.6196695733865428
Business Development Executive,0.6196665505640441
DevOps Engineer,0.6196653114356302
Mechanical Designer,0.6196645364722023
Head of Internal Control & Compliance (ICC) - SEVP/DMD,0.619663466770464
Mechanical Designer,0.6196628382486625
"Executive/ Senior Executive- Trade Marketing, Hygiene Products",0.619658992620009
"System Administrator (Operation & Maintenance of Server, Storage & Service Desk System)",0.6196561969413478
"System Administrator (Operation & Maintenance of Server, Storage & Service Desk System)",0.6196548524888409
"Executive/ Senior Executive- Trade Marketing, Hygiene Products",0.6196536573843967
Business Development Executive,0.6196506740968047
Data Engineer,0.619649261402665
Senior iOS Engineer,0.6196481759825758
"System Administrator (Operation & Maintenance of Server, Storage & Service Desk System)",0.6196431542537
Marketing Officer,0.6196428064735422
DevOps Engineer,0.6196397512480007
Marketing Officer,0.6196340494313572
Asst. Manager/ Manger (Administrative),0.6196305718712649
Database Administrator (DBA),0.6196297082522806
Business Development Executive,0.6196243214967607
Civil Engineer,0.6196178783016657
"System Administrator (Operation & Maintenance of Server, Storage & Service Desk System)",0.6196037658954027
Project Coordinator (Civil),0.619601942087201
Sr.Officer / Executive - Internal Audit,0.6195994640951791
Business Development Executive,0.6195976810237219
Project Coordinator (Civil),0.6195950019038226
DevOps Engineer,0.6195904536209041
Mechanical Designer,0.6195850634960459
Sr.Officer / Executive - Internal Audit,0.6195797528224336
Project Coordinator (Civil),0.6195760796859829
Database Administrator (DBA),0.619575686745731
Sr.Officer / Executive - Internal Audit,0.6195735459004569
Senior iOS Engineer,0.6195734211938626
Business Development Executive,0.6195639632202647
"System Administrator (Operation & Maintenance of Server, Storage & Service Desk System)",0.6195632320741784
DevOps Engineer,0.6195630223614036
Data Engineer,0.6195589083025631
Project Coordinator (Civil),0.6195575132357124
Executive - VAT,0.6195572408264294
Sr.Officer / Executive - Internal Audit,0.6195532088796435
"Executive/ Senior Executive- Trade Marketing, Hygiene Products",0.6195461246797989
Head of Internal Control & Compliance (ICC) - SEVP/DMD,0.6195395456955554
Sr.Officer / Executive - Internal Audit,0.6195330318901031
Business Development Executive,0.619533019589111
Mechanical Engineer,0.6195324865362708
Head of Internal Control & Compliance (ICC) - SEVP/DMD,0.6195260836393447
Business Development Executive,0.61951430648656
Mechanical Designer,0.6195140091083249
"System Administrator (Operation & Maintenance of Server, Storage & Service Desk System)",0.6195059705506729
Database Administrator (DBA),0.6195026663166892
Head of Internal Control & Compliance (ICC) - SEVP/DMD,0.6194959749915007
Mechanical Designer,0.6194824617977771
Civil Engineer,0.6194790420447017
Executive - VAT,0.6194689991592496
Civil Engineer,0.6194644039744964
DevOps Engineer,0.619455033325298
"System Administrator (Operation & Maintenance of Server, Storage & Service Desk System)",0.61945320142306
Project Coordinator (Civil),0.6194522182563126
Project Coordinator (Civil),0.619445428798889
Mechanical Designer,0.61944389084496
Head of Internal Control & Compliance (ICC) - SEVP/DMD,0.6194340797017973
Business Development Executive,0.6194296242998982
Asst. Manager/ Manger (Administrative),0.6194195501029731
Marketing Officer,0.6194193953033438
Head of Internal Control & Compliance (ICC) - SEVP/DMD,0.6194174657795285
Asst. Manager/ Manger (Administrative),0.6194097272759103
"System Administrator (Operation & Maintenance of Server, Storage & Service Desk System)",0.619406268010919
DevOps Engineer,0.6194020741675139
Mechanical Designer,0.6193954285186385
Sr.Officer / Executive - Internal Audit,0.6193939403095556
"System Administrator (Operation & Maintenance of Server, Storage & Service Desk System)",0.619390198080577
Sr.Officer / Executive - Internal Audit,0.6193895191348346
"Manager- Human Resource Management (HRM)
",0.6193864800537385
Asst. Manager/ Manger (Administrative),0.6193810443741408
Database Administrator (DBA),0.6193705418473425
Sr.Officer / Executive - Internal Audit,0.6193609815674385
Mechanical Designer,0.6193595009106136
"System Administrator (Operation & Maintenance of Server, Storage & Service Desk System)",0.619353033788594
Civil Engineer,0.6193481060003959
Sr.Officer / Executive - Internal Audit,0.6193460692031533
Civil Engineer,0.6193442169991836
Sr.Officer / Executive - Internal Audit,0.6193365151186512
Mechanical Designer,0.6193354124307967
"Executive/ Senior Executive- Trade Marketing, Hygiene Products",0.619331960710627
Civil Engineer,0.6193276996604761
Civil Engineer,0.6193117756137222
DevOps Engineer,0.6193061340725666
Sr.Officer / Executive - Internal Audit,0.619299318477179
Database Administrator (DBA),0.619290038943187
"Executive/ Senior Executive- Trade Marketing, Hygiene Products",0.6192866084929287
"System Administrator (Operation & Maintenance of Server, Storage & Service Desk System)",0.6192858088147974
Head of Internal Control & Compliance (ICC) - SEVP/DMD,0.6192816182417223
Head of Internal Control & Compliance (ICC) - SEVP/DMD,0.6192811277263323
DevOps Engineer,0.6192803453545398
Executive - VAT,0.6192789938659905
Marketing Officer,0.6192767202871525
"System Administrator (Operation & Maintenance of Server, Storage & Service Desk System)",0.6192760170222925
Civil Engineer,0.6192701983343515
"System Administrator (Operation & Maintenance of Server, Storage & Service Desk System)",0.6192656439663117
Mechanical Designer,0.6192645902425196
Senior iOS Engineer,0.6192628384298573
Business Development Executive,0.6192521166513408
Asst. Manager/ Manger (Administrative),0.619251926546533
DevOps Engineer,0.6192499986087963
Sr.Officer / Executive - Internal Audit,0.6192472256861505
Civil Engineer,0.6192395208499286
"Executive/ Senior Executive- Trade Marketing, Hygiene Products",0.619236275569249
"Manager- Human Resource Management (HRM)
",0.6192287693443559
Mechanical Designer,0.6192263275762631
DevOps Engineer,0.619224208067593
Database Administrator (DBA),0.6192035237245054
Senior iOS Engineer,0.619202964152368
Senior iOS Engineer,0.6191968553029544
"Executive/ Senior Executive- Trade Marketing, Hygiene Products",0.6191966265757554
Head of Internal Control & Compliance (ICC) - SEVP/DMD,0.6191916191456194
DevOps Engineer,0.619184618741356
Business Development Executive,0.6191843361399895
DevOps Engineer,0.6191833636955557
"Executive/ Senior Executive- Trade Marketing, Hygiene Products",0.6191711945061847
Senior iOS Engineer,0.6191700945740977
Mechanical Designer,0.6191627239391186
Sr.Officer / Executive - Internal Audit,0.6191597746387982
Database Administrator (DBA),0.6191552998104778
Marketing Officer,0.6191534984243714
Mechanical Engineer,0.619152345395979
DevOps Engineer,0.6191497943350938
"Executive/ Senior Executive- Trade Marketing, Hygiene Products",0.6191460925241982
Mechanical Designer,0.6191445177913109
Civil Engineer,0.6191430942598155
Data Engineer,0.6191426789949551
Sr.Officer / Executive - Internal Audit,0.619136575182735
Database Administrator (DBA),0.6191363215616681
Senior iOS Engineer,0.6191361650995066
"Manager- Human Resource Management (HRM)
",0.619135261981716
"Executive/ Senior Executive- Trade Marketing, Hygiene Products",0.6191268621849448
"System Administrator (Operation & Maintenance of Server, Storage & Service Desk System)",0.6191233384565419
Mechanical Designer,0.6191178100218134
"Executive/ Senior Executive- Trade Marketing, Hygiene Products",0.619116827206935
Executive - VAT,0.619114368145425
Head of Internal Control & Compliance (ICC) - SEVP/DMD,0.6191131746387788
"Executive/ Senior Executive- Trade Marketing, Hygiene Products",0.6191091756699165
Business Development Executive,0.6191068276940415
Network Support Engineer,0.6191033976601511
"Executive/ Senior Executive- Trade Marketing, Hygiene Products",0.619103180437498
DevOps Engineer,0.6191002230697975
Network Support Engineer,0.6190999363947566
Civil Engineer,0.6190991637545017
"System Administrator (Operation & Maintenance of Server, Storage & Service Desk System)",0.6190877758070741
Mechanical Designer,0.6190835766780863
Civil Engineer,0.6190785197302595
Civil Engineer,0.6190782087731095
Sr.Officer / Executive - Internal Audit,0.6190779508536962
Sr.Officer / Executive - Internal Audit,0.6190712332845525
"Manager- Human Resource Management (HRM)
",0.6190703086004358
Head of Internal Control & Compliance (ICC) - SEVP/DMD,0.6190702272469
Head of Internal Control & Compliance (ICC) - SEVP/DMD,0.6190693514068923
DevOps Engineer,0.6190691201841982
Executive - VAT,0.6190617473219291
"Manager- Human Resource Management (HRM)
",0.6190582070715239
Project Coordinator (Civil),0.6190491254532897
Senior iOS Engineer,0.6190374449240507
Sr.Officer / Executive - Internal Audit,0.6190340948009019
Site Engineer,0.6190289390384778
Sr.Officer / Executive - Internal Audit,0.6190266389302403
Sr.Officer / Executive - Internal Audit,0.6190258172859389
Mechanical Engineer,0.6190228740892084
Civil Engineer,0.6190160282062411
Sr.Officer / Executive - Internal Audit,0.6190144598815607
Sr.Officer / Executive - Internal Audit,0.6190119545717714
Civil Engineer,0.6190040841927414
Business Development Executive,0.6190012326206236
"Executive/ Senior Executive- Trade Marketing, Hygiene Products",0.6189987015508804
"Manager- Human Resource Management (HRM)
",0.6189944948030608
Marketing Officer,0.6189900085362713
Asst. Manager/ Manger (Administrative),0.6189863392668191
Civil Engineer,0.6189862197723685
"Manager- Human Resource Management (HRM)
",0.6189852991619262
Asst. Manager/ Manger (Administrative),0.6189744169795832
Data Engineer,0.6189658976217207
Business Development Executive,0.6189649823495474
Project Coordinator (Civil),0.6189639299836467
Sr.Officer / Executive - Internal Audit,0.6189637494240637
Marketing Officer,0.6189603682342824
Head of Internal Control & Compliance (ICC) - SEVP/DMD,0.6189476991467143
Sr.Officer / Executive - Internal Audit,0.6189325002673258
"Manager- Human Resource Management (HRM)
",0.6189312931017958
Business Development Executive,0.6189274407236692
Sr.Officer / Executive - Internal Audit,0.6189193748882345
Civil Engineer,0.6189182817456048
Civil Engineer,0.618912218813438
Mechanical Designer,0.6189117837930903
Executive - VAT,0.6189087427504798
Network Support Engineer,0.6189084506112554
Site Engineer,0.6189048793566506
Head of Internal Control & Compliance (ICC) - SEVP/DMD,0.618894507941428
Asst. Manager/ Manger (Administrative),0.6188778084320112
Civil Engineer,0.6188774363697443
Network Support Engineer,0.6188767924618923
Asst. Manager/ Manger (Administrative),0.6188684023176965
Mechanical Engineer,0.6188644522113674
"Executive/ Senior Executive- Trade Marketing, Hygiene Products",0.6188573572683442
Sr.Officer / Executive - Internal Audit,0.6188559328401767
Head of Internal Control & Compliance (ICC) - SEVP/DMD,0.6188556802723606
Sr.Officer / Executive - Internal Audit,0.618852853102305
Asst. Manager/ Manger (Administrative),0.6188456766458083
Asst. Manager/ Manger (Administrative),0.6188398947438662
Marketing Officer,0.6188246877171288
Sr.Officer / Executive - Internal Audit,0.6188233407287604
Mechanical Designer,0.6188225071263562
Marketing Officer,0.6188148336585619
Site Engineer,0.6188129175137392
Sr.Officer / Executive - Internal Audit,0.6188104244649577
DevOps Engineer,0.618809581334299
DevOps Engineer,0.6188057194909165
Mechanical Designer,0.6188050101926964
Civil Engineer,0.6187994526617767
DevOps Engineer,0.6187916721035069
DevOps Engineer,0.6187830453301174
Mechanical Designer,0.6187774086514137
Network Support Engineer,0.6187742189643162
Marketing Officer,0.6187709695299932
"Executive/ Senior Executive- Trade Marketing, Hygiene Products",0.6187685172179562
"Manager- Human Resource Management (HRM)
",0.6187671620422545
DevOps Engineer,0.6187664006387361
Site Engineer,0.6187587172751265
Asst. Manager/ Manger (Administrative),0.6187527072474152
Network Support Engineer,0.6187394379318265
"Manager- Human Resource Management (HRM)
",0.6187369217589053
DevOps Engineer,0.6187291155413267
"System Administrator (Operation & Maintenance of Server, Storage & Service Desk System)",0.6187243639784545
Site Engineer,0.6187243422521909
Head of Internal Control & Compliance (ICC) - SEVP/DMD,0.6187227304749829
Mechanical Designer,0.6187144585521943
Mechanical Designer,0.618711758671802
"Executive/ Senior Executive- Trade Marketing, Hygiene Products",0.6187050208542392
DevOps Engineer,0.618704969374316
Marketing Officer,0.6187039385747414
"Manager- Human Resource Management (HRM)
",0.618700190834228
Network Support Engineer,0.6186992266912894
Site Engineer,0.6186977330106562
Project Coordinator (Civil),0.618681089334728
Project Coordinator (Civil),0.6186797789694453
Project Coordinator (Civil),0.618679531833195
Marketing Officer,0.6186782391205016
"System Administrator (Operation & Maintenance of Server, Storage & Service Desk System)",0.6186767780825765
Mechanical Designer,0.6186705996230085
Marketing Officer,0.618667620409091
Database Administrator (DBA),0.6186640165650905
Business Development Executive,0.6186626233684273
Sr.Officer / Executive - Internal Audit,0.6186563119287907
Network Support Engineer,0.6186545086089146
Civil Engineer,0.618649708462516
Network Support Engineer,0.6186417417131752
Marketing Officer,0.6186363182945852
"Executive/ Senior Executive- Trade Marketing, Hygiene Products",0.6186338089111214
Civil Engineer,0.6186321509256185
Head of Internal Control & Compliance (ICC) - SEVP/DMD,0.6186318725978486
"Executive/ Senior Executive- Trade Marketing, Hygiene Products",0.6186307875813998
Site Engineer,0.6186265360443293
Business Development Executive,0.618623139957726
Head of Internal Control & Compliance (ICC) - SEVP/DMD,0.6186212511306707
Sr.Officer / Executive - Internal Audit,0.6186188829679213
Sr.Officer / Executive - Internal Audit,0.618598279720408
Site Engineer,0.6185956548761837
Business Development Executive,0.6185794661472154
Data Engineer,0.6185738948250787
Asst. Manager/ Manger (Administrative),0.618564961097063
Site Engineer,0.6185630410385036
"Manager- Human Resource Management (HRM)
",0.618561183482937
Sr.Officer / Executive - Internal Audit,0.6185599315069881
"Executive/ Senior Executive- Trade Marketing, Hygiene Products",0.6185576403633867
Network Support Engineer,0.6185573514731826
Asst. Manager/ Manger (Administrative),0.6185533470511941
Sr.Officer / Executive - Internal Audit,0.6185505742767669
Executive - VAT,0.6185421594632204
Civil Engineer,0.6185338925398925
Site Engineer,0.6185277507967072
"Manager- Human Resource Management (HRM)
",0.6185191825014386
"System Administrator (Operation & Maintenance of Server, Storage & Service Desk System)",0.6185116094890065
Project Coordinator (Civil),0.6185108083846523
"Manager- Human Resource Management (HRM)
",0.6185083560726153
Civil Engineer,0.6185080165597597
"Manager- Human Resource Management (HRM)
",0.6185055126478463
Asst. Manager/ Manger (Administrative),0.6185033128236567
Network Support Engineer,0.6185032340659505
Asst. Manager/ Manger (Administrative),0.6184951804115546
Sr.Officer / Executive - Internal Audit,0.6184827095761434
DevOps Engineer,0.6184724263838828
Asst. Manager/ Manger (Administrative),0.6184679969418596
Network Support Engineer,0.6184590509928206
Project Coordinator (Civil),0.6184524910190579
Network Support Engineer,0.6184503523399695
Business Development Executive,0.6184498173307245
DevOps Engineer,0.6184436867783285
Mechanical Designer,0.6184419089707175
Mechanical Designer,0.6184383757370743
Senior iOS Engineer,0.6184297829997589
Sr.Officer / Executive - Internal Audit,0.6184272274879691
DevOps Engineer,0.6184268908508341
Mechanical Designer,0.6184148353302951
Sr.Officer / Executive - Internal Audit,0.6184069385307935
"System Administrator (Operation & Maintenance of Server, Storage & Service Desk System)",0.6184067844449948
Marketing Officer,0.6183996092930769
DevOps Engineer,0.6183920745131658
Asst. Manager/ Manger (Administrative),0.6183894441174222
Sr.Officer / Executive - Internal Audit,0.6183859367237017
Sr.Officer / Executive - Internal Audit,0.6183856081539467
Sr.Officer / Executive - Internal Audit,0.6183812696506686
Network Support Engineer,0.6183771076732836
Asst. Manager/ Manger (Administrative),0.6183746879106577
Project Coordinator (Civil),0.6183718920120908
Sr.Officer / Executive - Internal Audit,0.6183689454275533
"Manager- Human Resource Management (HRM)
",0.6183635437352271
"System Administrator (Operation & Maintenance of Server, Storage & Service Desk System)",0.6183604816499446
"Executive/ Senior Executive- Trade Marketing, Hygiene Products",0.6183595026501686
Mechanical Engineer,0.6183567743304187
Network Support Engineer,0.6183457688957077
Executive - VAT,0.6183373456841188
Sr.Officer / Executive - Internal Audit,0.6183323244521018
Mechanical Designer,0.6183307221001654
Marketing Officer,0.6183285902105344
"System Administrator (Operation & Maintenance of Server, Storage & Service Desk System)",0.6183285589790303
DevOps Engineer,0.6183279791593663
Network Support Engineer,0.6183259260274414
Mechanical Designer,0.6183225570986678
Mechanical Designer,0.6183215428070412
Asst. Manager/ Manger (Administrative),0.6183184331822287
"System Administrator (Operation & Maintenance of Server, Storage & Service Desk System)",0.618317386247894
Mechanical Designer,0.618306404979457
Civil Engineer,0.6183057396126295
Data Engineer,0.6183055360888445
Marketing Officer,0.6183043192581364
Head of Internal Control & Compliance (ICC) - SEVP/DMD,0.6183014880943752
DevOps Engineer,0.618295766136776
"Manager- Human Resource Management (HRM)
",0.6182940631437368
DevOps Engineer,0.6182890512862199
Network Support Engineer,0.6182875642351064
"Executive/ Senior Executive- Trade Marketing, Hygiene Products",0.6182819629727164
Sr.Officer / Executive - Internal Audit,0.6182818081730872
"Executive/ Senior Executive- Trade Marketing, Hygiene Products",0.6182802031453523
"Manager- Human Resource Management (HRM)
",0.6182764933458316
Sr.Officer / Executive - Internal Audit,0.6182691824980622
Civil Engineer,0.6182657171190088
Marketing Officer,0.6182618525598432
Network Support Engineer,0.6182582039054239
Marketing Officer,0.6182546475876254
Network Support Engineer,0.6182540949257911
Business Development Executive,0.6182503729452314
"Manager- Human Resource Management (HRM)
",0.6182480835801726
Asst. Manager/ Manger (Administrative),0.61823703709296
Data Engineer,0.6182360744012099
"System Administrator (Operation & Maintenance of Server, Storage & Service Desk System)",0.6182221518865044
Civil Engineer,0.6182220038763326
Civil Engineer,0.6182071648381876
Network Support Engineer,0.6182056820206863
Network Support Engineer,0.6182034089103409
Executive - VAT,0.6182002016506227
Mechanical Engineer,0.6181938262701331
DevOps Engineer,0.6181924563175627
DevOps Engineer,0.6181842641582354
Sr.Officer / Executive - Internal Audit,0.6181835022611593
Marketing Officer,0.6181751104517992
Sr.Officer / Executive - Internal Audit,0.6181715826897063
Asst. Manager/ Manger (Administrative),0.6181700740322824
"Executive/ Senior Executive- Trade Marketing, Hygiene Products",0.6181682259819561
"System Administrator (Operation & Maintenance of Server, Storage & Service Desk System)",0.6181635425742409
Executive - VAT,0.6181629426842773
"Executive/ Senior Executive- Trade Marketing, Hygiene Products",0.618160365148151
Sr.Officer / Executive - Internal Audit,0.6181521757445911
Executive - VAT,0.6181518321980455
Asst. Manager/ Manger (Administrative),0.6181500071119211
Asst. Manager/ Manger (Administrative),0.6181497260283838
Head of Internal Control & Compliance (ICC) - SEVP/DMD,0.6181496065739176
Asst. Manager/ Manger (Administrative),0.6181483301159375
"Executive/ Senior Executive- Trade Marketing, Hygiene Products",0.6181453292157407
Network Support Engineer,0.6181439767158375
Mechanical Designer,0.6181414865027922
DevOps Engineer,0.6181373422179808
"Executive/ Senior Executive- Trade Marketing, Hygiene Products",0.6181360561747915
Mechanical Engineer,0.6181360479874582
"Manager- Human Resource Management (HRM)
",0.6181295057062692
Sr.Officer / Executive - Internal Audit,0.6181252813058603
DevOps Engineer,0.6181109773969135
"System Administrator (Operation & Maintenance of Server, Storage & Service Desk System)",0.6181103838383969
"Manager- Human Resource Management (HRM)
",0.6181089458313146
Project Coordinator (Civil),0.6181064459530913
Marketing Officer,0.6181044824420043
Site Engineer,0.6180990685286547
Executive - VAT,0.6180984548416725
Head of Internal Control & Compliance (ICC) - SEVP/DMD,0.6180932079089911
"Executive/ Senior Executive- Trade Marketing, Hygiene Products",0.6180912851346487
Asst. Manager/ Manger (Administrative),0.6180869344103472
Sr.Officer / Executive - Internal Audit,0.6180854516328304
Asst. Manager/ Manger (Administrative),0.6180837787238493
Business Development Executive,0.6180773504122481
Executive - VAT,0.6180731274496994
Project Coordinator (Civil),0.6180689056851046
"Executive/ Senior Executive- Trade Marketing, Hygiene Products",0.6180653059547631
"Manager- Human Resource Management (HRM)
",0.6180649420398451
Database Administrator (DBA),0.6180607665856844
Sr.Officer / Executive - Internal Audit,0.6180596489788377
Sr.Officer / Executive - Internal Audit,0.6180583644134932
Database Administrator (DBA),0.6180574355757331
Network Support Engineer,0.6180486065652995
DevOps Engineer,0.6180455514693965
Asst. Manager/ Manger (Administrative),0.6180387265468567
Marketing Officer,0.6180384142318152
Civil Engineer,0.6180351552922518
Mechanical Engineer,0.6180339589898538
Senior iOS Engineer,0.6180289487480968
Executive - VAT,0.6180258497418759
Asst. Manager/ Manger (Administrative),0.6180213170201311
"Executive/ Senior Executive- Trade Marketing, Hygiene Products",0.6180190778970571
Civil Engineer,0.6180161909797762
Mechanical Designer,0.6180136653549272
"System Administrator (Operation & Maintenance of Server, Storage & Service Desk System)",0.6180128786090479
Business Development Executive,0.6180106399193867
Marketing Officer,0.6180102950149495
Civil Engineer,0.6180093648592825
"System Administrator (Operation & Maintenance of Server, Storage & Service Desk System)",0.6180078993621736
"Executive/ Senior Executive- Trade Marketing, Hygiene Products",0.6180066681267783
"Executive/ Senior Executive- Trade Marketing, Hygiene Products",0.6180061222544014
Marketing Officer,0.6180044343553015
Asst. Manager/ Manger (Administrative),0.6180011754157382
Mechanical Designer,0.6179947390101006
Business Development Executive,0.6179875992166739
Sr.Officer / Executive - Internal Audit,0.6179837835815862
Business Development Executive,0.6179815742521562
"Manager- Human Resource Management (HRM)
",0.6179689202213478
Business Development Executive,0.6179659910894775
Executive - VAT,0.6179630268923352
Civil Engineer,0.6179628611496052
Database Administrator (DBA),0.6179622487938582
Senior iOS Engineer,0.6179558381881588
Sr.Officer / Executive - Internal Audit,0.6179543920203994
"System Administrator (Operation & Maintenance of Server, Storage & Service Desk System)",0.6179496556549163
Marketing Officer,0.6179440326262781
"System Administrator (Operation & Maintenance of Server, Storage & Service Desk System)",0.6179411063701284
Marketing Officer,0.6179366484656967
"Manager- Human Resource Management (HRM)
",0.6179300748597066
Executive - VAT,0.6179299296452866
"Executive/ Senior Executive- Trade Marketing, Hygiene Products",0.6179052635064821
Mechanical Designer,0.6179050738424013
"System Administrator (Operation & Maintenance of Server, Storage & Service Desk System)",0.6179015537069614
"Executive/ Senior Executive- Trade Marketing, Hygiene Products",0.6179001931396783
"Manager- Human Resource Management (HRM)
",0.6178999174877068
Mechanical Designer,0.6178996730272551
Asst. Manager/ Manger (Administrative),0.6178915541940679
Sr.Officer / Executive - Internal Audit,0.617890295468646
"Manager- Human Resource Management (HRM)
",0.6178902330456222
Network Support Engineer,0.6178870962363237
Asst. Manager/ Manger (Administrative),0.6178858849971193
Senior iOS Engineer,0.6178841183802977
Sr.Officer / Executive - Internal Audit,0.6178830402544432
Business Development Executive,0.6178784573306978
Asst. Manager/ Manger (Administrative),0.6178767382400782
"Executive/ Senior Executive- Trade Marketing, Hygiene Products",0.6178763580704468
DevOps Engineer,0.6178718825800665
Sr.Officer / Executive - Internal Audit,0.6178689507723977
Asst. Manager/ Manger (Administrative),0.6178620472121049
Civil Engineer,0.6178544620302713
Sr.Officer / Executive - Internal Audit,0.6178519812025132
Marketing Officer,0.617851295427329
Sr.Officer / Executive - Internal Audit,0.6178507889338052
"System Administrator (Operation & Maintenance of Server, Storage & Service Desk System)",0.6178437876453099
Network Support Engineer,0.6178437645611546
Mechanical Designer,0.6178370973139646
"Manager- Human Resource Management (HRM)
",0.6178298910238397
"Executive/ Senior Executive- Trade Marketing, Hygiene Products",0.6178282710592984
"Manager- Human Resource Management (HRM)
",0.6178166692344529
Mechanical Designer,0.617815337102922
Marketing Officer,0.617815292292503
Sr.Officer / Executive - Internal Audit,0.6178125848168201
Mechanical Designer,0.6178116775853707
Network Support Engineer,0.6178023801023748
Data Engineer,0.6178011580533511
DevOps Engineer,0.617798871470716
Database Administrator (DBA),0.6177985046800774
Project Coordinator (Civil),0.6177947365312073
DevOps Engineer,0.6177943659867696
Site Engineer,0.6177875057590512
"Manager- Human Resource Management (HRM)
",0.6177856644981823
Marketing Officer,0.6177844871662805
"Executive/ Senior Executive- Trade Marketing, Hygiene Products",0.6177838639340735
DevOps Engineer,0.6177816642698215
"Executive/ Senior Executive- Trade Marketing, Hygiene Products",0.6177808507728689
Head of Internal Control & Compliance (ICC) - SEVP/DMD,0.6177747782821492
"System Administrator (Operation & Maintenance of Server, Storage & Service Desk System)",0.617774364085262
Sr.Officer / Executive - Internal Audit,0.6177720692486528
"System Administrator (Operation & Maintenance of Server, Storage & Service Desk System)",0.6177703392949012
Mechanical Designer,0.6177694634548936
Marketing Officer,0.6177689949823314
Asst. Manager/ Manger (Administrative),0.617766945924081
"Manager- Human Resource Management (HRM)
",0.6177630705017836
"Manager- Human Resource Management (HRM)
",0.6177630311229305
"Executive/ Senior Executive- Trade Marketing, Hygiene Products",0.6177613147880783
Database Administrator (DBA),0.6177599894460047
DevOps Engineer,0.617753794904989
Executive - VAT,0.6177514076517902
"System Administrator (Operation & Maintenance of Server, Storage & Service Desk System)",0.6177499587016071
"Manager- Human Resource Management (HRM)
",0.6177453812893965
Mechanical Designer,0.6177351998323721
"Executive/ Senior Executive- Trade Marketing, Hygiene Products",0.617731295841041
Mechanical Designer,0.6177269288620262
Business Development Executive,0.6177262472538134
"Manager- Human Resource Management (HRM)
",0.6177246422127504
Civil Engineer,0.6177219033056413
Asst. Manager/ Manger (Administrative),0.6177218408426329
"Executive/ Senior Executive- Trade Marketing, Hygiene Products",0.6177214661045676
Senior iOS Engineer,0.6177211130127971
"System Administrator (Operation & Maintenance of Server, Storage & Service Desk System)",0.6177188942181111
Mechanical Designer,0.6177179559150952
DevOps Engineer,0.6177172081985806
Network Support Engineer,0.6177136663358949
Mechanical Designer,0.6177106871219774
Executive - VAT,0.6177097556883877
Asst. Manager/ Manger (Administrative),0.6177001308735752
Executive - VAT,0.6176917283210366
Marketing Officer,0.6176913643261498
Civil Engineer,0.6176878256609406
Business Development Executive,0.6176875106301162
Head of Internal Control & Compliance (ICC) - SEVP/DMD,0.6176871426815083
Executive - VAT,0.6176852851259416
Head of Internal Control & Compliance (ICC) - SEVP/DMD,0.6176834913113058
Mechanical Engineer,0.6176831884615203
Data Engineer,0.617676991044784
Mechanical Designer,0.6176747776816639
"Manager- Human Resource Management (HRM)
",0.6176711507934927
Mechanical Designer,0.6176664712628968
Civil Engineer,0.6176655426616763
"System Administrator (Operation & Maintenance of Server, Storage & Service Desk System)",0.6176634678034877
Executive - VAT,0.6176629804004135
"Executive/ Senior Executive- Trade Marketing, Hygiene Products",0.6176625064563009
Asst. Manager/ Manger (Administrative),0.6176621710171197
Executive - VAT,0.6176603623856309
DevOps Engineer,0.6176597744985869
"Executive/ Senior Executive- Trade Marketing, Hygiene Products",0.6176560374612677
"Executive/ Senior Executive- Trade Marketing, Hygiene Products",0.6176552607473385
"Manager- Human Resource Management (HRM)
",0.6176479471438017
Asst. Manager/ Manger (Administrative),0.6176449624583339
Network Support Engineer,0.6176391384617559
Mechanical Engineer,0.6176353295761412
Civil Engineer,0.6176345487885375
Head of Internal Control & Compliance (ICC) - SEVP/DMD,0.6176294159987097
Civil Engineer,0.6176273234479474
Executive - VAT,0.6176272406965356
"System Administrator (Operation & Maintenance of Server, Storage & Service Desk System)",0.6176242654763238
Network Support Engineer,0.6176159918435074
Sr.Officer / Executive - Internal Audit,0.6176157284525438
DevOps Engineer,0.617612081275969
Civil Engineer,0.617608866986887
Head of Internal Control & Compliance (ICC) - SEVP/DMD,0.6176008963238093
"Executive/ Senior Executive- Trade Marketing, Hygiene Products",0.617592727128684
Data Engineer,0.61759149276534
Marketing Officer,0.6175882664151723
Sr.Officer / Executive - Internal Audit,0.6175837433186211
Network Support Engineer,0.617582108377289
Asst. Manager/ Manger (Administrative),0.6175737668498984
Marketing Officer,0.6175676739908065
Mechanical Designer,0.6175650233866282
Network Support Engineer,0.6175604377870844
Business Development Executive,0.6175571774896296
Senior iOS Engineer,0.6175532898463088
Sr.Officer / Executive - Internal Audit,0.6175482670456912
Sr.Officer / Executive - Internal Audit,0.6175390102994398
Business Development Executive,0.6175355693624331
"System Administrator (Operation & Maintenance of Server, Storage & Service Desk System)",0.6175349121429545
Head of Internal Control & Compliance (ICC) - SEVP/DMD,0.6175315934961503
Civil Engineer,0.6175298675760887
DevOps Engineer,0.6175292933479285
Mechanical Designer,0.6175279787490335
"System Administrator (Operation & Maintenance of Server, Storage & Service Desk System)",0.6175264049528028
Head of Internal Control & Compliance (ICC) - SEVP/DMD,0.617524465923747
Mechanical Designer,0.6175208022925368
Sr.Officer / Executive - Internal Audit,0.6175179290341395
Marketing Officer,0.6175119026717459
Database Administrator (DBA),0.6175099633301112
"Manager- Human Resource Management (HRM)
",0.617505086096477
Civil Engineer,0.6175037485333802
Executive - VAT,0.6175024002271047
Business Development Executive,0.617502025369086
Mechanical Engineer,0.6175016397279044
Head of Internal Control & Compliance (ICC) - SEVP/DMD,0.617499497015126
Marketing Officer,0.6174954885327911
"Executive/ Senior Executive- Trade Marketing, Hygiene Products",0.6174948068579377
"System Administrator (Operation & Maintenance of Server, Storage & Service Desk System)",0.6174942650192509
Marketing Officer,0.617487281383345
Executive - VAT,0.6174862603289173
"Manager- Human Resource Management (HRM)
",0.6174816190158381
Executive - VAT,0.6174766491729884
Asst. Manager/ Manger (Administrative),0.6174746692872348
Marketing Officer,0.6174726908393416
Mechanical Designer,0.6174608024993928
Marketing Officer,0.6174598764174003
Asst. Manager/ Manger (Administrative),0.6174594391763422
Executive - VAT,0.61745744451372
Mechanical Designer,0.6174439320555867
Executive - VAT,0.6174435587153972
Head of Internal Control & Compliance (ICC) - SEVP/DMD,0.6174404178724087
"Executive/ Senior Executive- Trade Marketing, Hygiene Products",0.6174364338187924
Sr.Officer / Executive - Internal Audit,0.6174329902059872
Senior iOS Engineer,0.6174257540155932
Executive - VAT,0.6174239045940473
Data Engineer,0.6174234957887416
Civil Engineer,0.6174219993923254
Site Engineer,0.6174177844971568
Marketing Officer,0.6174155412604241
Marketing Officer,0.6174153049873057
Sr.Officer / Executive - Internal Audit,0.6174148827230385
Mechanical Engineer,0.6174047908335395
Executive - VAT,0.6174022462248661
Civil Engineer,0.6174022420712227
Marketing Officer,0.6174016595357757
Executive - VAT,0.6174002990084769
Sr.Officer / Executive - Internal Audit,0.6173977556377416
"Manager- Human Resource Management (HRM)
",0.6173888831747805
Business Development Executive,0.6173876963376383
Executive - VAT,0.6173785496605662
Sr.Officer / Executive - Internal Audit,0.617367059142838
Sr.Officer / Executive - Internal Audit,0.617365690348237
"Executive/ Senior Executive- Trade Marketing, Hygiene Products",0.6173597726971309
Mechanical Engineer,0.6173555509725205
Business Development Executive,0.6173551395314006
Mechanical Designer,0.6173547461925187
Business Development Executive,0.617354577364326
DevOps Engineer,0.6173542341927847
"Executive/ Senior Executive- Trade Marketing, Hygiene Products",0.6173521657890335
Executive - VAT,0.6173519920189079
Project Coordinator (Civil),0.6173507290998582
Asst. Manager/ Manger (Administrative),0.6173484654947532
Asst. Manager/ Manger (Administrative),0.6173472583292233
Head of Internal Control & Compliance (ICC) - SEVP/DMD,0.6173429362006119
"System Administrator (Operation & Maintenance of Server, Storage & Service Desk System)",0.6173389643280346
"Manager- Human Resource Management (HRM)
",0.617329019170785
Mechanical Engineer,0.6173228054193665
Network Support Engineer,0.6173152229533158
"Manager- Human Resource Management (HRM)
",0.6173143947194789
Executive - VAT,0.6173131060804599
"System Administrator (Operation & Maintenance of Server, Storage & Service Desk System)",0.617309066273324
"System Administrator (Operation & Maintenance of Server, Storage & Service Desk System)",0.6173061537065991
"Executive/ Senior Executive- Trade Marketing, Hygiene Products",0.6173025620130966
Asst. Manager/ Manger (Administrative),0.6172941023091624
Executive - VAT,0.6172937479794537
Mechanical Engineer,0.6172887875218912
"Executive/ Senior Executive- Trade Marketing, Hygiene Products",0.6172790908587832
Civil Engineer,0.6172786223462365
Mechanical Designer,0.6172761890046959
Business Development Executive,0.6172698530830282
Marketing Officer,0.6172691633274665
DevOps Engineer,0.6172642259807155
Marketing Officer,0.6172565457464779
Marketing Officer,0.6172535774490049
Mechanical Designer,0.6172524612088919
Executive - VAT,0.6172522874787507
"System Administrator (Operation & Maintenance of Server, Storage & Service Desk System)",0.6172510381386159
DevOps Engineer,0.6172509269514518
"Executive/ Senior Executive- Trade Marketing, Hygiene Products",0.6172500563830724
Mechanical Designer,0.6172475619364151
Sr.Officer / Executive - Internal Audit,0.6172469319147506
"System Administrator (Operation & Maintenance of Server, Storage & Service Desk System)",0.6172421955492674
Mechanical Designer,0.6172364598156359
Executive - VAT,0.6172317778857654
Project Coordinator (Civil),0.6172317071954394
Sr.Officer / Executive - Internal Audit,0.6172258492915587
"System Administrator (Operation & Maintenance of Server, Storage & Service Desk System)",0.6172245076547874
Executive - VAT,0.617224260598506
"System Administrator (Operation & Maintenance of Server, Storage & Service Desk System)",0.6172214279569
Mechanical Designer,0.6172179957855742
Project Coordinator (Civil),0.6172175213030985
Asst. Manager/ Manger (Administrative),0.617207476979786
Head of Internal Control & Compliance (ICC) - SEVP/DMD,0.6172061164125028
Executive - VAT,0.6172029770073745
"System Administrator (Operation & Maintenance of Server, Storage & Service Desk System)",0.6171991313787208
Sr.Officer / Executive - Internal Audit,0.6171973702334497
Site Engineer,0.6171894061599074
Sr.Officer / Executive - Internal Audit,0.6171813987138063
Mechanical Designer,0.6171777608825343
DevOps Engineer,0.6171766343989743
"System Administrator (Operation & Maintenance of Server, Storage & Service Desk System)",0.6171711316563059
Sr.Officer / Executive - Internal Audit,0.6171696366577657
Data Engineer,0.6171674585598398
"Manager- Human Resource Management (HRM)
",0.6171633428307339
Network Support Engineer,0.6171602576612962
Mechanical Engineer,0.6171596927784386
Marketing Officer,0.6171578949301129
Civil Engineer,0.6171526589005477
"System Administrator (Operation & Maintenance of Server, Storage & Service Desk System)",0.6171508488311986
"Manager- Human Resource Management (HRM)
",0.6171470264066535
Mechanical Designer,0.6171468987248696
"System Administrator (Operation & Maintenance of Server, Storage & Service Desk System)",0.6171446256145241
"System Administrator (Operation & Maintenance of Server, Storage & Service Desk System)",0.6171415649271176
"Manager- Human Resource Management (HRM)
",0.6171386142689057
Data Engineer,0.6171368123069211
Mechanical Engineer,0.6171295190717566
Marketing Officer,0.6171108032534227
Sr.Officer / Executive - Internal Audit,0.6171052495172346
Civil Engineer,0.6171001003527401
Marketing Officer,0.61709699078124
"Executive/ Senior Executive- Trade Marketing, Hygiene Products",0.6170969297161076
"Executive/ Senior Executive- Trade Marketing, Hygiene Products",0.617096864497332
DevOps Engineer,0.6170964328477775
Executive - VAT,0.617095599022437
Executive - VAT,0.6170901633828237
Executive - VAT,0.6170874068631097
"System Administrator (Operation & Maintenance of Server, Storage & Service Desk System)",0.6170864549012101
Sr.Officer / Executive - Internal Audit,0.6170857121745524
Mechanical Engineer,0.6170826079946339
Senior iOS Engineer,0.6170788054489819
"System Administrator (Operation & Maintenance of Server, Storage & Service Desk System)",0.6170752102018251
DevOps Engineer,0.6170726286345036
Business Development Executive,0.6170725908291511
Marketing Officer,0.6170663594651277
Marketing Officer,0.6170594423659045
Sr.Officer / Executive - Internal Audit,0.6170583941136627
Sr.Officer / Executive - Internal Audit,0.6170575182736551
Mechanical Designer,0.617056199721039
Marketing Officer,0.6170559878899674
Executive - VAT,0.6170547142677235
Mechanical Designer,0.6170506038502305
"System Administrator (Operation & Maintenance of Server, Storage & Service Desk System)",0.6170460182506866
"System Administrator (Operation & Maintenance of Server, Storage & Service Desk System)",0.617042108881102
Mechanical Designer,0.6170414190722278
Sr.Officer / Executive - Internal Audit,0.6170396497796077
Asst. Manager/ Manger (Administrative),0.6170381153222455
Executive - VAT,0.6170339045807202
Network Support Engineer,0.6170292048383227
Asst. Manager/ Manger (Administrative),0.6170237977144306
Marketing Officer,0.6170235016940869
Network Support Engineer,0.6170234040172613
"Manager- Human Resource Management (HRM)
",0.6170149252914539
Head of Internal Control & Compliance (ICC) - SEVP/DMD,0.6170091759789075
"System Administrator (Operation & Maintenance of Server, Storage & Service Desk System)",0.6169990134790514
"System Administrator (Operation & Maintenance of Server, Storage & Service Desk System)",0.616996916894599
Executive - VAT,0.6169966915645814
Sr.Officer / Executive - Internal Audit,0.6169916455998398
Civil Engineer,0.6169870341603731
Network Support Engineer,0.6169831098539823
Asst. Manager/ Manger (Administrative),0.6169798414091786
Sr.Officer / Executive - Internal Audit,0.6169733941803935
Marketing Officer,0.6169702967899325
Network Support Engineer,0.6169702764215602
Mechanical Designer,0.6169680481216337
Project Coordinator (Civil),0.6169677167961115
Executive - VAT,0.6169667025311413
"Executive/ Senior Executive- Trade Marketing, Hygiene Products",0.6169649847584286
Head of Internal Control & Compliance (ICC) - SEVP/DMD,0.6169646262750768
"System Administrator (Operation & Maintenance of Server, Storage & Service Desk System)",0.6169632058805993
"Executive/ Senior Executive- Trade Marketing, Hygiene Products",0.6169569433250561
Sr.Officer / Executive - Internal Audit,0.6169568020643573
Sr.Officer / Executive - Internal Audit,0.6169563315907649
Mechanical Designer,0.6169541080076516
Head of Internal Control & Compliance (ICC) - SEVP/DMD,0.6169485678503784
Marketing Officer,0.6169450400083166
"System Administrator (Operation & Maintenance of Server, Storage & Service Desk System)",0.616941149649213
Mechanical Designer,0.6169332073952314
Marketing Officer,0.6169330579738554
Mechanical Designer,0.6169316539140602
Mechanical Designer,0.6169310021261476
Asst. Manager/ Manger (Administrative),0.6169275503659934
Asst. Manager/ Manger (Administrative),0.6169265916946052
Sr.Officer / Executive - Internal Audit,0.6169252569272602
Mechanical Designer,0.6169246716360458
Sr.Officer / Executive - Internal Audit,0.6169184701856195
Network Support Engineer,0.6169147345861606
Marketing Officer,0.6169146273127333
Sr.Officer / Executive - Internal Audit,0.6169085996724171
Marketing Officer,0.6169068723944641
Executive - VAT,0.616901180193329
Marketing Officer,0.616899235612754
"System Administrator (Operation & Maintenance of Server, Storage & Service Desk System)",0.6168968104185623
Business Development Executive,0.6168964600825593
"System Administrator (Operation & Maintenance of Server, Storage & Service Desk System)",0.6168947654339862
Asst. Manager/ Manger (Administrative),0.6168920605141487
"Executive/ Senior Executive- Trade Marketing, Hygiene Products",0.6168868313140254
DevOps Engineer,0.6168866045061631
Head of Internal Control & Compliance (ICC) - SEVP/DMD,0.6168765045492842
Marketing Officer,0.6168764325410511
Business Development Executive,0.6168747229556718
Asst. Manager/ Manger (Administrative),0.6168731668120303
Marketing Officer,0.6168720642041448
Mechanical Designer,0.6168695602522469
Marketing Officer,0.6168663284705133
Executive - VAT,0.616865538257638
Asst. Manager/ Manger (Administrative),0.6168646691271189
Project Coordinator (Civil),0.6168630097837245
DevOps Engineer,0.6168595268329994
DevOps Engineer,0.6168580563208542
Mechanical Designer,0.6168539445001726
Executive - VAT,0.6168473343643938
Head of Internal Control & Compliance (ICC) - SEVP/DMD,0.616846879430762
Executive - VAT,0.6168352111092181
Asst. Manager/ Manger (Administrative),0.6168310097129956
Asst. Manager/ Manger (Administrative),0.6168299858628161
Executive - VAT,0.616826333214691
Database Administrator (DBA),0.61682075220072
Sr.Officer / Executive - Internal Audit,0.6168145819817978
Executive - VAT,0.6168139709706142
Marketing Officer,0.6168135648810914
Database Administrator (DBA),0.6168102964362876
"System Administrator (Operation & Maintenance of Server, Storage & Service Desk System)",0.6168076186742798
Asst. Manager/ Manger (Administrative),0.6168027886542686
Mechanical Designer,0.6167974086882062
Database Administrator (DBA),0.6167955144295849
Network Support Engineer,0.6167954465350107
Sr.Officer / Executive - Internal Audit,0.616795104386341
Sr.Officer / Executive - Internal Audit,0.6167901507582203
Executive - VAT,0.6167882850952892
"Manager- Human Resource Management (HRM)
",0.6167879618771314
Marketing Officer,0.6167805315082551
Head of Internal Control & Compliance (ICC) - SEVP/DMD,0.6167734782930304
Business Development Executive,0.6167723895376002
Head of Internal Control & Compliance (ICC) - SEVP/DMD,0.6167716889055784
Mechanical Engineer,0.6167693179870617
Marketing Officer,0.6167692691029683
"System Administrator (Operation & Maintenance of Server, Storage & Service Desk System)",0.6167667298992043
Network Support Engineer,0.6167599621147319
Mechanical Designer,0.6167596226418608
Head of Internal Control & Compliance (ICC) - SEVP/DMD,0.6167578805070703
Asst. Manager/ Manger (Administrative),0.6167571730056224
Executive - VAT,0.6167567005393545
Marketing Officer,0.6167560269452093
"Manager- Human Resource Management (HRM)
",0.6167463465368146
Marketing Officer,0.6167382032615808
Marketing Officer,0.6167381774616426
Project Coordinator (Civil),0.616735693878117
Database Administrator (DBA),0.6167311069206816
Sr.Officer / Executive - Internal Audit,0.6167291977652385
"System Administrator (Operation & Maintenance of Server, Storage & Service Desk System)",0.6167286491370942
Mechanical Engineer,0.6167283857061462
Data Engineer,0.6167267915415432
Executive - VAT,0.6167251689411878
Executive - VAT,0.6167237553761522
Executive - VAT,0.6167194304917734
Senior iOS Engineer,0.6167184975403545
Sr.Officer / Executive - Internal Audit,0.6167138902545313
Sr.Officer / Executive - Internal Audit,0.6167102280211969
Business Development Executive,0.6167061543067583
"Executive/ Senior Executive- Trade Marketing, Hygiene Products",0.6167008001806185
Sr.Officer / Executive - Internal Audit,0.6166958343714589
Marketing Officer,0.6166935286317334
Marketing Officer,0.6166903538814421
Head of Internal Control & Compliance (ICC) - SEVP/DMD,0.6166864730675632
"Executive/ Senior Executive- Trade Marketing, Hygiene Products",0.6166854193437711
Sr.Officer / Executive - Internal Audit,0.6166846507372062
Sr.Officer / Executive - Internal Audit,0.6166825406138234
Business Development Executive,0.616678624414797
"System Administrator (Operation & Maintenance of Server, Storage & Service Desk System)",0.6166784085100511
Sr.Officer / Executive - Internal Audit,0.6166729199526542
"System Administrator (Operation & Maintenance of Server, Storage & Service Desk System)",0.6166718974203818
Mechanical Designer,0.6166683641867385
Executive - VAT,0.6166682895826757
Executive - VAT,0.6166624913860359
"System Administrator (Operation & Maintenance of Server, Storage & Service Desk System)",0.6166531503705437
Mechanical Engineer,0.6166518481526099
DevOps Engineer,0.6166428509235697
Mechanical Designer,0.6166425357328076
"Executive/ Senior Executive- Trade Marketing, Hygiene Products",0.6166423796152714
Sr.Officer / Executive - Internal Audit,0.6166397833267525
Sr.Officer / Executive - Internal Audit,0.6166391179199405
"System Administrator (Operation & Maintenance of Server, Storage & Service Desk System)",0.6166342023527659
Network Support Engineer,0.616632773850924
DevOps Engineer,0.6166313455090197
Project Coordinator (Civil),0.6166311375916849
Sr.Officer / Executive - Internal Audit,0.6166203953521336
Executive - VAT,0.6166151376362892
Marketing Officer,0.6166120444394558
Network Support Engineer,0.6166120347742777
"System Administrator (Operation & Maintenance of Server, Storage & Service Desk System)",0.6166091085181282
"System Administrator (Operation & Maintenance of Server, Storage & Service Desk System)",0.6166074980588273
Marketing Officer,0.6166042499823958
"System Administrator (Operation & Maintenance of Server, Storage & Service Desk System)",0.616604057161805
Executive - VAT,0.6165941812970055
Executive - VAT,0.6165881115220688
Sr.Officer / Executive - Internal Audit,0.616587530304529
Site Engineer,0.6165849896495765
Mechanical Designer,0.616581660099656
Head of Internal Control & Compliance (ICC) - SEVP/DMD,0.6165792376612317
Asst. Manager/ Manger (Administrative),0.616565703516819
Marketing Officer,0.616564420309366
"System Administrator (Operation & Maintenance of Server, Storage & Service Desk System)",0.6165640577523396
Mechanical Designer,0.616560330340214
Executive - VAT,0.6165601077259794
Business Development Executive,0.6165583423870804
Executive - VAT,0.6165569709966496
"System Administrator (Operation & Maintenance of Server, Storage & Service Desk System)",0.6165520553495061
Head of Internal Control & Compliance (ICC) - SEVP/DMD,0.6165517104850534
Marketing Officer,0.616545132818717
"Executive/ Senior Executive- Trade Marketing, Hygiene Products",0.616543489810005
Mechanical Designer,0.6165386556763348
Marketing Officer,0.6165381886149767
"System Administrator (Operation & Maintenance of Server, Storage & Service Desk System)",0.6165365672392313
Senior iOS Engineer,0.6165336381083253
Head of Internal Control & Compliance (ICC) - SEVP/DMD,0.616522773817514
Sr.Officer / Executive - Internal Audit,0.6165215435678288
Network Support Engineer,0.6165188603342706
Mechanical Designer,0.6165144023765262
Sr.Officer / Executive - Internal Audit,0.6165113267922978
"System Administrator (Operation & Maintenance of Server, Storage & Service Desk System)",0.6165106763222922
Asst. Manager/ Manger (Administrative),0.6165104509123057
Head of Internal Control & Compliance (ICC) - SEVP/DMD,0.6165080732843004
"System Administrator (Operation & Maintenance of Server, Storage & Service Desk System)",0.6165005641044055
Head of Internal Control & Compliance (ICC) - SEVP/DMD,0.6164986576247609
Mechanical Designer,0.6164948175076421
Site Engineer,0.6164944821084454
"Manager- Human Resource Management (HRM)
",0.6164900078959876
"Executive/ Senior Executive- Trade Marketing, Hygiene Products",0.6164886255624562
Marketing Officer,0.6164869906211241
Mechanical Designer,0.6164733601064005
Business Development Executive,0.6164719628360628
Project Coordinator (Civil),0.6164711168696677
Mechanical Designer,0.6164690121378664
"Executive/ Senior Executive- Trade Marketing, Hygiene Products",0.616468957822207
Marketing Officer,0.6164676460990328
Executive - VAT,0.6164664906133481
Marketing Officer,0.6164664538703092
Executive - VAT,0.6164622472024583
Sr.Officer / Executive - Internal Audit,0.6164593684325264
Asst. Manager/ Manger (Administrative),0.6164580240799721
Sr.Officer / Executive - Internal Audit,0.6164570790274831
Civil Engineer,0.6164526210297543
Network Support Engineer,0.6164482608401969
Sr.Officer / Executive - Internal Audit,0.616447850796953
"System Administrator (Operation & Maintenance of Server, Storage & Service Desk System)",0.6164435571040938
Sr.Officer / Executive - Internal Audit,0.6164389674708599
"Executive/ Senior Executive- Trade Marketing, Hygiene Products",0.6164317054671996
Executive - VAT,0.6164310998875818
"Manager- Human Resource Management (HRM)
",0.6164276154980476
Asst. Manager/ Manger (Administrative),0.6164263865662695
"System Administrator (Operation & Maintenance of Server, Storage & Service Desk System)",0.6164249675696679
Project Coordinator (Civil),0.6164212007786893
Database Administrator (DBA),0.6164165486424626
"System Administrator (Operation & Maintenance of Server, Storage & Service Desk System)",0.6164161439908002
Civil Engineer,0.6164152762981415
Mechanical Designer,0.6164135748601112
"System Administrator (Operation & Maintenance of Server, Storage & Service Desk System)",0.6164067935500365
Executive - VAT,0.6164051641602236
Sr.Officer / Executive - Internal Audit,0.6163974350019081
Head of Internal Control & Compliance (ICC) - SEVP/DMD,0.6163968633295931
Head of Internal Control & Compliance (ICC) - SEVP/DMD,0.6163951917651754
Executive - VAT,0.6163920917389002
"System Administrator (Operation & Maintenance of Server, Storage & Service Desk System)",0.6163917725544324
Executive - VAT,0.6163844766834539
"System Administrator (Operation & Maintenance of Server, Storage & Service Desk System)",0.6163839823309846
Sr.Officer / Executive - Internal Audit,0.6163830114785575
Head of Internal Control & Compliance (ICC) - SEVP/DMD,0.6163759884637985
Asst. Manager/ Manger (Administrative),0.6163731612937429
Database Administrator (DBA),0.6163695683128743
Executive - VAT,0.6163669639569754
Executive - VAT,0.6163652530137047
Network Support Engineer,0.6163648347031585
"System Administrator (Operation & Maintenance of Server, Storage & Service Desk System)",0.6163623660564392
Mechanical Engineer,0.6163599598727284
Sr.Officer / Executive - Internal Audit,0.6163553973973241
"Executive/ Senior Executive- Trade Marketing, Hygiene Products",0.6163535683174942
Executive - VAT,0.616353219379367
Database Administrator (DBA),0.6163514974929956
Data Engineer,0.6163505524005222
Executive - VAT,0.6163499061241443
Sr.Officer / Executive - Internal Audit,0.6163427228382057
Marketing Officer,0.6163374419582373
Asst. Manager/ Manger (Administrative),0.6163254612816675
Database Administrator (DBA),0.6163228541300169
Sr.Officer / Executive - Internal Audit,0.6163183948543655
Data Engineer,0.6163166594823761
Business Development Executive,0.6163165154925662
Mechanical Engineer,0.6163085935536443
Civil Engineer,0.616303908828022
Database Administrator (DBA),0.6162997577537532
Head of Internal Control & Compliance (ICC) - SEVP/DMD,0.616296486633151
Asst. Manager/ Manger (Administrative),0.6162876928879114
Senior iOS Engineer,0.6162855827245441
"System Administrator (Operation & Maintenance of Server, Storage & Service Desk System)",0.6162805476629188
Sr.Officer / Executive - Internal Audit,0.6162738981083026
Asst. Manager/ Manger (Administrative),0.6162713900427459
"Manager- Human Resource Management (HRM)
",0.6162712624009463
Business Development Executive,0.6162639257132544
"System Administrator (Operation & Maintenance of Server, Storage & Service Desk System)",0.616263067525836
Head of Internal Control & Compliance (ICC) - SEVP/DMD,0.6162518812557692
Executive - VAT,0.6162504595833692
"System Administrator (Operation & Maintenance of Server, Storage & Service Desk System)",0.6162500005360785
Executive - VAT,0.6162496869431144
Network Support Engineer,0.6162494302216549
Head of Internal Control & Compliance (ICC) - SEVP/DMD,0.6162469887727499
Executive - VAT,0.6162417079727501
Head of Internal Control & Compliance (ICC) - SEVP/DMD,0.6162376980392269
Project Coordinator (Civil),0.6162357902016908
Mechanical Designer,0.616231339033404
Network Support Engineer,0.616226310761236
"Executive/ Senior Executive- Trade Marketing, Hygiene Products",0.6162237090811358
Marketing Officer,0.6162236221360963
"System Administrator (Operation & Maintenance of Server, Storage & Service Desk System)",0.6162234646206841
Asst. Manager/ Manger (Administrative),0.6162159269650523
DevOps Engineer,0.6162153960294818
"Executive/ Senior Executive- Trade Marketing, Hygiene Products",0.6162139023888331
Project Coordinator (Civil),0.6162130550245621
Head of Internal Control & Compliance (ICC) - SEVP/DMD,0.6162069092476867
Executive - VAT,0.6162057740903899
"System Administrator (Operation & Maintenance of Server, Storage & Service Desk System)",0.616201916240713
"System Administrator (Operation & Maintenance of Server, Storage & Service Desk System)",0.6162013119790023
Database Administrator (DBA),0.616199879403486
Head of Internal Control & Compliance (ICC) - SEVP/DMD,0.6161991054453241
"System Administrator (Operation & Maintenance of Server, Storage & Service Desk System)",0.6161990877527503
"System Administrator (Operation & Maintenance of Server, Storage & Service Desk System)",0.6161973048412309
Executive - VAT,0.6161969396483904
Marketing Officer,0.616192186948225
Asst. Manager/ Manger (Administrative),0.6161881227790111
Data Engineer,0.6161872781705077
Head of Internal Control & Compliance (ICC) - SEVP/DMD,0.6161864525724849
Head of Internal Control & Compliance (ICC) - SEVP/DMD,0.6161827034740801
"Manager- Human Resource Management (HRM)
",0.6161749051032833
"System Administrator (Operation & Maintenance of Server, Storage & Service Desk System)",0.6161722110065933
Network Support Engineer,0.6161718620284816
Network Support Engineer,0.6161659389058253
Executive - VAT,0.6161550296856059
Mechanical Designer,0.616150004049252
Executive - VAT,0.616141059698011
Executive - VAT,0.6161389739766905
Executive - VAT,0.616134661313335
Head of Internal Control & Compliance (ICC) - SEVP/DMD,0.6161267461238862
Executive - VAT,0.6161186178254431
Executive - VAT,0.6161151375495677
Database Administrator (DBA),0.6161126443808329
Executive - VAT,0.616112440777079
Sr.Officer / Executive - Internal Audit,0.616109029713685
Sr.Officer / Executive - Internal Audit,0.6161074884668654
Asst. Manager/ Manger (Administrative),0.6161005319887892
Asst. Manager/ Manger (Administrative),0.6161003907680748
Executive - VAT,0.6160972296766671
Marketing Officer,0.616096903702742
Executive - VAT,0.6160948248508478
Executive - VAT,0.6160938363058468
Network Support Engineer,0.6160928721229239
"Executive/ Senior Executive- Trade Marketing, Hygiene Products",0.6160915603997497
Asst. Manager/ Manger (Administrative),0.6160909249065347
Asst. Manager/ Manger (Administrative),0.6160903410131964
Executive - VAT,0.6160852191264848
Asst. Manager/ Manger (Administrative),0.616084678605705
Network Support Engineer,0.6160837633868443
"Executive/ Senior Executive- Trade Marketing, Hygiene Products",0.616081353129459
Head of Internal Control & Compliance (ICC) - SEVP/DMD,0.616078497523651
"System Administrator (Operation & Maintenance of Server, Storage & Service Desk System)",0.6160782666421142
Mechanical Designer,0.6160766914879919
Mechanical Engineer,0.6160734664957157
Project Coordinator (Civil),0.616072237603922
Business Development Executive,0.6160689528644204
Executive - VAT,0.6160686677871775
Network Support Engineer,0.6160654033360794
Executive - VAT,0.616061464172851
Sr.Officer / Executive - Internal Audit,0.6160611381989259
"Executive/ Senior Executive- Trade Marketing, Hygiene Products",0.6160603479460662
Head of Internal Control & Compliance (ICC) - SEVP/DMD,0.6160595264217179
Marketing Officer,0.6160594924344464
Executive - VAT,0.6160579648864949
Executive - VAT,0.6160546747154274
Executive - VAT,0.6160522617422591
Asst. Manager/ Manger (Administrative),0.6160512052227152
Sr.Officer / Executive - Internal Audit,0.6160507014849588
Network Support Engineer,0.6160470690852526
Asst. Manager/ Manger (Administrative),0.6160394662508297
Executive - VAT,0.6160376372509686
Marketing Officer,0.6160332104447596
Executive - VAT,0.6160290187137151
DevOps Engineer,0.6160256869902249
Sr.Officer / Executive - Internal Audit,0.6160165885350796
Sr.Officer / Executive - Internal Audit,0.6160145231821312
DevOps Engineer,0.6160134071152841
Mechanical Designer,0.6160129724300712
Business Development Executive,0.6160041705774674
Executive - VAT,0.6159921383809901
Executive - VAT,0.6159892447142361
Marketing Officer,0.6159880008056673
"Manager- Human Resource Management (HRM)
",0.6159840358025163
Executive - VAT,0.6159759495987092
Mechanical Designer,0.615972645768758
Marketing Officer,0.6159644386726244
Senior iOS Engineer,0.6159632817490793
Network Support Engineer,0.6159591890641444
DevOps Engineer,0.6159589609916876
Executive - VAT,0.6159587247452255
DevOps Engineer,0.6159580633721036
Executive - VAT,0.6159495644092695
"System Administrator (Operation & Maintenance of Server, Storage & Service Desk System)",0.6159477488283857
Executive - VAT,0.6159439481700887
Marketing Officer,0.615943631701404
Executive - VAT,0.6159382721836826
Executive - VAT,0.6159376882903441
"Manager- Human Resource Management (HRM)
",0.615937394945799
Business Development Executive,0.6159357790149478
Database Administrator (DBA),0.6159349371755398
Head of Internal Control & Compliance (ICC) - SEVP/DMD,0.6159338874721095
Network Support Engineer,0.6159267449628999
Asst. Manager/ Manger (Administrative),0.615923274192265
Executive - VAT,0.6159211355931454
Civil Engineer,0.6159148240335556
Asst. Manager/ Manger (Administrative),0.615912116397935
Marketing Officer,0.6159097672456665
Asst. Manager/ Manger (Administrative),0.6159081825863038
Site Engineer,0.6159070297364333
Executive - VAT,0.6159053297362632
"System Administrator (Operation & Maintenance of Server, Storage & Service Desk System)",0.6159027741045201
Sr.Officer / Executive - Internal Audit,0.6159003842554914
Head of Internal Control & Compliance (ICC) - SEVP/DMD,0.6158993522579631
"System Administrator (Operation & Maintenance of Server, Storage & Service Desk System)",0.6158976738641035
Head of Internal Control & Compliance (ICC) - SEVP/DMD,0.6158959004978088
"System Administrator (Operation & Maintenance of Server, Storage & Service Desk System)",0.6158956044374808
Sr.Officer / Executive - Internal Audit,0.6158911044250849
DevOps Engineer,0.6158907432392781
Marketing Officer,0.6158880817186554
Head of Internal Control & Compliance (ICC) - SEVP/DMD,0.6158874326865101
Head of Internal Control & Compliance (ICC) - SEVP/DMD,0.6158864984571687
"System Administrator (Operation & Maintenance of Server, Storage & Service Desk System)",0.6158840080442013
Executive - VAT,0.6158804653852865
DevOps Engineer,0.6158801941144207
Network Support Engineer,0.6158751573075039
Network Support Engineer,0.6158748042557178
Database Administrator (DBA),0.6158746888882541
Head of Internal Control & Compliance (ICC) - SEVP/DMD,0.6158726411345826
"System Administrator (Operation & Maintenance of Server, Storage & Service Desk System)",0.6158720423044379
Marketing Officer,0.6158714869268207
Mechanical Designer,0.615870922043963
Asst. Manager/ Manger (Administrative),0.6158706300972938
Executive - VAT,0.6158703178622211
Executive - VAT,0.6158607094220753
Executive - VAT,0.6158588857738113
Head of Internal Control & Compliance (ICC) - SEVP/DMD,0.6158537922828676
DevOps Engineer,0.6158479280159254
Mechanical Engineer,0.6158455036732605
"System Administrator (Operation & Maintenance of Server, Storage & Service Desk System)",0.6158429331846799
Executive - VAT,0.6158401876080667
Executive - VAT,0.6158298472644105
"System Administrator (Operation & Maintenance of Server, Storage & Service Desk System)",0.6158292334174905
"Manager- Human Resource Management (HRM)
",0.6158196223015461
DevOps Engineer,0.615818785800407
Executive - VAT,0.6158146320903242
Head of Internal Control & Compliance (ICC) - SEVP/DMD,0.6158121348878993
Executive - VAT,0.6158105475527381
Executive - VAT,0.6158098726806702
"System Administrator (Operation & Maintenance of Server, Storage & Service Desk System)",0.6158054322955463
Mechanical Designer,0.6158045686765621
Executive - VAT,0.6158008155444671
Senior iOS Engineer,0.6158004678442782
Network Support Engineer,0.6157970975576131
Head of Internal Control & Compliance (ICC) - SEVP/DMD,0.6157946588244909
"System Administrator (Operation & Maintenance of Server, Storage & Service Desk System)",0.6157917596861866
Head of Internal Control & Compliance (ICC) - SEVP/DMD,0.6157891158714659
Mechanical Designer,0.6157859805000276
Asst. Manager/ Manger (Administrative),0.615785634237699
"System Administrator (Operation & Maintenance of Server, Storage & Service Desk System)",0.6157845166930072
Asst. Manager/ Manger (Administrative),0.6157836924528759
Executive - VAT,0.6157835214385177
Network Support Engineer,0.6157745660642071
"System Administrator (Operation & Maintenance of Server, Storage & Service Desk System)",0.615773372477592
Database Administrator (DBA),0.6157727817947962
"System Administrator (Operation & Maintenance of Server, Storage & Service Desk System)",0.6157687230571484
DevOps Engineer,0.6157672416508511
Mechanical Designer,0.6157605539819763
Business Development Executive,0.6157581179246526
Executive - VAT,0.615755544800258
Database Administrator (DBA),0.6157553206681942
Sr.Officer / Executive - Internal Audit,0.6157461467933077
Head of Internal Control & Compliance (ICC) - SEVP/DMD,0.6157422835920338
Sr.Officer / Executive - Internal Audit,0.6157339705803643
"Executive/ Senior Executive- Trade Marketing, Hygiene Products",0.615733412486964
Executive - VAT,0.6157292451579819
"System Administrator (Operation & Maintenance of Server, Storage & Service Desk System)",0.6157258530650842
Network Support Engineer,0.615719686879852
Business Development Executive,0.6157174870956468
Sr.Officer / Executive - Internal Audit,0.6157146437108622
"System Administrator (Operation & Maintenance of Server, Storage & Service Desk System)",0.6157129082855604
Head of Internal Control & Compliance (ICC) - SEVP/DMD,0.6157087857270127
"System Administrator (Operation & Maintenance of Server, Storage & Service Desk System)",0.6157041797590965
Marketing Officer,0.6157025176999192
DevOps Engineer,0.6156978751222455
Executive - VAT,0.6156954458810356
"System Administrator (Operation & Maintenance of Server, Storage & Service Desk System)",0.6156926322499104
Head of Internal Control & Compliance (ICC) - SEVP/DMD,0.6156884092473773
Executive - VAT,0.6156781056067757
Marketing Officer,0.6156731356439727
DevOps Engineer,0.6156719922993427
Executive - VAT,0.6156704606777167
"System Administrator (Operation & Maintenance of Server, Storage & Service Desk System)",0.6156621041335509
Database Administrator (DBA),0.6156603728219079
Executive - VAT,0.6156590978417725
Civil Engineer,0.6156520964733085
Asst. Manager/ Manger (Administrative),0.6156490452911423
"System Administrator (Operation & Maintenance of Server, Storage & Service Desk System)",0.6156425762961091
Mechanical Designer,0.6156392127989014
"System Administrator (Operation & Maintenance of Server, Storage & Service Desk System)",0.6156341750214931
Project Coordinator (Civil),0.6156341723057102
Executive - VAT,0.6156322129482665
"Executive/ Senior Executive- Trade Marketing, Hygiene Products",0.6156304598703753
"Executive/ Senior Executive- Trade Marketing, Hygiene Products",0.6156254587560371
Executive - VAT,0.6156242217568789
Network Support Engineer,0.6156195668249005
"Executive/ Senior Executive- Trade Marketing, Hygiene Products",0.6156071557367145
Business Development Executive,0.6156041466091999
DevOps Engineer,0.6156020174353519
Mechanical Designer,0.6155979817818593
Executive - VAT,0.6155949469743598
Network Support Engineer,0.6155942502960593
"System Administrator (Operation & Maintenance of Server, Storage & Service Desk System)",0.6155938632969862
"System Administrator (Operation & Maintenance of Server, Storage & Service Desk System)",0.6155929521517999
Marketing Officer,0.6155894243497226
Network Support Engineer,0.6155870507554073
"System Administrator (Operation & Maintenance of Server, Storage & Service Desk System)",0.6155856521271781
Mechanical Engineer,0.61558507773908
"System Administrator (Operation & Maintenance of Server, Storage & Service Desk System)",0.6155849052868615
Executive - VAT,0.6155832161498234
Asst. Manager/ Manger (Administrative),0.6155815526527857
Sr.Officer / Executive - Internal Audit,0.6155798322442589
Business Development Executive,0.6155766031383239
Sr.Officer / Executive - Internal Audit,0.6155763750525388
Business Development Executive,0.615576020602877
Mechanical Designer,0.6155756580458505
"System Administrator (Operation & Maintenance of Server, Storage & Service Desk System)",0.6155696371550072
Executive - VAT,0.6155666403684693
DevOps Engineer,0.6155613485853845
Sr.Officer / Executive - Internal Audit,0.6155611408679718
Executive - VAT,0.615558395251374
Executive - VAT,0.6155553250587271
Head of Internal Control & Compliance (ICC) - SEVP/DMD,0.6155417759775081
Head of Internal Control & Compliance (ICC) - SEVP/DMD,0.6155349810885186
Network Support Engineer,0.6155286559899983
Site Engineer,0.6155270428149144
Executive - VAT,0.6155260570656654
Executive - VAT,0.6155256116772584
"System Administrator (Operation & Maintenance of Server, Storage & Service Desk System)",0.6155226133728913
Network Support Engineer,0.6155209282295587
DevOps Engineer,0.6155184582249481
Site Engineer,0.6155170107126253
"System Administrator (Operation & Maintenance of Server, Storage & Service Desk System)",0.615513614626022
Civil Engineer,0.6155133362582677
Asst. Manager/ Manger (Administrative),0.6155105186334369
Data Engineer,0.615509129510448
Sr.Officer / Executive - Internal Audit,0.6155077689431647
Executive - VAT,0.6155076318361092
"System Administrator (Operation & Maintenance of Server, Storage & Service Desk System)",0.615506283369896
Sr.Officer / Executive - Internal Audit,0.6155024731663743
DevOps Engineer,0.6154984565366907
Head of Internal Control & Compliance (ICC) - SEVP/DMD,0.6154973104629494
Network Support Engineer,0.6154970144026213
Network Support Engineer,0.6154965853089122
Mechanical Designer,0.6154953224698314
Executive - VAT,0.6154953089708853
Executive - VAT,0.6154928185979024
"Manager- Human Resource Management (HRM)
",0.6154897293547902
Database Administrator (DBA),0.6154885560965629
Executive - VAT,0.6154844648494884
Asst. Manager/ Manger (Administrative),0.6154789598774405
Executive - VAT,0.6154714589648477
Network Support Engineer,0.6154712402643499
"System Administrator (Operation & Maintenance of Server, Storage & Service Desk System)",0.6154709252335253
"Executive/ Senior Executive- Trade Marketing, Hygiene Products",0.6154701309069912
Executive - VAT,0.6154630101640297
Marketing Officer,0.6154549550717735
Network Support Engineer,0.6154532441285028
Sr.Officer / Executive - Internal Audit,0.6154519459842434
Executive - VAT,0.6154514517917118
Executive - VAT,0.6154441680617877
Mechanical Designer,0.6154430327845377
Asst. Manager/ Manger (Administrative),0.6154416572404636
Executive - VAT,0.6154397712091602
Marketing Officer,0.6154280606730271
Head of Internal Control & Compliance (ICC) - SEVP/DMD,0.6154280308393989
Asst. Manager/ Manger (Administrative),0.615423760230695
"System Administrator (Operation & Maintenance of Server, Storage & Service Desk System)",0.6154184929696258
Executive - VAT,0.6154184237971289
Network Support Engineer,0.6154171011308539
"System Administrator (Operation & Maintenance of Server, Storage & Service Desk System)",0.6154160216071236
Marketing Officer,0.6154097508642471
DevOps Engineer,0.615409498296431
Executive - VAT,0.6154093653030343
Mechanical Designer,0.6154032424903608
Senior iOS Engineer,0.6154016225258195
Executive - VAT,0.6153908735367953
"Manager- Human Resource Management (HRM)
",0.6153839957764408
Executive - VAT,0.6153815258118145
Executive - VAT,0.6153789403864276
"System Administrator (Operation & Maintenance of Server, Storage & Service Desk System)",0.6153778580669454
Head of Internal Control & Compliance (ICC) - SEVP/DMD,0.6153731177077567
"System Administrator (Operation & Maintenance of Server, Storage & Service Desk System)",0.6153699266227832
Executive - VAT,0.6153690576522018
Mechanical Designer,0.6153675991967784
"System Administrator (Operation & Maintenance of Server, Storage & Service Desk System)",0.6153623713145622
"System Administrator (Operation & Maintenance of Server, Storage & Service Desk System)",0.6153550088269321
Executive - VAT,0.6153519264932306
"System Administrator (Operation & Maintenance of Server, Storage & Service Desk System)",0.6153497836604988
Data Engineer,0.6153463930054615
Executive - VAT,0.6153455090980737
"System Administrator (Operation & Maintenance of Server, Storage & Service Desk System)",0.6153391676648713
Executive - VAT,0.6153363528357922
Mechanical Designer,0.6153290350786123
Executive - VAT,0.6153266860063125
Sr.Officer / Executive - Internal Audit,0.6153196602357861
Database Administrator (DBA),0.6153182927990766
Executive - VAT,0.6153174740704802
DevOps Engineer,0.6153166212346589
Mechanical Designer,0.6153155104794245
Executive - VAT,0.6153117790735932
DevOps Engineer,0.6153084331490061
Executive - VAT,0.6153081575770035
"System Administrator (Operation & Maintenance of Server, Storage & Service Desk System)",0.6152945378454429
Marketing Officer,0.6152942961407586
Executive - VAT,0.6152932357074778
"Executive/ Senior Executive- Trade Marketing, Hygiene Products",0.6152914717664548
DevOps Engineer,0.6152861202761291
Sr.Officer / Executive - Internal Audit,0.6152847651404117
Executive - VAT,0.6152756578022082
"System Administrator (Operation & Maintenance of Server, Storage & Service Desk System)",0.6152713111115967
DevOps Engineer,0.6152685342235105
DevOps Engineer,0.6152677724463875
Executive - VAT,0.6152670555596524
Sr.Officer / Executive - Internal Audit,0.6152665815755554
Executive - VAT,0.6152608309850864
Sr.Officer / Executive - Internal Audit,0.6152522721150894
Asst. Manager/ Manger (Administrative),0.61525083682379
Sr.Officer / Executive - Internal Audit,0.6152457746443194
Executive - VAT,0.6152445444346187
Executive - VAT,0.615243178395785
Network Support Engineer,0.6152377888445133
"System Administrator (Operation & Maintenance of Server, Storage & Service Desk System)",0.615236126785336
Database Administrator (DBA),0.6152351735455138
Mechanical Engineer,0.6152311908497891
Marketing Officer,0.6152266826500598
"System Administrator (Operation & Maintenance of Server, Storage & Service Desk System)",0.6152240401932305
"System Administrator (Operation & Maintenance of Server, Storage & Service Desk System)",0.615218931805465
"System Administrator (Operation & Maintenance of Server, Storage & Service Desk System)",0.6152176200822908
Mechanical Designer,0.6152147033313816
DevOps Engineer,0.6152088006304101
Senior iOS Engineer,0.6152060019627474
Executive - VAT,0.6152036189431607
Executive - VAT,0.6152020709468681
"System Administrator (Operation & Maintenance of Server, Storage & Service Desk System)",0.6151898960118471
Executive - VAT,0.6151860967114418
Marketing Officer,0.6151828729970882
"System Administrator (Operation & Maintenance of Server, Storage & Service Desk System)",0.615179026090512
Executive - VAT,0.6151766471445996
Mechanical Designer,0.6151691868088137
"System Administrator (Operation & Maintenance of Server, Storage & Service Desk System)",0.6151622072465822
"Executive/ Senior Executive- Trade Marketing, Hygiene Products",0.6151615229092583
Executive - VAT,0.6151567160133868
Executive - VAT,0.6151551653013113
"Executive/ Senior Executive- Trade Marketing, Hygiene Products",0.6151530238664554
Database Administrator (DBA),0.6151472324192887
Mechanical Engineer,0.6151468902306345
Marketing Officer,0.6151422706838036
Executive - VAT,0.61513461361369
Executive - VAT,0.6151329311861404
Executive - VAT,0.6151255673406187
"System Administrator (Operation & Maintenance of Server, Storage & Service Desk System)",0.615120813282562
Head of Internal Control & Compliance (ICC) - SEVP/DMD,0.6151202538712547
"System Administrator (Operation & Maintenance of Server, Storage & Service Desk System)",0.6151177118584108
Site Engineer,0.615117700995279
Executive - VAT,0.6151164137941203
Asst. Manager/ Manger (Administrative),0.6151140211093553
"System Administrator (Operation & Maintenance of Server, Storage & Service Desk System)",0.6151110405375464
Sr.Officer / Executive - Internal Audit,0.6151104756946731
Head of Internal Control & Compliance (ICC) - SEVP/DMD,0.6151047874872436
Executive - VAT,0.6151037555296996
Executive - VAT,0.6150984407424285
Executive - VAT,0.6150976898284375
"System Administrator (Operation & Maintenance of Server, Storage & Service Desk System)",0.615091519489562
DevOps Engineer,0.6150911297747059
Head of Internal Control & Compliance (ICC) - SEVP/DMD,0.6150888078202514
Asst. Manager/ Manger (Administrative),0.6150865346699216
Marketing Officer,0.6150864681865514
DevOps Engineer,0.6150856031563631
Mechanical Designer,0.6150844082118565
Executive - VAT,0.6150827435168651
Executive - VAT,0.6150774911926022
Marketing Officer,0.615076714398704
"System Administrator (Operation & Maintenance of Server, Storage & Service Desk System)",0.6150757367168351
Marketing Officer,0.6150733251015582
Executive - VAT,0.6150716902801795
Business Development Executive,0.6150672281687918
DevOps Engineer,0.6150644390596822
DevOps Engineer,0.6150609764897087
Executive - VAT,0.6150606669171065
"Executive/ Senior Executive- Trade Marketing, Hygiene Products",0.6150585186927933
Executive - VAT,0.6150551701723763
Marketing Officer,0.6150483453298052
Executive - VAT,0.6150479407581116
Sr.Officer / Executive - Internal Audit,0.6150464592585174
"System Administrator (Operation & Maintenance of Server, Storage & Service Desk System)",0.6150393696670913
"Executive/ Senior Executive- Trade Marketing, Hygiene Products",0.6150357685788582
Asst. Manager/ Manger (Administrative),0.6150348831936258
Executive - VAT,0.6150321471222528
"System Administrator (Operation & Maintenance of Server, Storage & Service Desk System)",0.6150286898505639
DevOps Engineer,0.6150216044261092
"Executive/ Senior Executive- Trade Marketing, Hygiene Products",0.6150192810604507
Network Support Engineer,0.6150114079656378
Mechanical Designer,0.6150112735343809
Sr.Officer / Executive - Internal Audit,0.615009615548878
Network Support Engineer,0.6150086079933963
Sr.Officer / Executive - Internal Audit,0.6150050530734738
Mechanical Engineer,0.6150031289012555
Executive - VAT,0.6150008572287704
"System Administrator (Operation & Maintenance of Server, Storage & Service Desk System)",0.6149995467835188
Executive - VAT,0.6149978454254573
Head of Internal Control & Compliance (ICC) - SEVP/DMD,0.6149938259866936
Sr.Officer / Executive - Internal Audit,0.6149928401974601
"System Administrator (Operation & Maintenance of Server, Storage & Service Desk System)",0.6149924518005111
Project Coordinator (Civil),0.6149913627715404
Executive - VAT,0.6149870637670686
Executive - VAT,0.614980002731348
Asst. Manager/ Manger (Administrative),0.6149782645502787
Network Support Engineer,0.6149735947614627
Mechanical Designer,0.6149719503548747
Marketing Officer,0.6149679635854757
"System Administrator (Operation & Maintenance of Server, Storage & Service Desk System)",0.6149671597137166
Sr.Officer / Executive - Internal Audit,0.6149666709127666
Mechanical Engineer,0.6149619101052367
Marketing Officer,0.6149596519316977
Executive - VAT,0.614945425382581
"Executive/ Senior Executive- Trade Marketing, Hygiene Products",0.6149439180830486
"Manager- Human Resource Management (HRM)
",0.6149404255861499
Asst. Manager/ Manger (Administrative),0.614934062466668
Business Development Executive,0.6149338669302943
Executive - VAT,0.6149315680999795
Network Support Engineer,0.6149170562337134
Business Development Executive,0.6149121148666005
Asst. Manager/ Manger (Administrative),0.6149089156742625
Project Coordinator (Civil),0.614905269735626
Data Engineer,0.6149043287168271
Data Engineer,0.6149037298866823
Head of Internal Control & Compliance (ICC) - SEVP/DMD,0.6149009503227976
Business Development Executive,0.6148971902812919
DevOps Engineer,0.6148924105032657
Executive - VAT,0.6148870143224743
"System Administrator (Operation & Maintenance of Server, Storage & Service Desk System)",0.6148862864126696
DevOps Engineer,0.6148846691639113
Executive - VAT,0.6148831511212002
Network Support Engineer,0.6148820905279818
Asst. Manager/ Manger (Administrative),0.6148815962554813
Sr.Officer / Executive - Internal Audit,0.614878375376864
Network Support Engineer,0.6148751544182778
DevOps Engineer,0.614874434735791
DevOps Engineer,0.6148741414312302
Site Engineer,0.6148656247358381
"System Administrator (Operation & Maintenance of Server, Storage & Service Desk System)",0.6148644976859057
Executive - VAT,0.6148571026888487
Network Support Engineer,0.6148563326844081
Marketing Officer,0.614853049302798
Executive - VAT,0.6148530466669839
Marketing Officer,0.6148500714467721
Database Administrator (DBA),0.6148476937787822
Executive - VAT,0.6148426492918854
Mechanical Engineer,0.6148389530312951
DevOps Engineer,0.6148354075766285
Business Development Executive,0.6148271964068204
"System Administrator (Operation & Maintenance of Server, Storage & Service Desk System)",0.6148224410708409
Executive - VAT,0.6148207967442217
Head of Internal Control & Compliance (ICC) - SEVP/DMD,0.6148171792813221
Executive - VAT,0.6148139068028282
DevOps Engineer,0.6148125053788472
"System Administrator (Operation & Maintenance of Server, Storage & Service Desk System)",0.6148080610000177
Marketing Officer,0.6148079265687607
Mechanical Designer,0.6148051198070618
Business Development Executive,0.6147974178465604
DevOps Engineer,0.6147973906887307
"System Administrator (Operation & Maintenance of Server, Storage & Service Desk System)",0.6147931160463368
Executive - VAT,0.6147917881084336
Asst. Manager/ Manger (Administrative),0.6147840398996529
DevOps Engineer,0.6147834763746868
Network Support Engineer,0.6147834003327637
Executive - VAT,0.6147831614238312
DevOps Engineer,0.6147814666952894
Head of Internal Control & Compliance (ICC) - SEVP/DMD,0.6147810281363243
Executive - VAT,0.6147794788221246
DevOps Engineer,0.6147727354530427
Mechanical Designer,0.6147721664965106
Executive - VAT,0.6147674383983296
"System Administrator (Operation & Maintenance of Server, Storage & Service Desk System)",0.6147653227234275
Marketing Officer,0.6147639403898961
Executive - VAT,0.614761183950151
"System Administrator (Operation & Maintenance of Server, Storage & Service Desk System)",0.6147600731149476
Mechanical Designer,0.6147586418973227
Database Administrator (DBA),0.6147425970515392
Sr.Officer / Executive - Internal Audit,0.6147386999429625
Executive - VAT,0.6147370433553355
Head of Internal Control & Compliance (ICC) - SEVP/DMD,0.6147358673813254
Executive - VAT,0.614729713457101
Mechanical Designer,0.6147293168728186
Mechanical Designer,0.614727634445269
"System Administrator (Operation & Maintenance of Server, Storage & Service Desk System)",0.6147029506938598
Asst. Manager/ Manger (Administrative),0.6147027850310987
Database Administrator (DBA),0.6147014488658776
Executive - VAT,0.614699758370948
Executive - VAT,0.6146977799230549
"System Administrator (Operation & Maintenance of Server, Storage & Service Desk System)",0.6146971782971582
Executive - VAT,0.6146969611144896
"Executive/ Senior Executive- Trade Marketing, Hygiene Products",0.614689943491312
DevOps Engineer,0.6146862092497446
Database Administrator (DBA),0.6146849056739193
Database Administrator (DBA),0.6146839388551821
Executive - VAT,0.6146788794314789
Executive - VAT,0.6146755770393881
Executive - VAT,0.6146690102761679
Executive - VAT,0.6146652991587402
"System Administrator (Operation & Maintenance of Server, Storage & Service Desk System)",0.6146602735223864
Mechanical Engineer,0.6146599910809576
Executive - VAT,0.6146589836054448
Network Support Engineer,0.6146565691944161
Head of Internal Control & Compliance (ICC) - SEVP/DMD,0.6146565556554857
Database Administrator (DBA),0.6146516319009777
"System Administrator (Operation & Maintenance of Server, Storage & Service Desk System)",0.6146438647616851
Executive - VAT,0.6146334267298108
Mechanical Engineer,0.6146219945614321
Asst. Manager/ Manger (Administrative),0.6146217189094607
Database Administrator (DBA),0.6146120032492001
Sr.Officer / Executive - Internal Audit,0.6146033860565099
Network Support Engineer,0.6145893780079691
Executive - VAT,0.6145787797448997
"System Administrator (Operation & Maintenance of Server, Storage & Service Desk System)",0.6145778658039616
Mechanical Designer,0.6145719073761267
"Manager- Human Resource Management (HRM)
",0.6145676137632363
Executive - VAT,0.6145598466639282
Mechanical Engineer,0.6145466750365576
Mechanical Designer,0.6145391251599025
DevOps Engineer,0.6145306437696889
Executive - VAT,0.6145271214791463
Network Support Engineer,0.6145125675182442
Sr.Officer / Executive - Internal Audit,0.614511033140851
"System Administrator (Operation & Maintenance of Server, Storage & Service Desk System)",0.6145020248487569
Marketing Officer,0.6144981806579637
"System Administrator (Operation & Maintenance of Server, Storage & Service Desk System)",0.6144961315997132
"System Administrator (Operation & Maintenance of Server, Storage & Service Desk System)",0.6144948959184621
Executive - VAT,0.6144938368430729
Head of Internal Control & Compliance (ICC) - SEVP/DMD,0.6144936643508698
Mechanical Designer,0.6144925005978831
Executive - VAT,0.6144915325012232
Site Engineer,0.6144854748673411
Asst. Manager/ Manger (Administrative),0.6144845419958911
Network Support Engineer,0.6144844102804171
DevOps Engineer,0.6144780349798963
DevOps Engineer,0.6144748235665349
DevOps Engineer,0.6144721430887441
Senior iOS Engineer,0.6144543424892709
Mechanical Designer,0.6144533702389678
Network Support Engineer,0.614452017779049
Executive - VAT,0.6144469135449268
Marketing Officer,0.6144396813349103
DevOps Engineer,0.6144390268312147
Project Coordinator (Civil),0.614438999673385
Executive - VAT,0.6144261744682806
Network Support Engineer,0.6144215996518998
Executive - VAT,0.6144206016816273
Executive - VAT,0.6144153928098919
Mechanical Designer,0.6144128629780871
Executive - VAT,0.6144075944390952
Mechanical Designer,0.6144065256985278
Executive - VAT,0.6144025525880124
Mechanical Engineer,0.6143956992297201
Executive - VAT,0.6143948329749217
"System Administrator (Operation & Maintenance of Server, Storage & Service Desk System)",0.6143914598925049
DevOps Engineer,0.6143849094239825
Senior iOS Engineer,0.6143803794979895
Head of Internal Control & Compliance (ICC) - SEVP/DMD,0.6143799341495669
"Executive/ Senior Executive- Trade Marketing, Hygiene Products",0.6143649267328778
Executive - VAT,0.6143611178872476
DevOps Engineer,0.6143604334299704
Mechanical Engineer,0.6143462977796145
Business Development Executive,0.6143462353166061
Executive - VAT,0.6143386434252839
DevOps Engineer,0.6143366377395921
Executive - VAT,0.6143355121275201
Network Support Engineer,0.6143326577596504
"System Administrator (Operation & Maintenance of Server, Storage & Service Desk System)",0.6143306548697105
Executive - VAT,0.6143131109916967
Executive - VAT,0.6143128760764698
Marketing Officer,0.614311450210442
Sr.Officer / Executive - Internal Audit,0.6143031589650207
Executive - VAT,0.6143013720198113
"System Administrator (Operation & Maintenance of Server, Storage & Service Desk System)",0.6143012850347874
Executive - VAT,0.6142975115343202
Asst. Manager/ Manger (Administrative),0.6142943842302621
Database Administrator (DBA),0.6142926719290998
"System Administrator (Operation & Maintenance of Server, Storage & Service Desk System)",0.614282040996666
Executive - VAT,0.6142754770291976
Mechanical Designer,0.6142706428555431
Executive - VAT,0.614267183028009
"Executive/ Senior Executive- Trade Marketing, Hygiene Products",0.6142668190331222
"Executive/ Senior Executive- Trade Marketing, Hygiene Products",0.6142599562895428
Executive - VAT,0.614249484270397
"Executive/ Senior Executive- Trade Marketing, Hygiene Products",0.6142464126398898
Asst. Manager/ Manger (Administrative),0.6142250448594861
Mechanical Designer,0.6142228926014829
Marketing Officer,0.6142139658228624
Project Coordinator (Civil),0.6142133235401901
Executive - VAT,0.6142116873609198
Head of Internal Control & Compliance (ICC) - SEVP/DMD,0.6142068844587539
"System Administrator (Operation & Maintenance of Server, Storage & Service Desk System)",0.614201594073545
Executive - VAT,0.6142005770927919
"System Administrator (Operation & Maintenance of Server, Storage & Service Desk System)",0.6141959724027982
Executive - VAT,0.614185405371233
Network Support Engineer,0.614182838876358
Senior iOS Engineer,0.6141828266553346
Sr.Officer / Executive - Internal Audit,0.6141725827619583
Executive - VAT,0.6141668810155985
DevOps Engineer,0.6141493084619258
Executive - VAT,0.6141407674044557
Business Development Executive,0.6141264089799274
Head of Internal Control & Compliance (ICC) - SEVP/DMD,0.6141122204117879
Marketing Officer,0.6141101102084363
Executive - VAT,0.6141079648198593
Asst. Manager/ Manger (Administrative),0.6140984133311869
Marketing Officer,0.6140883377763703
Asst. Manager/ Manger (Administrative),0.6140816908975525
DevOps Engineer,0.614058667847429
Executive - VAT,0.6140567451530555
DevOps Engineer,0.6140560077380105
"System Administrator (Operation & Maintenance of Server, Storage & Service Desk System)",0.6140548060040465
Sr.Officer / Executive - Internal Audit,0.6140464278535702
DevOps Engineer,0.6140458968780153
Executive - VAT,0.6140372702733816
DevOps Engineer,0.6140360019227661
Executive - VAT,0.6140352035625419
DevOps Engineer,0.6140303314212384
"System Administrator (Operation & Maintenance of Server, Storage & Service Desk System)",0.6140260309255938
Head of Internal Control & Compliance (ICC) - SEVP/DMD,0.6140139565545116
DevOps Engineer,0.6140028910968026
Marketing Officer,0.6140019867410738
DevOps Engineer,0.6139965524593519
Asst. Manager/ Manger (Administrative),0.6139963284072569
Executive - VAT,0.6139852983346954
DevOps Engineer,0.6139847659612645
Sr.Officer / Executive - Internal Audit,0.6139644098500014
DevOps Engineer,0.6139508702740228
DevOps Engineer,0.6139495504034997
Sr.Officer / Executive - Internal Audit,0.6139420874718842
Asst. Manager/ Manger (Administrative),0.6139371528542442
Marketing Officer,0.6139321897608676
"Executive/ Senior Executive- Trade Marketing, Hygiene Products",0.6139304068893325
"Manager- Human Resource Management (HRM)
",0.6139273339409183
DevOps Engineer,0.6139152011805022
Network Support Engineer,0.6139072059154401
Asst. Manager/ Manger (Administrative),0.6139060978759886
Executive - VAT,0.6138973314085321
Sr.Officer / Executive - Internal Audit,0.6138951940073664
DevOps Engineer,0.6138846024537855
DevOps Engineer,0.6138620560235731
DevOps Engineer,0.6138510666077873
DevOps Engineer,0.613848463529811
Project Coordinator (Civil),0.6138419320717695
Mechanical Designer,0.6138300885422399
DevOps Engineer,0.6138185437488367
"System Administrator (Operation & Maintenance of Server, Storage & Service Desk System)",0.6138118262596618
"System Administrator (Operation & Maintenance of Server, Storage & Service Desk System)",0.613808386720531
DevOps Engineer,0.6138055337905216
Network Support Engineer,0.6137953278781224
Sr.Officer / Executive - Internal Audit,0.6137810292807883
Executive - VAT,0.6137768375497438
Head of Internal Control & Compliance (ICC) - SEVP/DMD,0.6137722098155795
Mechanical Engineer,0.613764295984022
Executive - VAT,0.6137634460239214
DevOps Engineer,0.6137633373126338
Executive - VAT,0.6137491012582769
DevOps Engineer,0.6137466610473099
Executive - VAT,0.6137417360548637
DevOps Engineer,0.613740072557826
Head of Internal Control & Compliance (ICC) - SEVP/DMD,0.6137396435041014
"System Administrator (Operation & Maintenance of Server, Storage & Service Desk System)",0.6137393080649202
Asst. Manager/ Manger (Administrative),0.6137374545430435
Executive - VAT,0.6137363126362737
Database Administrator (DBA),0.6137234085135256
Head of Internal Control & Compliance (ICC) - SEVP/DMD,0.6137062896155621
Executive - VAT,0.6136675680219682
DevOps Engineer,0.613659426024657
DevOps Engineer,0.6136532204605717
Executive - VAT,0.6136421482933742
DevOps Engineer,0.6136355434292237
DevOps Engineer,0.6136339588231735
Executive - VAT,0.6136310027200675
DevOps Engineer,0.613629022834314
DevOps Engineer,0.6136261576832812
Mechanical Designer,0.6136249803913639
Executive - VAT,0.6136168073224862
"System Administrator (Operation & Maintenance of Server, Storage & Service Desk System)",0.61361369088156
Senior iOS Engineer,0.6136094895653063
DevOps Engineer,0.6135977641723357
DevOps Engineer,0.6135906080842112
"Manager- Human Resource Management (HRM)
",0.6135899291384689
"System Administrator (Operation & Maintenance of Server, Storage & Service Desk System)",0.6135874496286178
"System Administrator (Operation & Maintenance of Server, Storage & Service Desk System)",0.6135786640707116
Business Development Executive,0.6135704284588567
Asst. Manager/ Manger (Administrative),0.6135628989505739
DevOps Engineer,0.6135571795116402
Sr.Officer / Executive - Internal Audit,0.6135505163781092
DevOps Engineer,0.6135432692712708
Network Support Engineer,0.6135129557017659
"System Administrator (Operation & Maintenance of Server, Storage & Service Desk System)",0.6135065206540198
Executive - VAT,0.6135059259775183
DevOps Engineer,0.6134831010995827
DevOps Engineer,0.6134746224251522
Project Coordinator (Civil),0.6134735388277474
DevOps Engineer,0.613447375415485
Asst. Manager/ Manger (Administrative),0.6134406968642978
DevOps Engineer,0.6134307978353742
DevOps Engineer,0.6134218167410942
Mechanical Designer,0.6134105774732752
"Executive/ Senior Executive- Trade Marketing, Hygiene Products",0.6133842602183942
DevOps Engineer,0.6133828669817465
DevOps Engineer,0.6133823211093696
"System Administrator (Operation & Maintenance of Server, Storage & Service Desk System)",0.6133778835199976
"System Administrator (Operation & Maintenance of Server, Storage & Service Desk System)",0.6133567167075337
"Manager- Human Resource Management (HRM)
",0.6133434840949995
"System Administrator (Operation & Maintenance of Server, Storage & Service Desk System)",0.6133303383075515
DevOps Engineer,0.613328157533827
DevOps Engineer,0.6133142106303874
DevOps Engineer,0.6133006439365636
DevOps Engineer,0.6132933900802522
Head of Internal Control & Compliance (ICC) - SEVP/DMD,0.6132895554346838
DevOps Engineer,0.6132629977530412
Executive - VAT,0.6132603635235296
DevOps Engineer,0.6132354678610799
DevOps Engineer,0.6132244119086112
Executive - VAT,0.6132209833125811
DevOps Engineer,0.6132201209715196
DevOps Engineer,0.6132187739431667
Head of Internal Control & Compliance (ICC) - SEVP/DMD,0.6131803714540717
Asst. Manager/ Manger (Administrative),0.6131755060888975
DevOps Engineer,0.6131730333685038
"System Administrator (Operation & Maintenance of Server, Storage & Service Desk System)",0.6131590565914515
Site Engineer,0.6131502302968008
Database Administrator (DBA),0.6131493014990254
DevOps Engineer,0.6131449100779637
DevOps Engineer,0.6131430389034978
DevOps Engineer,0.6131219589960889
Asst. Manager/ Manger (Administrative),0.61311386596284
Sr.Officer / Executive - Internal Audit,0.613108837690672
DevOps Engineer,0.6131069760214465
DevOps Engineer,0.6131069081268723
DevOps Engineer,0.6130909854913225
Sr.Officer / Executive - Internal Audit,0.6130500125136468
DevOps Engineer,0.6130483965827955
DevOps Engineer,0.6130443256241244
DevOps Engineer,0.6130432610372003
DevOps Engineer,0.6129988362593862
DevOps Engineer,0.612997740440958
DevOps Engineer,0.6129790599278027
"System Administrator (Operation & Maintenance of Server, Storage & Service Desk System)",0.6129609103502179
Asst. Manager/ Manger (Administrative),0.6129549519223829
DevOps Engineer,0.6129357472631145
DevOps Engineer,0.6129339344779824
Marketing Officer,0.6129009078412909
DevOps Engineer,0.6128916524529311
DevOps Engineer,0.6128904670136649
"System Administrator (Operation & Maintenance of Server, Storage & Service Desk System)",0.6128746367147361
DevOps Engineer,0.6128709228815253
Executive - VAT,0.6128594053259208
DevOps Engineer,0.6128574118612523
DevOps Engineer,0.6128560512539847
Sr.Officer / Executive - Internal Audit,0.6128483900302278
DevOps Engineer,0.6128463925718538
DevOps Engineer,0.6128046143245434
Executive - VAT,0.6128028301351013
Business Development Executive,0.6127959333242815
DevOps Engineer,0.6127955259568361
DevOps Engineer,0.6127832764177524
DevOps Engineer,0.6127824888406913
DevOps Engineer,0.612778288882329
Asst. Manager/ Manger (Administrative),0.612758118762215
DevOps Engineer,0.6127545841706803
DevOps Engineer,0.6127352396485889
DevOps Engineer,0.6127101376666023
"System Administrator (Operation & Maintenance of Server, Storage & Service Desk System)",0.6127011321302757
Executive - VAT,0.6126880665783785
DevOps Engineer,0.6126686024818676
Head of Internal Control & Compliance (ICC) - SEVP/DMD,0.6126648465540209
"Executive/ Senior Executive- Trade Marketing, Hygiene Products",0.6126588935577518
Head of Internal Control & Compliance (ICC) - SEVP/DMD,0.6126471369332771
"Executive/ Senior Executive- Trade Marketing, Hygiene Products",0.6126470921228582
DevOps Engineer,0.6126238952626246
DevOps Engineer,0.6126039858576756
Head of Internal Control & Compliance (ICC) - SEVP/DMD,0.6125957407805648
Asst. Manager/ Manger (Administrative),0.6125890069567076
Executive - VAT,0.6125817436751247
Marketing Officer,0.6125444233055898
Sr.Officer / Executive - Internal Audit,0.6125326735105568
DevOps Engineer,0.6125313821157705
Sr.Officer / Executive - Internal Audit,0.6125290764560138
"Manager- Human Resource Management (HRM)
",0.6125148212712228
DevOps Engineer,0.6125121095619278
Sr.Officer / Executive - Internal Audit,0.6124879160093445
DevOps Engineer,0.6124385620854408
Executive - VAT,0.6124234515489676
DevOps Engineer,0.6124233564165948
DevOps Engineer,0.6124081222320278
DevOps Engineer,0.6123746814384335
DevOps Engineer,0.6123501687813513
DevOps Engineer,0.612324871262991
Head of Internal Control & Compliance (ICC) - SEVP/DMD,0.612283181278627
Sr.Officer / Executive - Internal Audit,0.6122793357299422
DevOps Engineer,0.6122261471204856
DevOps Engineer,0.6121564438347918
Executive - VAT,0.6121466562329388
Executive - VAT,0.6120681320841603
DevOps Engineer,0.6119536318784167
Marketing Officer,0.6119492431731381
Project Coordinator (Civil),0.6119141538992814
DevOps Engineer,0.6118734945545543
DevOps Engineer,0.6117588097555376
Sr.Officer / Executive - Internal Audit,0.6117187112599782
Asst. Manager/ Manger (Administrative),0.611595817966952
Database Administrator (DBA),0.6115069100219898
Database Administrator (DBA),0.6112855546994992
Network Support Engineer,0.6112447731445385
Sr.Officer / Executive - Internal Audit,0.6110834719308513
DevOps Engineer,0.6110144041383724
Head of Internal Control & Compliance (ICC) - SEVP/DMD,0.6108645173605057
