job_position_name,matched_score,predicted_score
Asst. Manager/ Manger (Administrative),0.95,0.8673589160998654
Database Administrator (DBA),0.906666667,0.864972265313142
HR Officer,0.883333333,0.8625648364463135
"Manager- Human Resource Management (HRM)
",0.85,0.8621978270181995
"Full Stack Developer (Python,React js)",0.94,0.8610614904537274
Sr.Officer / Executive - Internal Audit,0.883333333,0.8601463685178161
"System Administrator (Operation & Maintenance of Server, Storage & Service Desk System)",0.883333333,0.8580424183545512
"Manager- Human Resource Management (HRM)
",0.85,0.8570828954954041
Asst. Manager/ Manger (Administrative),0.896666667,0.8566431736116346
"Manager- Human Resource Management (HRM)
",0.893333333,0.8546679843441253
Database Administrator (DBA),0.873333333,0.8546052542687369
Asst. Manager/ Manger (Administrative),0.95,0.8545141260514665
Sr.Officer / Executive - Internal Audit,0.883333333,0.8541395890458648
Asst. Manager/ Manger (Administrative),0.95,0.8539205064612772
Network Support Engineer,0.97,0.8525939227970258
HR Officer,0.893333333,0.8520960918160447
HR Officer,0.88,0.8516320932990179
Intern (Generative AI Engineering - 2D/3D Image Generation),0.883333333,0.851371976113675
Database Administrator (DBA),0.893333333,0.8504576349265134
Intern (Generative AI Engineering - 2D/3D Image Generation),0.85,0.8496898612534409
Executive - VAT,0.926666667,0.8495455068963981
"Manager- Human Resource Management (HRM)
",0.85,0.8494772879065454
Asst. Manager/ Manger (Administrative),0.883333333,0.8485213636434227
Asst. Manager/ Manger (Administrative),0.883333333,0.8483121377531123
"Manager- Human Resource Management (HRM)
",0.95,0.8472725217727238
Intern (Generative AI Engineering - 2D/3D Image Generation),0.85,0.8471085943200432
"Full Stack Developer (Python,React js)",0.85,0.8467359279362114
Intern (Generative AI Engineering - 2D/3D Image Generation),0.883333333,0.8466296374670287
Intern (Generative AI Engineering - 2D/3D Image Generation),0.85,0.8460233659088537
Database Administrator (DBA),0.926666667,0.8459910232835495
Intern (Generative AI Engineering - 2D/3D Image Generation),0.85,0.845774011699275
"Manager- Human Resource Management (HRM)
",0.85,0.8457041804699635
Intern (Generative AI Engineering - 2D/3D Image Generation),0.85,0.8456013865253061
"Full Stack Developer (Python,React js)",0.85,0.845268770772457
Database Administrator (DBA),0.92,0.845197501540746
Machine Learning (ML) Engineer,0.926666667,0.8449203878385957
Intern (Generative AI Engineering - 2D/3D Image Generation),0.85,0.8448916437236692
Asst. Manager/ Manger (Administrative),0.85,0.8448591320276682
Asst. Manager/ Manger (Administrative),0.873333333,0.8448266890557214
Database Administrator (DBA),0.816666667,0.844615087590886
"Full Stack Developer (Python,React js)",0.85,0.8440344051674494
Intern (Generative AI Engineering - 2D/3D Image Generation),0.85,0.8440133412536351
"Executive/ Senior Executive- Trade Marketing, Hygiene Products",0.85,0.8439979986888647
Network Support Engineer,0.826666667,0.8437190909210289
Sr.Officer / Executive - Internal Audit,0.85,0.8436851240407305
"Full Stack Developer (Python,React js)",0.85,0.8432877445667761
Intern (Generative AI Engineering - 2D/3D Image Generation),0.85,0.8432451108951302
Network Support Engineer,0.88,0.8430153292241794
Machine Learning (ML) Engineer,0.863333333,0.8426894664805654
Intern (Generative AI Engineering - 2D/3D Image Generation),0.816666667,0.8426096468991662
Asst. Manager/ Manger (Administrative),0.85,0.8425177942297994
Machine Learning (ML) Engineer,0.85,0.8424718974661289
Intern (Generative AI Engineering - 2D/3D Image Generation),0.85,0.8423270957198199
"Executive/ Senior Executive- Trade Marketing, Hygiene Products",0.85,0.8422393185348062
Management Trainee - Mechanical,0.926666667,0.8421118273257018
Network Support Engineer,0.85,0.8420999831112885
Machine Learning (ML) Engineer,0.85,0.8418161123656408
"Executive/ Senior Executive- Trade Marketing, Hygiene Products",0.85,0.8416275224373891
Database Administrator (DBA),0.85,0.841431081369374
Machine Learning (ML) Engineer,0.873333333,0.8409495497817671
Intern (Generative AI Engineering - 2D/3D Image Generation),0.85,0.8409047480660522
Intern (Generative AI Engineering - 2D/3D Image Generation),0.85,0.8407837558396035
Executive - VAT,0.85,0.8407729283994485
Machine Learning (ML) Engineer,0.916666667,0.8407330351242409
Machine Learning (ML) Engineer,0.85,0.8405709985237247
"System Administrator (Operation & Maintenance of Server, Storage & Service Desk System)",0.85,0.8404556929047932
Database Administrator (DBA),0.85,0.8404340137937294
"Full Stack Developer (Python,React js)",0.85,0.8403405628230762
Machine Learning (ML) Engineer,0.85,0.8402062839125133
Intern (Generative AI Engineering - 2D/3D Image Generation),0.826666667,0.840198842492911
Network Support Engineer,0.85,0.8401898819844564
"Executive/ Senior Executive- Trade Marketing, Hygiene Products",0.85,0.8401219921049465
Intern (Generative AI Engineering - 2D/3D Image Generation),0.85,0.8399880886388565
Machine Learning (ML) Engineer,0.85,0.8399164714550654
"Full Stack Developer (Python,React js)",0.85,0.8397486251628664
AI Engineer,0.916666667,0.8396796960205126
"Manager- Human Resource Management (HRM)
",0.873333333,0.839423506481944
Machine Learning (ML) Engineer,0.85,0.8393985336806659
Asst. Manager/ Manger (Administrative),0.936666667,0.8392631475565623
AI Engineer,0.85,0.8391249613570769
Machine Learning (ML) Engineer,0.85,0.8387020552311935
Database Administrator (DBA),0.826666667,0.8384786286598015
"Manager- Human Resource Management (HRM)
",0.85,0.838389769929738
Intern (Generative AI Engineering - 2D/3D Image Generation),0.85,0.8383655778523421
Machine Learning (ML) Engineer,0.85,0.8382881973218612
Machine Learning (ML) Engineer,0.85,0.8382468647104045
Machine Learning (ML) Engineer,0.85,0.8382278269327745
Intern (Generative AI Engineering - 2D/3D Image Generation),0.85,0.8381024241417243
Database Administrator (DBA),0.85,0.8380709857131996
"Manager- Human Resource Management (HRM)
",0.85,0.8378833340022738
Database Administrator (DBA),0.85,0.8376763956564769
Intern (Generative AI Engineering - 2D/3D Image Generation),0.85,0.8375912541317325
Database Administrator (DBA),0.936666667,0.8374638055108831
Database Administrator (DBA),0.85,0.83737161311923
Sr.Officer / Executive - Internal Audit,0.85,0.8371132006665046
Machine Learning (ML) Engineer,0.85,0.8371015590933361
"Executive/ Senior Executive- Trade Marketing, Hygiene Products",0.85,0.8370902835116176
Intern (Generative AI Engineering - 2D/3D Image Generation),0.85,0.8369051729827213
Asst. Manager/ Manger (Administrative),0.91,0.8368849139818992
Sr.Officer / Executive - Internal Audit,0.85,0.8368298273992797
Database Administrator (DBA),0.873333333,0.8367272738882886
AI Engineer,0.85,0.8367175573251336
Sr.Officer / Executive - Internal Audit,0.85,0.8366806613087353
"Full Stack Developer (Python,React js)",0.85,0.8366631489918793
Machine Learning (ML) Engineer,0.85,0.8366435069032306
Network Support Engineer,0.85,0.8365898153927702
Mechanical Engineer,0.906666667,0.8365728964939003
Database Administrator (DBA),0.883333333,0.8365479073426029
Machine Learning (ML) Engineer,0.85,0.836347919173353
Database Administrator (DBA),0.85,0.8361460420207671
Machine Learning (ML) Engineer,0.85,0.8360419543975136
"Full Stack Developer (Python,React js)",0.85,0.8359453421770728
Network Support Engineer,0.873333333,0.8356264485849704
Machine Learning (ML) Engineer,0.85,0.8355765733651178
"Full Stack Developer (Python,React js)",0.85,0.835476219965736
"Manager- Human Resource Management (HRM)
",0.85,0.8353866997521312
Machine Learning (ML) Engineer,0.85,0.8352928342764181
Network Support Engineer,0.85,0.8351564193337244
Sr.Officer / Executive - Internal Audit,0.85,0.8350519728914559
Intern (Generative AI Engineering - 2D/3D Image Generation),0.85,0.8350170415183732
"System Administrator (Operation & Maintenance of Server, Storage & Service Desk System)",0.85,0.8349345991319547
Database Administrator (DBA),0.85,0.8348015675078428
"Manager- Human Resource Management (HRM)
",0.85,0.8347757369086118
Machine Learning (ML) Engineer,0.85,0.834738595518547
Database Administrator (DBA),0.85,0.8347275761168499
Asst. Manager/ Manger (Administrative),0.85,0.8346171292620067
Machine Learning (ML) Engineer,0.85,0.8345105029733103
"Full Stack Developer (Python,React js)",0.85,0.8345059276179226
Machine Learning (ML) Engineer,0.85,0.8344875650064385
Machine Learning (ML) Engineer,0.883333333,0.8343091081605427
Machine Learning (ML) Engineer,0.85,0.8342926780375131
Machine Learning (ML) Engineer,0.85,0.8341415830231486
"Manager- Human Resource Management (HRM)
",0.85,0.8341008215703031
Intern (Generative AI Engineering - 2D/3D Image Generation),0.85,0.8340320932826438
"Executive/ Senior Executive- Trade Marketing, Hygiene Products",0.85,0.8339736880005993
"Manager- Human Resource Management (HRM)
",0.926666667,0.8338926874157173
Machine Learning (ML) Engineer,0.85,0.83385627766322
Database Administrator (DBA),0.85,0.8338333369357259
Machine Learning (ML) Engineer,0.85,0.8336925193426968
Intern (Generative AI Engineering - 2D/3D Image Generation),0.85,0.8336600189414031
Intern (Generative AI Engineering - 2D/3D Image Generation),0.85,0.8336225114963703
Sr.Officer / Executive - Internal Audit,0.85,0.8335497379449626
Machine Learning (ML) Engineer,0.816666667,0.8334486261329672
"Manager- Human Resource Management (HRM)
",0.85,0.8333828736002733
AI Engineer,0.85,0.8333305891717337
"Executive/ Senior Executive- Trade Marketing, Hygiene Products",0.85,0.8332015415709775
"Manager- Human Resource Management (HRM)
",0.85,0.8331633922846475
Intern (Generative AI Engineering - 2D/3D Image Generation),0.85,0.8331230019853982
"Executive/ Senior Executive- Trade Marketing, Hygiene Products",0.85,0.8330810484115645
Asst. Manager/ Manger (Administrative),0.85,0.8330651908887209
"Executive/ Senior Executive- Trade Marketing, Hygiene Products",0.85,0.8327471812106477
"Manager- Human Resource Management (HRM)
",0.893333333,0.8327441370377823
Asst. Manager/ Manger (Administrative),0.85,0.8326057119721987
Database Administrator (DBA),0.85,0.8324058854852879
Executive/ Sr. Executive -IT,0.85,0.8323910196178217
Intern (Generative AI Engineering - 2D/3D Image Generation),0.85,0.8323752063003074
Machine Learning (ML) Engineer,0.85,0.8323135414530589
"Manager- Human Resource Management (HRM)
",0.85,0.832263997160764
AI Engineer,0.85,0.8319738624002448
Database Administrator (DBA),0.85,0.8318966547882466
"Manager- Human Resource Management (HRM)
",0.85,0.8318405352766125
"Full Stack Developer (Python,React js)",0.85,0.8316998928774678
AI Engineer,0.65,0.8316541426250613
Asst. Manager/ Manger (Administrative),0.883333333,0.8316059541345286
Machine Learning (ML) Engineer,0.85,0.8314762733592317
Intern (Generative AI Engineering - 2D/3D Image Generation),0.85,0.831473616925562
Machine Learning (ML) Engineer,0.85,0.8314103588657583
Machine Learning (ML) Engineer,0.85,0.831367967344236
Senior Software Engineer,0.85,0.8313362045635913
Intern (Generative AI Engineering - 2D/3D Image Generation),0.85,0.8313114190733892
Intern (Generative AI Engineering - 2D/3D Image Generation),0.85,0.8311883307792901
"Full Stack Developer (Python,React js)",0.85,0.8311842686100663
Sr.Officer / Executive - Internal Audit,0.85,0.8311339657919277
Machine Learning (ML) Engineer,0.85,0.8310991048468614
"Manager- Human Resource Management (HRM)
",0.85,0.8309279591630958
Machine Learning (ML) Engineer,0.85,0.8309115155476305
Sr.Officer / Executive - Internal Audit,0.85,0.8308914441279208
"Executive/ Senior Executive- Trade Marketing, Hygiene Products",0.85,0.830740299115524
Intern (Generative AI Engineering - 2D/3D Image Generation),0.85,0.8307255914211854
Database Administrator (DBA),0.85,0.8306532658980894
Database Administrator (DBA),0.85,0.830652963745479
"Manager- Human Resource Management (HRM)
",0.85,0.8305723078252606
Machine Learning (ML) Engineer,0.873333333,0.8305020585381903
Intern (Generative AI Engineering - 2D/3D Image Generation),0.85,0.8304486344439257
Asst. Manager/ Manger (Administrative),0.883333333,0.8303628015653377
AI Engineer,0.85,0.8303365647292782
Intern (Generative AI Engineering - 2D/3D Image Generation),0.85,0.8302892953893329
Intern (Generative AI Engineering - 2D/3D Image Generation),0.85,0.8302387421486769
Asst. Manager/ Manger (Administrative),0.85,0.8301446196344441
Intern (Generative AI Engineering - 2D/3D Image Generation),0.906666667,0.8300392176870578
Asst. Manager/ Manger (Administrative),0.923333333,0.8300240524544472
Machine Learning (ML) Engineer,0.85,0.8299627763723735
Machine Learning (ML) Engineer,0.85,0.8299341013232585
Intern (Generative AI Engineering - 2D/3D Image Generation),0.85,0.8298689539786962
"Executive/ Senior Executive- Trade Marketing, Hygiene Products",0.895,0.829799625176907
Machine Learning (ML) Engineer,0.893333333,0.8297778403948707
Intern (Generative AI Engineering - 2D/3D Image Generation),0.85,0.8297734820886818
Database Administrator (DBA),0.85,0.8296829180363655
Machine Learning (ML) Engineer,0.893333333,0.8296774467590692
Machine Learning (ML) Engineer,0.85,0.8296210598479451
Intern (Generative AI Engineering - 2D/3D Image Generation),0.85,0.829595049607006
Database Administrator (DBA),0.76,0.8294159723185451
Intern (Generative AI Engineering - 2D/3D Image Generation),0.85,0.8294060697692295
Intern (Generative AI Engineering - 2D/3D Image Generation),0.85,0.8293711438436833
Executive - VAT,0.85,0.8292989214835872
AI Engineer,0.85,0.8291993813399422
Database Administrator (DBA),0.85,0.8290806449689309
Machine Learning (ML) Engineer,0.85,0.8289741548608667
Intern (Generative AI Engineering - 2D/3D Image Generation),0.85,0.8289666798854072
Machine Learning (ML) Engineer,0.85,0.8289610550737448
Intern (Generative AI Engineering - 2D/3D Image Generation),0.816666667,0.828938229568772
Machine Learning (ML) Engineer,0.85,0.8287721539064827
Machine Learning (ML) Engineer,0.816666667,0.8287287990065164
Database Administrator (DBA),0.85,0.8286738374322582
Machine Learning (ML) Engineer,0.85,0.8286378587408113
Machine Learning (ML) Engineer,0.883333333,0.8285915638279878
"Full Stack Developer (Python,React js)",0.85,0.8285452187488214
Intern (Generative AI Engineering - 2D/3D Image Generation),0.85,0.8283285534273174
Database Administrator (DBA),0.85,0.8282828861319733
Database Administrator (DBA),0.85,0.8282707426674537
Database Administrator (DBA),0.85,0.8281281580604765
Database Administrator (DBA),0.85,0.8281258491210279
Database Administrator (DBA),0.85,0.8281197442828857
Intern (Generative AI Engineering - 2D/3D Image Generation),0.826666667,0.8280895961774518
"Full Stack Developer (Python,React js)",0.85,0.8280752501686479
Machine Learning (ML) Engineer,0.85,0.8280609139007776
Database Administrator (DBA),0.85,0.8280297711114925
"Executive/ Senior Executive- Trade Marketing, Hygiene Products",0.85,0.8280165397286009
Machine Learning (ML) Engineer,0.85,0.8279723596370377
"Manager- Human Resource Management (HRM)
",0.883333333,0.8279379634202965
AI Engineer,0.85,0.8279178468746671
AI Engineer,0.85,0.827900200245541
"Executive/ Senior Executive- Trade Marketing, Hygiene Products",0.783333333,0.8278072462806235
Intern (Generative AI Engineering - 2D/3D Image Generation),0.783333333,0.8277569705117722
Asst. Manager/ Manger (Administrative),0.893333333,0.8276596265938017
"Executive/ Senior Executive- Trade Marketing, Hygiene Products",0.85,0.8275968723023153
Database Administrator (DBA),0.85,0.827537119831659
Intern (Generative AI Engineering - 2D/3D Image Generation),0.85,0.8274046485290462
"Manager- Human Resource Management (HRM)
",0.85,0.8273583060169138
Network Support Engineer,0.85,0.8273241552478173
Asst. Manager/ Manger (Administrative),0.883333333,0.827312319354159
Executive/ Sr. Executive -IT,0.85,0.8272516791803595
Database Administrator (DBA),0.85,0.8271968894926218
AI Engineer,0.85,0.8271933016339059
Database Administrator (DBA),0.85,0.8271413668054973
AI Engineer,0.85,0.82713144048912
Intern (Generative AI Engineering - 2D/3D Image Generation),0.883333333,0.827080516237125
Machine Learning (ML) Engineer,0.876666667,0.8270598166053453
"Manager- Human Resource Management (HRM)
",0.85,0.8270576890458934
Database Administrator (DBA),0.85,0.8269298774602423
Management Trainee - Mechanical,0.85,0.8269230245373408
Machine Learning (ML) Engineer,0.85,0.8268766135255582
Asst. Manager/ Manger (Administrative),0.873333333,0.8268739010948978
"Manager- Human Resource Management (HRM)
",0.85,0.8268455143768985
"Manager- Human Resource Management (HRM)
",0.85,0.8268221414835545
Database Administrator (DBA),0.816666667,0.8267238376982009
Sr.Officer / Executive - Internal Audit,0.85,0.8267172093759135
"Manager- Human Resource Management (HRM)
",0.826666667,0.8264432663868101
"Executive/ Senior Executive- Trade Marketing, Hygiene Products",0.85,0.8262810255498645
"Manager- Human Resource Management (HRM)
",0.793333333,0.8262663442523439
Sr.Officer / Executive - Internal Audit,0.816666667,0.8261028912404382
Database Administrator (DBA),0.826666667,0.8259942888493713
"Executive/ Senior Executive- Trade Marketing, Hygiene Products",0.85,0.8259729702220326
"Executive/ Senior Executive- Trade Marketing, Hygiene Products",0.85,0.825906878208291
Asst. Manager/ Manger (Administrative),0.85,0.8259003449380734
Database Administrator (DBA),0.85,0.825836966101079
"Executive/ Senior Executive- Trade Marketing, Hygiene Products",0.85,0.8257599290541346
Network Support Engineer,0.85,0.8256177217066671
Intern (Generative AI Engineering - 2D/3D Image Generation),0.88,0.825613472352122
AI Engineer,0.85,0.825574190195555
Intern (Generative AI Engineering - 2D/3D Image Generation),0.85,0.8255549036220419
Sr.Officer / Executive - Internal Audit,0.85,0.825440705271973
"System Administrator (Operation & Maintenance of Server, Storage & Service Desk System)",0.85,0.8254399080240539
Asst. Manager/ Manger (Administrative),0.85,0.825368311667288
AI Engineer,0.85,0.8253476560847302
Machine Learning (ML) Engineer,0.85,0.8252649365038387
Machine Learning (ML) Engineer,0.883333333,0.8252290534321826
"Executive/ Senior Executive- Trade Marketing, Hygiene Products",0.85,0.8250609963923896
Machine Learning (ML) Engineer,0.86,0.8249661046878879
"Manager- Human Resource Management (HRM)
",0.826666667,0.824950584513097
"Full Stack Developer (Python,React js)",0.85,0.8249148179648829
AI Engineer,0.85,0.8248121809261164
Network Support Engineer,0.85,0.8247942638828291
Database Administrator (DBA),0.85,0.8245909393930765
Database Administrator (DBA),0.85,0.8245905432684707
"Full Stack Developer (Python,React js)",0.85,0.8245836572071443
Database Administrator (DBA),0.816666667,0.8244457853060497
Machine Learning (ML) Engineer,0.85,0.8243494164631489
AI Engineer,0.883333333,0.8243206188737614
"Executive/ Senior Executive- Trade Marketing, Hygiene Products",0.85,0.8241874433871703
"Full Stack Developer (Python,React js)",0.85,0.8238711308432628
"Full Stack Developer (Python,React js)",0.85,0.8238673654776373
Asst. Manager/ Manger (Administrative),0.816666667,0.8238619674187732
Intern (Generative AI Engineering - 2D/3D Image Generation),0.936666667,0.8236016799524875
"System Administrator (Operation & Maintenance of Server, Storage & Service Desk System)",0.876666667,0.8235211830814699
Intern (Generative AI Engineering - 2D/3D Image Generation),0.816666667,0.8235197679688614
Intern (Generative AI Engineering - 2D/3D Image Generation),0.85,0.8235194112586831
Network Support Engineer,0.883333333,0.8235056281738554
"System Administrator (Operation & Maintenance of Server, Storage & Service Desk System)",0.85,0.8234919998554112
Executive - VAT,0.85,0.8234889702449945
Executive - VAT,0.85,0.8232740501505431
Machine Learning (ML) Engineer,0.85,0.8232400424600441
Database Administrator (DBA),0.85,0.8231649482387103
Machine Learning (ML) Engineer,0.85,0.8231246165521379
AI Engineer,0.85,0.8230781435687837
Machine Learning (ML) Engineer,0.85,0.8230072475110197
AI Engineer,0.85,0.822974901103323
Machine Learning (ML) Engineer,0.85,0.82293944639823
Machine Learning (ML) Engineer,0.816666667,0.822897499264553
Database Administrator (DBA),0.85,0.8228218738377652
Machine Learning (ML) Engineer,0.85,0.8228071466275023
Asst. Manager/ Manger (Administrative),0.826666667,0.8227026023721458
Machine Learning (ML) Engineer,0.85,0.8226149752227105
Intern (Generative AI Engineering - 2D/3D Image Generation),0.85,0.822609237138814
"System Administrator (Operation & Maintenance of Server, Storage & Service Desk System)",0.85,0.8226000016412184
"System Administrator (Operation & Maintenance of Server, Storage & Service Desk System)",0.843333333,0.822551633082696
Management Trainee - Mechanical,0.95,0.8225294631710632
Intern (Generative AI Engineering - 2D/3D Image Generation),0.85,0.8224641414137036
AI Engineer,0.85,0.8224011485986614
Senior iOS Engineer,0.883333333,0.8223887928473038
"Full Stack Developer (Python,React js)",0.85,0.8223417486845978
Machine Learning (ML) Engineer,0.85,0.8222782791805743
Database Administrator (DBA),0.85,0.8222530134577372
"Full Stack Developer (Python,React js)",0.85,0.8221578534165337
"Executive/ Senior Executive- Trade Marketing, Hygiene Products",0.85,0.8221120025316081
Database Administrator (DBA),0.85,0.8219739154952898
"System Administrator (Operation & Maintenance of Server, Storage & Service Desk System)",0.783333333,0.821957933757259
Database Administrator (DBA),0.92,0.821940687977063
Database Administrator (DBA),0.85,0.8218255229818457
Machine Learning (ML) Engineer,0.826666667,0.8217980374725055
"System Administrator (Operation & Maintenance of Server, Storage & Service Desk System)",0.85,0.8217922739276868
Machine Learning (ML) Engineer,0.826666667,0.8216975550013802
Mechanical Engineer,0.85,0.8215553057324956
Machine Learning (ML) Engineer,0.85,0.82149173211707
"Manager- Human Resource Management (HRM)
",0.85,0.8214695019933167
"Full Stack Developer (Python,React js)",0.85,0.8214628377603422
"Manager- Human Resource Management (HRM)
",0.85,0.8214235706592188
"Manager- Human Resource Management (HRM)
",0.85,0.8213942707650697
Sr.Officer / Executive - Internal Audit,0.85,0.8213065211913099
Database Administrator (DBA),0.85,0.8212731527684037
Database Administrator (DBA),0.85,0.821256195685237
Sr.Officer / Executive - Internal Audit,0.906666667,0.8211668297737866
Machine Learning (ML) Engineer,0.85,0.8211034793829415
"Full Stack Developer (Python,React js)",0.85,0.8210433143621745
Intern (Generative AI Engineering - 2D/3D Image Generation),0.716666667,0.8210411496201768
Machine Learning (ML) Engineer,0.783333333,0.8209227436850277
"Manager- Human Resource Management (HRM)
",0.85,0.8209090442759607
Executive/ Sr. Executive -IT,0.85,0.8208459065654417
Sr.Officer / Executive - Internal Audit,0.85,0.8208359702868069
Project Coordinator (Civil),0.85,0.8208230099847171
Network Support Engineer,0.85,0.8208027535187342
Asst. Manager/ Manger (Administrative),0.826666667,0.8208010598369423
Database Administrator (DBA),0.85,0.8206755944217192
AI Engineer,0.85,0.8206388059263202
Mechanical Engineer,0.85,0.8205984122279618
"Full Stack Developer (Python,React js)",0.85,0.8205852120469062
Database Administrator (DBA),0.783333333,0.8203824736251557
Database Administrator (DBA),0.816666667,0.8203726107713898
Database Administrator (DBA),0.85,0.8202554542862052
"Full Stack Developer (Python,React js)",0.85,0.8202402719511585
Machine Learning (ML) Engineer,0.85,0.8202018426177639
Database Administrator (DBA),0.816666667,0.8201900342188451
"Executive/ Senior Executive- Trade Marketing, Hygiene Products",0.75,0.8201436115729714
Database Administrator (DBA),0.85,0.8201132299269154
Network Support Engineer,0.85,0.8200668169619602
"System Administrator (Operation & Maintenance of Server, Storage & Service Desk System)",0.85,0.8200178678861767
Database Administrator (DBA),0.85,0.8199527889072915
Machine Learning (ML) Engineer,0.816666667,0.8199295784146037
Machine Learning (ML) Engineer,0.85,0.8199054965067227
Database Administrator (DBA),0.85,0.8198540288748158
Executive/ Sr. Executive -IT,0.916666667,0.8198496243738528
Database Administrator (DBA),0.85,0.819808654948266
Project Coordinator (Civil),0.85,0.8198049124114482
Machine Learning (ML) Engineer,0.85,0.81979996237167
Database Administrator (DBA),0.85,0.8195690954536144
Machine Learning (ML) Engineer,0.943333333,0.8195443151448222
Machine Learning (ML) Engineer,0.826666667,0.8195228417896548
Database Administrator (DBA),0.85,0.8194895754543081
Machine Learning (ML) Engineer,0.826666667,0.8194663794712854
Machine Learning (ML) Engineer,0.85,0.8194651927691912
Database Administrator (DBA),0.85,0.8194484460291943
Mechanical Engineer,0.85,0.8194208893964594
Database Administrator (DBA),0.816666667,0.8194044785199618
"Full Stack Developer (Python,React js)",0.85,0.8193985092734442
Intern (Generative AI Engineering - 2D/3D Image Generation),0.85,0.8193463279152771
Machine Learning (ML) Engineer,0.85,0.8193060766011898
AI Engineer,0.85,0.8192182335567307
"Full Stack Developer (Python,React js)",0.85,0.8191665657190594
Database Administrator (DBA),0.85,0.8191518284095016
Executive/ Sr. Executive -IT,0.85,0.8191482624343314
Database Administrator (DBA),0.85,0.8190478743549698
Machine Learning (ML) Engineer,0.85,0.8190217955562596
Database Administrator (DBA),0.85,0.8189824302668877
Senior Software Engineer,0.85,0.8189710225594934
Executive - VAT,0.85,0.8189491836427196
"System Administrator (Operation & Maintenance of Server, Storage & Service Desk System)",0.85,0.8189468344215418
AI Engineer,0.85,0.8189313409106466
Intern (Generative AI Engineering - 2D/3D Image Generation),0.85,0.8189154811459144
Sr.Officer / Executive - Internal Audit,0.85,0.8188844886116116
Executive/ Sr. Executive -IT,0.826666667,0.8188609879179372
"Full Stack Developer (Python,React js)",0.85,0.8187807050305581
"Manager- Human Resource Management (HRM)
",0.793333333,0.8187386749538349
Intern (Generative AI Engineering - 2D/3D Image Generation),0.85,0.8187355450008499
AI Engineer,0.916666667,0.8186529973551067
Database Administrator (DBA),0.85,0.8185931153442906
Senior Software Engineer,0.85,0.8185920998488226
Machine Learning (ML) Engineer,0.85,0.8185523919143696
Intern (Generative AI Engineering - 2D/3D Image Generation),0.85,0.8185198967221451
Executive/ Sr. Executive -IT,0.85,0.8184828913278213
Management Trainee - Mechanical,0.85,0.8184590102922302
Intern (Generative AI Engineering - 2D/3D Image Generation),0.85,0.8184430110793609
Intern (Generative AI Engineering - 2D/3D Image Generation),0.783333333,0.8183950548618382
"Manager- Human Resource Management (HRM)
",0.85,0.8183918643734636
Database Administrator (DBA),0.85,0.8183488880905384
"Executive/ Senior Executive- Trade Marketing, Hygiene Products",0.826666667,0.8183374541253791
"Manager- Human Resource Management (HRM)
",0.816666667,0.8182856513616517
Database Administrator (DBA),0.716666667,0.8182807461481367
Database Administrator (DBA),0.783333333,0.8182778663092573
Sr.Officer / Executive - Internal Audit,0.816666667,0.8181948995313132
Network Support Engineer,0.85,0.8181648520612281
Machine Learning (ML) Engineer,0.85,0.8181556485969241
"Executive/ Senior Executive- Trade Marketing, Hygiene Products",0.85,0.8181444964721778
Machine Learning (ML) Engineer,0.85,0.8181382093445719
Machine Learning (ML) Engineer,0.85,0.8181254250543581
Intern (Generative AI Engineering - 2D/3D Image Generation),0.85,0.8181230399790903
Head of Internal Control & Compliance (ICC) - SEVP/DMD,0.936666667,0.8180507154452669
Senior iOS Engineer,0.826666667,0.8180286051381586
"Executive/ Senior Executive- Trade Marketing, Hygiene Products",0.85,0.8180007811653516
Database Administrator (DBA),0.85,0.8178369094638468
"Executive/ Senior Executive- Trade Marketing, Hygiene Products",0.85,0.8178204873457323
Intern (Generative AI Engineering - 2D/3D Image Generation),0.85,0.8177742278905284
Asst. Manager/ Manger (Administrative),0.85,0.8177728331875707
Mechanical Designer,0.85,0.817708277388153
"Full Stack Developer (Python,React js)",0.85,0.8176660861394203
Machine Learning (ML) Engineer,0.85,0.8176539192325601
Machine Learning (ML) Engineer,0.85,0.817505532772746
"Full Stack Developer (Python,React js)",0.85,0.817260339080896
Machine Learning (ML) Engineer,0.85,0.8172573528494174
"Executive/ Senior Executive- Trade Marketing, Hygiene Products",0.85,0.8172462093843632
Asst. Manager/ Manger (Administrative),0.816666667,0.8172313435491296
"Executive/ Senior Executive- Trade Marketing, Hygiene Products",0.85,0.8172213949030487
"Manager- Human Resource Management (HRM)
",0.85,0.817196995049766
Machine Learning (ML) Engineer,0.893333333,0.817118348321717
"Manager- Human Resource Management (HRM)
",0.85,0.8170754590386101
Database Administrator (DBA),0.85,0.817018978918518
AI Engineer,0.85,0.8169889496606815
Database Administrator (DBA),0.816666667,0.8169705368420743
"Manager- Human Resource Management (HRM)
",0.85,0.8169406835552486
Database Administrator (DBA),0.85,0.8168611070568778
Network Support Engineer,0.85,0.816832610786522
"System Administrator (Operation & Maintenance of Server, Storage & Service Desk System)",0.85,0.8168275528129919
Network Support Engineer,0.85,0.8168207694851929
Intern (Generative AI Engineering - 2D/3D Image Generation),0.85,0.8166610104192095
Senior iOS Engineer,0.85,0.8166225189407436
Machine Learning (ML) Engineer,0.826666667,0.816507002153239
Sr.Officer / Executive - Internal Audit,0.85,0.81646841347369
Executive/ Sr. Executive -IT,0.85,0.816448935161022
Network Support Engineer,0.85,0.8162919527602825
Database Administrator (DBA),0.826666667,0.8162772551929933
Machine Learning (ML) Engineer,0.683333333,0.8161819500998821
Intern (Generative AI Engineering - 2D/3D Image Generation),0.85,0.8161543679764551
AI Engineer,0.85,0.8161187991121897
"Manager- Human Resource Management (HRM)
",0.85,0.8161077729363014
Senior iOS Engineer,0.85,0.8160618876020878
"Executive/ Senior Executive- Trade Marketing, Hygiene Products",0.85,0.8160270403476884
Executive - VAT,0.936666667,0.8159809548447454
Database Administrator (DBA),0.85,0.8159653018482685
Database Administrator (DBA),0.824555333,0.8158996230629879
Mechanical Engineer,0.85,0.8158723278463796
Machine Learning (ML) Engineer,0.85,0.815868437492481
"System Administrator (Operation & Maintenance of Server, Storage & Service Desk System)",0.85,0.8158654602802616
Database Administrator (DBA),0.85,0.8158355617598161
Machine Learning (ML) Engineer,0.783333333,0.8158075606162202
Database Administrator (DBA),0.85,0.815801630847829
AI Engineer,0.85,0.8157851864715482
Database Administrator (DBA),0.716666667,0.8157748846094103
"System Administrator (Operation & Maintenance of Server, Storage & Service Desk System)",0.85,0.8157005237400642
Database Administrator (DBA),0.85,0.8156293761757722
Senior iOS Engineer,0.85,0.8156244800986053
Database Administrator (DBA),0.816666667,0.8155904725887592
Database Administrator (DBA),0.716666667,0.8155887985553189
"Full Stack Developer (Python,React js)",0.85,0.8155449289766045
"Executive/ Senior Executive- Trade Marketing, Hygiene Products",0.85,0.8155336120265166
Machine Learning (ML) Engineer,0.816666667,0.8155316465171515
Machine Learning (ML) Engineer,0.85,0.8155242254105228
"Manager- Human Resource Management (HRM)
",0.793333333,0.8155121930687206
Management Trainee - Mechanical,0.873333333,0.8154905660787386
Machine Learning (ML) Engineer,0.793333333,0.8154400645310058
"Manager- Human Resource Management (HRM)
",0.85,0.815380518575275
Database Administrator (DBA),0.85,0.8152985051143623
Asst. Manager/ Manger (Administrative),0.926666667,0.8152916721055492
Machine Learning (ML) Engineer,0.85,0.8151950277022156
"Executive/ Senior Executive- Trade Marketing, Hygiene Products",0.85,0.815182376407664
Asst. Manager/ Manger (Administrative),0.85,0.8150948336965755
Head of Internal Control & Compliance (ICC) - SEVP/DMD,0.85,0.8150904894698411
Machine Learning (ML) Engineer,0.85,0.8150794428721572
"Manager- Human Resource Management (HRM)
",0.85,0.8150690521561565
Network Support Engineer,0.85,0.8150570370444505
Machine Learning (ML) Engineer,0.816666667,0.8150439624784933
Database Administrator (DBA),0.85,0.8150161775944098
Intern (Generative AI Engineering - 2D/3D Image Generation),0.783333333,0.8149279186803384
Database Administrator (DBA),0.826666667,0.8149271476587044
Senior Software Engineer,0.85,0.8148675614937605
Intern (Generative AI Engineering - 2D/3D Image Generation),0.85,0.8148272911755245
"Executive/ Senior Executive- Trade Marketing, Hygiene Products",0.883333333,0.8147678626348015
AI Engineer,0.85,0.8147560576317038
Head of Internal Control & Compliance (ICC) - SEVP/DMD,0.85,0.814682060940262
"Executive/ Senior Executive- Trade Marketing, Hygiene Products",0.85,0.8146270589745606
Head of Internal Control & Compliance (ICC) - SEVP/DMD,0.85,0.8146105184884547
"Manager- Human Resource Management (HRM)
",0.85,0.8145864497846448
"Full Stack Developer (Python,React js)",0.85,0.8145510400121656
Intern (Generative AI Engineering - 2D/3D Image Generation),0.85,0.8144899390150153
"Full Stack Developer (Python,React js)",0.85,0.8144691506825172
Intern (Generative AI Engineering - 2D/3D Image Generation),0.816666667,0.814447650815787
AI Engineer,0.906666667,0.8143751997334149
"Manager- Human Resource Management (HRM)
",0.826666667,0.8143259699814575
Asst. Manager/ Manger (Administrative),0.816666667,0.8142920499036201
Asst. Manager/ Manger (Administrative),0.826666667,0.8141860061634045
Database Administrator (DBA),0.85,0.8140534101378242
Database Administrator (DBA),0.65,0.8140524955969507
Senior Software Engineer,0.85,0.814043276886523
Machine Learning (ML) Engineer,0.816666667,0.8140263749357427
Executive - VAT,0.85,0.8140050114513724
AI Engineer,0.783333333,0.8139890847616283
Database Administrator (DBA),0.85,0.8139853847169649
Intern (Generative AI Engineering - 2D/3D Image Generation),0.883333333,0.8139711253618422
Database Administrator (DBA),0.85,0.813962508055303
Database Administrator (DBA),0.85,0.8139584466071826
Asst. Manager/ Manger (Administrative),0.816666667,0.8139554083016498
Machine Learning (ML) Engineer,0.85,0.8139181529788877
Machine Learning (ML) Engineer,0.85,0.8139175054577694
"Full Stack Developer (Python,React js)",0.85,0.8139023534641655
AI Engineer,0.75,0.8138974271032582
"Manager- Human Resource Management (HRM)
",0.826666667,0.8138776062835218
Executive/ Sr. Executive -IT,0.816666667,0.8138731630674515
AI Engineer,0.883333333,0.8138694320765512
Database Administrator (DBA),0.85,0.8137598395111777
Intern (Generative AI Engineering - 2D/3D Image Generation),0.873333333,0.8136801458904453
Sr.Officer / Executive - Internal Audit,0.85,0.8136376798693378
Mechanical Engineer,0.85,0.8136240344004054
Senior iOS Engineer,0.85,0.813612080204223
Database Administrator (DBA),0.873333333,0.8135697561124374
Intern (Generative AI Engineering - 2D/3D Image Generation),0.85,0.8135695263089436
Asst. Manager/ Manger (Administrative),0.783333333,0.8135561775812414
Asst. Manager/ Manger (Administrative),0.85,0.8134697530902292
Intern (Generative AI Engineering - 2D/3D Image Generation),0.874666667,0.8134514206989002
Machine Learning (ML) Engineer,0.783333333,0.8134366037453807
Intern (Generative AI Engineering - 2D/3D Image Generation),0.75,0.813400429079732
Database Administrator (DBA),0.783333333,0.8133741780875953
Intern (Generative AI Engineering - 2D/3D Image Generation),0.85,0.8133601842474826
"Executive/ Senior Executive- Trade Marketing, Hygiene Products",0.76,0.8133276824285934
AI Engineer,0.85,0.8132684538649199
"Full Stack Developer (Python,React js)",0.85,0.8132348687176009
Network Support Engineer,0.85,0.8132107928492998
Machine Learning (ML) Engineer,0.85,0.813206202706825
AI Engineer,0.816666667,0.8131391623232149
Network Support Engineer,0.85,0.8131042169949203
Mechanical Engineer,0.85,0.8130654835457475
"Full Stack Developer (Python,React js)",0.85,0.8130515546851121
HR Officer,0.85,0.812979164788474
Senior iOS Engineer,0.916666667,0.8129733450177575
"Full Stack Developer (Python,React js)",0.85,0.8129544644958755
Sr.Officer / Executive - Internal Audit,0.85,0.8129329774331534
"System Administrator (Operation & Maintenance of Server, Storage & Service Desk System)",0.793333333,0.8129240579865123
Sr.Officer / Executive - Internal Audit,0.85,0.8129030924795435
AI Engineer,0.85,0.8128636663786479
Machine Learning (ML) Engineer,0.85,0.8128486613811368
Database Administrator (DBA),0.826666667,0.8128245661910678
Asst. Manager/ Manger (Administrative),0.85,0.8128048434533536
Database Administrator (DBA),0.85,0.812797334857653
Asst. Manager/ Manger (Administrative),0.816666667,0.8127531083305647
"Executive/ Senior Executive- Trade Marketing, Hygiene Products",0.85,0.8127329282122595
"Full Stack Developer (Python,React js)",0.85,0.8126841813940637
Machine Learning (ML) Engineer,0.85,0.8126711123477626
Senior iOS Engineer,0.85,0.8126340297545164
"Manager- Human Resource Management (HRM)
",0.85,0.8125845398218744
Executive - VAT,0.85,0.8125375159278615
Database Administrator (DBA),0.85,0.812506286926825
Database Administrator (DBA),0.816666667,0.8125021555136005
Database Administrator (DBA),0.803333333,0.8124852917649702
Database Administrator (DBA),0.85,0.8124724946340703
Database Administrator (DBA),0.85,0.8124398861918962
"Manager- Human Resource Management (HRM)
",0.816666667,0.8123534857267232
"Manager- Human Resource Management (HRM)
",0.783333333,0.8123335106681979
Machine Learning (ML) Engineer,0.816666667,0.8122365802898136
AI Engineer,0.85,0.8122055671668131
Machine Learning (ML) Engineer,0.683333333,0.8121877130054042
"Manager- Human Resource Management (HRM)
",0.85,0.8121598371432452
Asst. Manager/ Manger (Administrative),0.816666667,0.8121161741301085
Executive/ Sr. Executive -IT,0.85,0.8120474129675646
Network Support Engineer,0.85,0.8119991811347986
"System Administrator (Operation & Maintenance of Server, Storage & Service Desk System)",0.85,0.8119550693255048
Sr.Officer / Executive - Internal Audit,0.85,0.8118886540131539
Machine Learning (ML) Engineer,0.85,0.8118630220422407
Executive/ Sr. Executive -IT,0.85,0.8118450764310466
Management Trainee - Mechanical,0.85,0.8118238164879044
"Executive/ Senior Executive- Trade Marketing, Hygiene Products",0.85,0.8118022195471116
Senior Software Engineer,0.85,0.8117641319866188
Senior iOS Engineer,0.85,0.8117640955806114
Sr.Officer / Executive - Internal Audit,0.816666667,0.811742494598809
Executive - VAT,0.803333333,0.811696854222495
Intern (Generative AI Engineering - 2D/3D Image Generation),0.816666667,0.8116779632805272
"Full Stack Developer (Python,React js)",0.95,0.8116551782758442
Management Trainee - Mechanical,0.85,0.8116438738100255
AI Engineer,0.85,0.8116281470616208
Executive - VAT,0.85,0.81161762780084
Database Administrator (DBA),0.826666667,0.8115636238723373
Network Support Engineer,0.85,0.8115418828323074
Database Administrator (DBA),0.85,0.8115283179332505
Database Administrator (DBA),0.85,0.8115205328611371
AI Engineer,0.85,0.8114422127045761
Network Support Engineer,0.816666667,0.8114273545575837
Executive/ Sr. Executive -IT,0.85,0.8114131737289327
Machine Learning (ML) Engineer,0.816666667,0.8113864704185845
Project Coordinator (Civil),0.85,0.8113125957375513
Database Administrator (DBA),0.816666667,0.811254115973836
"System Administrator (Operation & Maintenance of Server, Storage & Service Desk System)",0.85,0.8112471585616234
Sr.Officer / Executive - Internal Audit,0.85,0.811247001547426
Senior iOS Engineer,0.85,0.811183142572201
AI Engineer,0.85,0.8111607070497656
Intern (Generative AI Engineering - 2D/3D Image Generation),0.85,0.8111268498316335
Database Administrator (DBA),0.85,0.8109950548751631
Machine Learning (ML) Engineer,0.85,0.8109430781207201
Machine Learning (ML) Engineer,0.85,0.8109248718121548
Machine Learning (ML) Engineer,0.85,0.8109212519180948
Database Administrator (DBA),0.793333333,0.8109005294591514
Data Science Engineer,0.85,0.8108212194213696
Intern (Generative AI Engineering - 2D/3D Image Generation),0.85,0.8108173074079155
AI Engineer,0.85,0.8107508155358106
Mechanical Engineer,0.816666667,0.8107026602433495
Senior Software Engineer,0.85,0.8106600133418703
Intern (Generative AI Engineering - 2D/3D Image Generation),0.85,0.8105809890329829
Intern (Generative AI Engineering - 2D/3D Image Generation),0.826666667,0.8105351173154983
Management Trainee - Mechanical,0.85,0.8105137416579201
Database Administrator (DBA),0.726666667,0.8104525510398417
Network Support Engineer,0.85,0.8104066119242108
Database Administrator (DBA),0.816666667,0.8103967070604565
Management Trainee - Mechanical,0.85,0.8103469556830296
Machine Learning (ML) Engineer,0.85,0.8103332349691822
"Full Stack Developer (Python,React js)",0.85,0.810330671967049
"Manager- Human Resource Management (HRM)
",0.85,0.8103066958765297
Asst. Manager/ Manger (Administrative),0.793333333,0.8103000620747675
Database Administrator (DBA),0.793333333,0.8102964149997557
Machine Learning (ML) Engineer,0.783333333,0.810231796157177
Senior Software Engineer,0.85,0.8102054029821416
Machine Learning (ML) Engineer,0.75,0.8102017887693821
Senior iOS Engineer,0.85,0.810095690040528
"Executive/ Senior Executive- Trade Marketing, Hygiene Products",0.816666667,0.8100799978514248
Machine Learning (ML) Engineer,0.826666667,0.810059195511636
Database Administrator (DBA),0.826666667,0.8100013842088538
Database Administrator (DBA),0.85,0.8099775947783205
Machine Learning (ML) Engineer,0.85,0.8099422001323325
Database Administrator (DBA),0.826666667,0.8099090799565096
"Full Stack Developer (Python,React js)",0.85,0.8098971921090893
AI Engineer,0.85,0.809884941101778
Database Administrator (DBA),0.85,0.80987390645477
Machine Learning (ML) Engineer,0.85,0.8098513261740453
Senior iOS Engineer,0.85,0.8098482606552945
Executive/ Sr. Executive -IT,0.85,0.8097786279485054
Machine Learning (ML) Engineer,0.943333333,0.8097461621659925
Senior iOS Engineer,0.85,0.8097391289391547
"Full Stack Developer (Python,React js)",0.936666667,0.8096851438320304
Senior iOS Engineer,0.85,0.8095833821019182
"Manager- Human Resource Management (HRM)
",0.85,0.8095787510075548
HR Officer,0.783333333,0.8095501842917746
Intern (Generative AI Engineering - 2D/3D Image Generation),0.85,0.8095466076143573
Intern (Generative AI Engineering - 2D/3D Image Generation),0.683333333,0.8095348238275365
Executive/ Sr. Executive -IT,0.85,0.8094514303052356
Database Administrator (DBA),0.85,0.8094235866172823
Senior Software Engineer,0.85,0.8094207818966141
AI Engineer,0.85,0.8093991630493673
Management Trainee - Mechanical,0.85,0.8093990177579613
Intern (Generative AI Engineering - 2D/3D Image Generation),0.763,0.8093763997715128
Database Administrator (DBA),0.816666667,0.8093600994688754
Management Trainee - Mechanical,0.85,0.8092726674420173
AI Engineer,0.85,0.8092319693941687
Machine Learning (ML) Engineer,0.85,0.8092240229209645
Database Administrator (DBA),0.85,0.8091996662772261
Asst. Manager/ Manger (Administrative),0.85,0.8091945051814412
"Manager- Human Resource Management (HRM)
",0.85,0.809144760255189
Database Administrator (DBA),0.85,0.8091310853636615
Network Support Engineer,0.85,0.8091052793256349
"Full Stack Developer (Python,React js)",0.85,0.8090844277800298
"System Administrator (Operation & Maintenance of Server, Storage & Service Desk System)",0.883333333,0.8090838075222533
Management Trainee - Mechanical,0.85,0.8090577253024821
"Executive/ Senior Executive- Trade Marketing, Hygiene Products",0.65,0.8090026730942549
Senior iOS Engineer,0.85,0.8089584580497089
Intern (Generative AI Engineering - 2D/3D Image Generation),0.85,0.8088941247160133
Network Support Engineer,0.85,0.8088104403108218
"Executive/ Senior Executive- Trade Marketing, Hygiene Products",0.85,0.8087633229291852
"Full Stack Developer (Python,React js)",0.85,0.8087292188429153
Database Administrator (DBA),0.85,0.8087281201673139
Asst. Manager/ Manger (Administrative),0.85,0.8087082099987853
Database Administrator (DBA),0.85,0.8087049678895896
"System Administrator (Operation & Maintenance of Server, Storage & Service Desk System)",0.816666667,0.808666897000331
Network Support Engineer,0.85,0.808641754786207
Machine Learning (ML) Engineer,0.816666667,0.8085926573094439
Asst. Manager/ Manger (Administrative),0.796333333,0.8085004534294129
Database Administrator (DBA),0.816666667,0.8084413245327906
Database Administrator (DBA),0.793333333,0.8084201003645113
Intern (Generative AI Engineering - 2D/3D Image Generation),0.783333333,0.8084190439735397
Intern (Generative AI Engineering - 2D/3D Image Generation),0.85,0.8082434744097106
Executive - VAT,0.85,0.8082280108578728
Executive - VAT,0.816666667,0.8080513762937814
Machine Learning (ML) Engineer,0.85,0.8080501906138293
Intern (Generative AI Engineering - 2D/3D Image Generation),0.826666667,0.8080409738002339
Machine Learning (ML) Engineer,0.85,0.8080061123719513
Database Administrator (DBA),0.85,0.8080060898750409
Network Support Engineer,0.906666667,0.8079590487356879
"Full Stack Developer (Python,React js)",0.883333333,0.8079321268718946
Machine Learning (ML) Engineer,0.85,0.8078488503118963
Asst. Manager/ Manger (Administrative),0.826666667,0.8078420560615397
Machine Learning (ML) Engineer,0.816666667,0.8078294353904468
Machine Learning (ML) Engineer,0.85,0.8077606246673585
Management Trainee - Mechanical,0.876666667,0.807702979844649
AI Engineer,0.85,0.8076940250307684
AI Engineer,0.85,0.8076439053715344
"Executive/ Senior Executive- Trade Marketing, Hygiene Products",0.85,0.8076318176241197
Machine Learning (ML) Engineer,0.793333333,0.8076201422956534
AI Engineer,0.85,0.8075526956074126
Database Administrator (DBA),0.783333333,0.8074772704163438
Network Support Engineer,0.85,0.8074755469877143
Machine Learning (ML) Engineer,0.85,0.8074745433073881
Executive/ Sr. Executive -IT,0.85,0.8073512606476408
Executive - VAT,0.85,0.8073454743721546
"System Administrator (Operation & Maintenance of Server, Storage & Service Desk System)",0.85,0.8072413966253241
AI Engineer,0.85,0.8071589538802927
"Full Stack Developer (Python,React js)",0.883333333,0.8070637710667528
Intern (Generative AI Engineering - 2D/3D Image Generation),0.683333333,0.807049808161063
Senior Software Engineer,0.85,0.8070489396229419
"System Administrator (Operation & Maintenance of Server, Storage & Service Desk System)",0.85,0.8070446473769548
Machine Learning (ML) Engineer,0.93,0.8070398236597697
Sr.Officer / Executive - Internal Audit,0.85,0.8070087661987199
Asst. Manager/ Manger (Administrative),0.816666667,0.8069959392746803
Machine Learning (ML) Engineer,0.85,0.8069947264879903
Network Support Engineer,0.816666667,0.8068428299514547
"System Administrator (Operation & Maintenance of Server, Storage & Service Desk System)",0.793333333,0.8068156290049353
AI Engineer,0.816666667,0.8068101734221078
Machine Learning (ML) Engineer,0.783333333,0.8068093538485477
Database Administrator (DBA),0.816666667,0.8067815303602859
Mechanical Engineer,0.826666667,0.8067470049158193
Database Administrator (DBA),0.826666667,0.8067380515424755
Network Support Engineer,0.85,0.8066936957659455
"System Administrator (Operation & Maintenance of Server, Storage & Service Desk System)",0.826666667,0.8066902488545273
AI Engineer,0.826666667,0.8066636149343643
Machine Learning (ML) Engineer,0.85,0.8066515415650005
Sr.Officer / Executive - Internal Audit,0.85,0.8066376253331902
"System Administrator (Operation & Maintenance of Server, Storage & Service Desk System)",0.85,0.8066155229936325
"Full Stack Developer (Python,React js)",0.916666667,0.8065703131414301
Senior iOS Engineer,0.916666667,0.8065559434429243
Asst. Manager/ Manger (Administrative),0.85,0.8065224050355817
Machine Learning (ML) Engineer,0.816666667,0.8064898560555142
Database Administrator (DBA),0.806666667,0.8064596143740511
Database Administrator (DBA),0.85,0.8064505180393925
Senior iOS Engineer,0.85,0.806444360431683
Machine Learning (ML) Engineer,0.85,0.8063979137377458
Senior Software Engineer,0.883333333,0.8063962098101058
Asst. Manager/ Manger (Administrative),0.826666667,0.8063920934609871
AI Engineer,0.85,0.8062997106522722
Executive - VAT,0.85,0.8062336736044576
"Executive/ Senior Executive- Trade Marketing, Hygiene Products",0.816666667,0.8062195368759775
"Executive/ Senior Executive- Trade Marketing, Hygiene Products",0.85,0.806168078812567
Senior iOS Engineer,0.85,0.806147335418517
Network Support Engineer,0.916666667,0.806107853880288
Network Support Engineer,0.85,0.8060980330719881
Asst. Manager/ Manger (Administrative),0.916666667,0.8060974002601826
Database Administrator (DBA),0.85,0.8060963385382508
Management Trainee - Mechanical,0.85,0.8060263794996676
AI Engineer,0.85,0.8060110155388074
"Full Stack Developer (Python,React js)",0.85,0.8059948716516494
Senior Software Engineer,0.85,0.8059562075287112
Machine Learning (ML) Engineer,0.85,0.8059075791082263
Intern (Generative AI Engineering - 2D/3D Image Generation),0.816666667,0.805834641616439
Project Coordinator (Civil),0.85,0.8057959328291272
Executive/ Sr. Executive -IT,0.826666667,0.8055080675074995
"Full Stack Developer (Python,React js)",0.85,0.8053694654320209
"Executive/ Senior Executive- Trade Marketing, Hygiene Products",0.816666667,0.805350275785456
Network Support Engineer,0.85,0.8052849639430615
Database Administrator (DBA),0.816666667,0.8052435145888676
Mechanical Engineer,0.816666667,0.8052038436811927
Sr.Officer / Executive - Internal Audit,0.85,0.8051911562500222
Senior iOS Engineer,0.85,0.8051898007636861
AI Engineer,0.75,0.8051709988673491
Database Administrator (DBA),0.783333333,0.8051537038203589
HR Officer,0.85,0.8051480177879565
Network Support Engineer,0.85,0.8051449596257654
Network Support Engineer,0.793333333,0.8051438973496061
Machine Learning (ML) Engineer,0.85,0.8051438858817109
Management Trainee - Mechanical,0.85,0.8051248557343472
Network Support Engineer,0.85,0.8050906684569394
Database Administrator (DBA),0.85,0.8050849740314703
"Manager- Human Resource Management (HRM)
",0.85,0.8050460471172588
Senior iOS Engineer,0.85,0.804969819093359
"Executive/ Senior Executive- Trade Marketing, Hygiene Products",0.85,0.8049435236639385
Network Support Engineer,0.85,0.8049420001828226
Asst. Manager/ Manger (Administrative),0.873333333,0.8048369674917948
Management Trainee - Mechanical,0.783333333,0.804810653273501
Database Administrator (DBA),0.816666667,0.8047951540028234
AI Engineer,0.85,0.8047132700312173
"Full Stack Developer (Python,React js)",0.85,0.8046909389801039
"System Administrator (Operation & Maintenance of Server, Storage & Service Desk System)",0.85,0.8046709345442739
Intern (Generative AI Engineering - 2D/3D Image Generation),0.783333333,0.804646199333411
"System Administrator (Operation & Maintenance of Server, Storage & Service Desk System)",0.85,0.8046447077146649
Executive - VAT,0.85,0.8046391614788497
Machine Learning (ML) Engineer,0.816666667,0.804632430739458
Asst. Manager/ Manger (Administrative),0.793333333,0.8045479501888578
Database Administrator (DBA),0.793333333,0.8045316032464431
Machine Learning (ML) Engineer,0.906666667,0.8045045440217149
Database Administrator (DBA),0.783333333,0.8044927907140643
"System Administrator (Operation & Maintenance of Server, Storage & Service Desk System)",0.816666667,0.8044910659427598
Machine Learning (ML) Engineer,0.85,0.8044816150539943
Senior Software Engineer,0.826666667,0.8044025631840296
Machine Learning (ML) Engineer,0.85,0.804386028481581
"Full Stack Developer (Python,React js)",0.85,0.804271929478981
Intern (Generative AI Engineering - 2D/3D Image Generation),0.816666667,0.8042592132708092
Intern (Generative AI Engineering - 2D/3D Image Generation),0.85,0.8042374470298035
Asst. Manager/ Manger (Administrative),0.828333333,0.8042114114397025
"Executive/ Senior Executive- Trade Marketing, Hygiene Products",0.693333333,0.8042060472336355
"Manager- Human Resource Management (HRM)
",0.793333333,0.8041767319561341
Machine Learning (ML) Engineer,0.85,0.8040942454867339
"Full Stack Developer (Python,React js)",0.85,0.8040421348218812
AI Engineer,0.85,0.8040360196815435
AI Engineer,0.85,0.8040232563959314
AI Engineer,0.85,0.8040120931675371
Senior Software Engineer,0.85,0.8039904759727172
Database Administrator (DBA),0.85,0.8039295940077522
Intern (Generative AI Engineering - 2D/3D Image Generation),0.85,0.8039266624550528
"System Administrator (Operation & Maintenance of Server, Storage & Service Desk System)",0.85,0.8038608417690193
Database Administrator (DBA),0.85,0.8037755889027132
Asst. Manager/ Manger (Administrative),0.826666667,0.8036854667754986
Head of Internal Control & Compliance (ICC) - SEVP/DMD,0.883333333,0.8036280315358775
"Full Stack Developer (Python,React js)",0.85,0.8036269991413425
Network Support Engineer,0.85,0.8035761828799652
Data Science Engineer,0.793333333,0.8035481321288719
Machine Learning (ML) Engineer,0.85,0.8035235859100158
"Executive/ Senior Executive- Trade Marketing, Hygiene Products",0.85,0.803511606351522
Network Support Engineer,0.85,0.8034457405270242
Network Support Engineer,0.826666667,0.8034204520132522
Mechanical Engineer,0.85,0.8034001759009409
Machine Learning (ML) Engineer,0.85,0.8033168656095937
Database Administrator (DBA),0.85,0.8032785412005196
"Full Stack Developer (Python,React js)",0.85,0.8032769701417637
Head of Internal Control & Compliance (ICC) - SEVP/DMD,0.85,0.8032663119037746
Database Administrator (DBA),0.793333333,0.8031777772679654
"System Administrator (Operation & Maintenance of Server, Storage & Service Desk System)",0.85,0.8031238980498079
Data Science Engineer,0.85,0.8030868568542481
Management Trainee - Mechanical,0.816666667,0.8030856161413773
Intern (Generative AI Engineering - 2D/3D Image Generation),0.85,0.8030710304442874
Management Trainee - Mechanical,0.85,0.8030289424436813
Database Administrator (DBA),0.816666667,0.8029934537396174
"Full Stack Developer (Python,React js)",0.85,0.8029440340675352
AI Engineer,0.816666667,0.802808493448523
Database Administrator (DBA),0.816666667,0.802796808189965
AI Engineer,0.85,0.8027794396795918
"System Administrator (Operation & Maintenance of Server, Storage & Service Desk System)",0.85,0.8027575997249128
Executive - VAT,0.85,0.8027495573472007
AI Engineer,0.816666667,0.8027376298960109
Machine Learning (ML) Engineer,0.85,0.802689302819836
Database Administrator (DBA),0.76,0.8026844246148966
Asst. Manager/ Manger (Administrative),0.806333333,0.802644773008964
Machine Learning (ML) Engineer,0.85,0.8026400910051561
Database Administrator (DBA),0.816666667,0.8026118007910965
"Executive/ Senior Executive- Trade Marketing, Hygiene Products",0.816666667,0.8026078526507255
Machine Learning (ML) Engineer,0.85,0.8025765661202049
Mechanical Engineer,0.816666667,0.8025351076964494
Mechanical Engineer,0.826666667,0.8024965319485511
Intern (Generative AI Engineering - 2D/3D Image Generation),0.826666667,0.8024304574554681
"Executive/ Senior Executive- Trade Marketing, Hygiene Products",0.85,0.8024201479640112
Management Trainee - Mechanical,0.873333333,0.802386106823128
Senior iOS Engineer,0.85,0.80228829788876
Database Administrator (DBA),0.85,0.8022622386681325
AI Engineer,0.85,0.8022378345773817
Asst. Manager/ Manger (Administrative),0.816666667,0.802229321043384
"Executive/ Senior Executive- Trade Marketing, Hygiene Products",0.85,0.8021952510931197
"Full Stack Developer (Python,React js)",0.85,0.80219010699977
Data Science Engineer,0.85,0.8021642145502308
Senior iOS Engineer,0.85,0.8021226475473743
Asst. Manager/ Manger (Administrative),0.85,0.802108338873976
Machine Learning (ML) Engineer,0.826666667,0.8020793975749555
AI Engineer,0.85,0.8020533200167749
Mechanical Engineer,0.803333333,0.8019442247660148
"Executive/ Senior Executive- Trade Marketing, Hygiene Products",0.826666667,0.8019172449692311
Executive - VAT,0.85,0.8018980248874598
Sr.Officer / Executive - Internal Audit,0.876666667,0.8018617436215552
Machine Learning (ML) Engineer,0.816666667,0.8018462388229387
AI Engineer,0.85,0.8017787880898661
"Executive/ Senior Executive- Trade Marketing, Hygiene Products",0.85,0.801771704384144
Senior iOS Engineer,0.85,0.8017702603972433
AI Engineer,0.883333333,0.8017667421103106
Asst. Manager/ Manger (Administrative),0.783333333,0.8017609455500389
Senior iOS Engineer,0.85,0.8017266202912691
Database Administrator (DBA),0.85,0.8017252270096278
Mechanical Engineer,0.85,0.801705287489219
Management Trainee - Mechanical,0.816666667,0.8015917355944686
Management Trainee - Mechanical,0.85,0.8015240569572183
Senior iOS Engineer,0.916666667,0.8014853490636704
Asst. Manager/ Manger (Administrative),0.816666667,0.8014564950098899
"Executive/ Senior Executive- Trade Marketing, Hygiene Products",0.816666,0.8014324543033146
Head of Internal Control & Compliance (ICC) - SEVP/DMD,0.893333333,0.8013881430772917
Executive - VAT,0.816666667,0.8013624387171459
Database Administrator (DBA),0.816666667,0.8013075744789496
Database Administrator (DBA),0.783333333,0.8012116638024284
"Full Stack Developer (Python,React js)",0.85,0.80117276801006
"System Administrator (Operation & Maintenance of Server, Storage & Service Desk System)",0.85,0.8011656282448621
Machine Learning (ML) Engineer,0.85,0.8011009716837076
"Manager- Human Resource Management (HRM)
",0.85,0.8010834143717112
Head of Internal Control & Compliance (ICC) - SEVP/DMD,0.85,0.8010719030286627
Asst. Manager/ Manger (Administrative),0.793333333,0.8010560168516907
"Full Stack Developer (Python,React js)",0.85,0.8010527859556781
Database Administrator (DBA),0.783333333,0.8009345145935034
Machine Learning (ML) Engineer,0.783333333,0.8009080229655178
Database Administrator (DBA),0.85,0.8008914418763482
Machine Learning (ML) Engineer,0.85,0.8008691566902245
Machine Learning (ML) Engineer,0.85,0.8008186702433341
"Full Stack Developer (Python,React js)",0.85,0.8007997378210066
Database Administrator (DBA),0.783333333,0.8007919794073449
Senior iOS Engineer,0.783333333,0.8007787979606555
"Full Stack Developer (Python,React js)",0.85,0.8007786076487735
Database Administrator (DBA),0.85,0.8007733103800778
Database Administrator (DBA),0.793333333,0.8007604786302803
Executive/ Sr. Executive -IT,0.85,0.8007450031873797
Machine Learning (ML) Engineer,0.683333333,0.8007045937656037
AI Engineer,0.783333333,0.8006688976282799
Senior iOS Engineer,0.683333,0.8006648952687796
"Executive/ Senior Executive- Trade Marketing, Hygiene Products",0.716666667,0.8006285576958737
Network Support Engineer,0.85,0.800604210841416
Database Administrator (DBA),0.793333333,0.8005966074856862
"System Administrator (Operation & Maintenance of Server, Storage & Service Desk System)",0.816666667,0.800327091907048
Asst. Manager/ Manger (Administrative),0.926666667,0.8003151312035446
Database Administrator (DBA),0.75,0.8002939031906683
"Full Stack Developer (Python,React js)",0.85,0.8002915874136654
Database Administrator (DBA),0.85,0.800242494122573
Head of Internal Control & Compliance (ICC) - SEVP/DMD,0.936666667,0.8001792197683286
Mechanical Engineer,0.783333333,0.800131669771675
Network Support Engineer,0.85,0.8001258353442737
Management Trainee - Mechanical,0.85,0.8000676095678471
"System Administrator (Operation & Maintenance of Server, Storage & Service Desk System)",0.783333333,0.8000527614316829
Asst. Manager/ Manger (Administrative),0.85,0.8000337318111089
Network Support Engineer,0.826666667,0.8000297500651415
Network Support Engineer,0.826666667,0.7999042052304532
"System Administrator (Operation & Maintenance of Server, Storage & Service Desk System)",0.803333333,0.7998789700034408
Machine Learning (ML) Engineer,0.85,0.7998660786101401
Management Trainee - Mechanical,0.85,0.7998505884049524
Executive/ Sr. Executive -IT,0.816666667,0.7997413210108345
"System Administrator (Operation & Maintenance of Server, Storage & Service Desk System)",0.826666,0.7996124456107482
Senior iOS Engineer,0.85,0.7995692301421934
"Manager- Human Resource Management (HRM)
",0.85,0.7995426332776688
AI Engineer,0.816666667,0.7995265796198691
Management Trainee - Mechanical,0.85,0.799506535479319
"Executive/ Senior Executive- Trade Marketing, Hygiene Products",0.783333333,0.7994430449783391
AI Engineer,0.85,0.7994328160270943
Intern (Generative AI Engineering - 2D/3D Image Generation),0.716666667,0.7994275859230989
Management Trainee - Mechanical,0.85,0.7993735958150652
AI Engineer,0.816666667,0.7993718033531232
Executive/ Sr. Executive -IT,0.85,0.7993094280908949
Management Trainee - Mechanical,0.85,0.7991490615249714
"System Administrator (Operation & Maintenance of Server, Storage & Service Desk System)",0.85,0.7991162464697953
Senior iOS Engineer,0.85,0.7991152573215856
"Full Stack Developer (Python,React js)",0.85,0.799100565937998
Machine Learning (ML) Engineer,0.783333333,0.7990630467992511
"System Administrator (Operation & Maintenance of Server, Storage & Service Desk System)",0.85,0.7990574276873103
Senior iOS Engineer,0.873333333,0.7990471416237006
Data Engineer,0.895,0.7989747364428689
Asst. Manager/ Manger (Administrative),0.783333333,0.7989275065796932
"Full Stack Developer (Python,React js)",0.85,0.7989110074827426
Senior Software Engineer,0.85,0.7988909426522641
Intern (Generative AI Engineering - 2D/3D Image Generation),0.85,0.7988707636124943
Database Administrator (DBA),0.85,0.798721542460359
Mechanical Engineer,0.783333333,0.798692870025352
Senior iOS Engineer,0.85,0.798639607336079
Intern (Generative AI Engineering - 2D/3D Image Generation),0.85,0.7986292819341908
Intern (Generative AI Engineering - 2D/3D Image Generation),0.846666667,0.7986090993904535
"Executive/ Senior Executive- Trade Marketing, Hygiene Products",0.75,0.7985764977093087
Executive - VAT,0.816666667,0.798556546609138
Mechanical Engineer,0.826666667,0.798539066198166
Database Administrator (DBA),0.85,0.7985328120105586
Intern (Generative AI Engineering - 2D/3D Image Generation),0.783333333,0.798527556623716
Database Administrator (DBA),0.783333333,0.7985090776468483
"System Administrator (Operation & Maintenance of Server, Storage & Service Desk System)",0.826666667,0.7984689631070885
Senior iOS Engineer,0.85,0.7984580605825152
Database Administrator (DBA),0.783333333,0.7984512749157651
"System Administrator (Operation & Maintenance of Server, Storage & Service Desk System)",0.85,0.7984414826905044
Management Trainee - Mechanical,0.85,0.7984304610866386
Database Administrator (DBA),0.916666667,0.7984272366478816
"Full Stack Developer (Python,React js)",0.85,0.7984185992484525
"Executive/ Senior Executive- Trade Marketing, Hygiene Products",0.816666667,0.798400130309814
HR Officer,0.816666667,0.7983875293359864
Database Administrator (DBA),0.783333333,0.7983612718392612
Senior iOS Engineer,0.716666667,0.7983474020347257
Intern (Generative AI Engineering - 2D/3D Image Generation),0.816666667,0.7982541442518596
Executive/ Sr. Executive -IT,0.85,0.7982526868680657
Senior Software Engineer,0.85,0.7982146713604533
Database Administrator (DBA),0.826666667,0.7981550036013393
AI Engineer,0.783333333,0.7981472778643725
Database Administrator (DBA),0.783333333,0.7981297822177803
Management Trainee - Mechanical,0.816666667,0.7981289818940702
Database Administrator (DBA),0.793333333,0.7981124391148968
Machine Learning (ML) Engineer,0.85,0.7981052141295735
Machine Learning (ML) Engineer,0.85,0.7980141505754121
Executive/ Sr. Executive -IT,0.85,0.7979922765648297
Database Administrator (DBA),0.793333333,0.7979640071016818
Senior iOS Engineer,0.85,0.7977881016662451
Sr.Officer / Executive - Internal Audit,0.85,0.7977476849970617
Senior iOS Engineer,0.816666667,0.7977254261659453
Executive - VAT,0.85,0.7977062970214444
AI Engineer,0.783333333,0.7976524471572937
"Full Stack Developer (Python,React js)",0.916666667,0.7975309405389723
"Full Stack Developer (Python,React js)",0.85,0.7975201993736146
Database Administrator (DBA),0.85,0.7974713963700919
Project Coordinator (Civil),0.85,0.797384561246494
Database Administrator (DBA),0.783333333,0.7972960330404917
Senior iOS Engineer,0.85,0.7972939931994664
"Full Stack Developer (Python,React js)",0.85,0.7971784550840925
"System Administrator (Operation & Maintenance of Server, Storage & Service Desk System)",0.816666667,0.7971664783121097
Machine Learning (ML) Engineer,0.75,0.7971381621275748
Database Administrator (DBA),0.826666667,0.7970978378174294
Management Trainee - Mechanical,0.85,0.7970739895606154
Senior iOS Engineer,0.85,0.797042398573929
Mechanical Designer,0.85,0.7970138818513901
"Full Stack Developer (Python,React js)",0.85,0.7969805401477501
Intern (Generative AI Engineering - 2D/3D Image Generation),0.783333333,0.7969435088677334
"Executive/ Senior Executive- Trade Marketing, Hygiene Products",0.85,0.7969212037824895
"Executive/ Senior Executive- Trade Marketing, Hygiene Products",0.783333333,0.7969189910105896
Management Trainee - Mechanical,0.816666667,0.7969148162006658
Senior Software Engineer,0.85,0.7968890826372331
Database Administrator (DBA),0.783333333,0.7967922959083544
Machine Learning (ML) Engineer,0.85,0.7967796056785675
Sr.Officer / Executive - Internal Audit,0.816666667,0.7967609348140504
Mechanical Designer,0.85,0.7967310726135287
Network Support Engineer,0.85,0.7966581860738142
"Full Stack Developer (Python,React js)",0.85,0.7965968513058438
Machine Learning (ML) Engineer,0.85,0.7965798253849694
"Executive/ Senior Executive- Trade Marketing, Hygiene Products",0.85,0.79655768906079
Intern (Generative AI Engineering - 2D/3D Image Generation),0.793333333,0.7965149895053307
Asst. Manager/ Manger (Administrative),0.783333333,0.7964889007116598
"Executive/ Senior Executive- Trade Marketing, Hygiene Products",0.85,0.7964549215985018
Network Support Engineer,0.77,0.7964326830497239
Asst. Manager/ Manger (Administrative),0.75,0.7964142563031328
"Manager- Human Resource Management (HRM)
",0.85,0.796412590649717
Network Support Engineer,0.906666667,0.7964107990613369
"Executive/ Senior Executive- Trade Marketing, Hygiene Products",0.85,0.7963927365365259
Asst. Manager/ Manger (Administrative),0.783333333,0.7963848298682175
Mechanical Designer,0.85,0.7963696957533037
"Full Stack Developer (Python,React js)",0.85,0.7962805107927323
Database Administrator (DBA),0.783333333,0.7962258802396829
Management Trainee - Mechanical,0.85,0.7962154830763923
Database Administrator (DBA),0.716666667,0.7962056259970741
Network Support Engineer,0.85,0.7961957940394723
Database Administrator (DBA),0.783333333,0.7961568979137723
Machine Learning (ML) Engineer,0.85,0.7960711007321689
"System Administrator (Operation & Maintenance of Server, Storage & Service Desk System)",0.85,0.7960637434142254
Asst. Manager/ Manger (Administrative),0.873333333,0.7960024234595158
Network Support Engineer,0.85,0.795983662612536
Head of Internal Control & Compliance (ICC) - SEVP/DMD,0.85,0.7959529696235593
Senior Software Engineer,0.816666667,0.7957682357800919
"Full Stack Developer (Python,React js)",0.85,0.7957517364726976
Database Administrator (DBA),0.783333333,0.7957515439213102
Data Science Engineer,0.816666667,0.7957223053702562
"Manager- Human Resource Management (HRM)
",0.783333,0.795695425443566
"Full Stack Developer (Python,React js)",0.85,0.7956737659900638
Database Administrator (DBA),0.803333333,0.7956594754034529
Network Support Engineer,0.85,0.7956089880813586
Network Support Engineer,0.783333333,0.795593079272822
"Executive/ Senior Executive- Trade Marketing, Hygiene Products",0.85,0.7955879225901515
"System Administrator (Operation & Maintenance of Server, Storage & Service Desk System)",0.85,0.7954690380383421
Mechanical Engineer,0.85,0.7954624925236423
Database Administrator (DBA),0.826666667,0.7953969314629731
Asst. Manager/ Manger (Administrative),0.85,0.7953676773215841
Executive/ Sr. Executive -IT,0.85,0.7953583205564667
Machine Learning (ML) Engineer,0.876666667,0.7953570747276273
HR Officer,0.75,0.7953532837437294
Network Support Engineer,0.77,0.7953309742391541
HR Officer,0.783333333,0.7953231613675993
Data Science Engineer,0.85,0.7953135640014256
Head of Internal Control & Compliance (ICC) - SEVP/DMD,0.85,0.7952661218221738
"System Administrator (Operation & Maintenance of Server, Storage & Service Desk System)",0.76,0.7952583892710471
Database Administrator (DBA),0.85,0.7952415440813522
Database Administrator (DBA),0.793333333,0.7952082747153475
Database Administrator (DBA),0.783333333,0.7951916353927795
Senior Software Engineer,0.85,0.7951633114055936
"Full Stack Developer (Python,React js)",0.85,0.7950361463708633
AI Engineer,0.716666667,0.7950320700534916
Database Administrator (DBA),0.816666667,0.7950250248806606
"Manager- Human Resource Management (HRM)
",0.85,0.7949900913852184
Executive - VAT,0.75,0.794889646086379
Project Coordinator (Civil),0.816666667,0.7948325883057165
Senior iOS Engineer,0.85,0.7948321572324434
Database Administrator (DBA),0.783333333,0.7948155213098264
Sr.Officer / Executive - Internal Audit,0.85,0.7947961297333529
Asst. Manager/ Manger (Administrative),0.85,0.7947577922264304
AI Engineer,0.85,0.7947504660015478
Network Support Engineer,0.85,0.7947353376007923
AI Engineer,0.783333333,0.7946387383066666
"System Administrator (Operation & Maintenance of Server, Storage & Service Desk System)",0.75,0.794587767248994
Mechanical Designer,0.816666667,0.7945667965245978
"System Administrator (Operation & Maintenance of Server, Storage & Service Desk System)",0.85,0.7945236437220964
Data Engineer,0.85,0.79450203589002
"Manager- Human Resource Management (HRM)
",0.85,0.7944004006366178
Database Administrator (DBA),0.826666667,0.7943901987973876
"Full Stack Developer (Python,React js)",0.85,0.7943895059268796
Senior iOS Engineer,0.85,0.7943324561960443
"Full Stack Developer (Python,React js)",0.85,0.7941867069724298
Senior iOS Engineer,0.85,0.7940511808644015
"Manager- Human Resource Management (HRM)
",0.85,0.7940198927455687
DevOps Engineer,0.85,0.793994883037873
Executive/ Sr. Executive -IT,0.85,0.793983856022801
Machine Learning (ML) Engineer,0.85,0.7939591457331457
AI Engineer,0.85,0.793869770740192
Management Trainee - Mechanical,0.85,0.7938346325384369
Senior iOS Engineer,0.85,0.7938317993750281
"Executive/ Senior Executive- Trade Marketing, Hygiene Products",0.85,0.793792136542217
Network Support Engineer,0.716666667,0.7937632473570841
Sr.Officer / Executive - Internal Audit,0.85,0.7937054284252862
Asst. Manager/ Manger (Administrative),0.793333333,0.7936996115882108
Sr.Officer / Executive - Internal Audit,0.85,0.793642015818293
Network Support Engineer,0.85,0.793606039711266
HR Officer,0.936666667,0.7935795378707706
HR Officer,0.816666667,0.7935782881247792
Data Science Engineer,0.85,0.7934994839223972
Management Trainee - Mechanical,0.85,0.7934804221387111
Executive/ Sr. Executive -IT,0.85,0.7934667482919537
AI Engineer,0.85,0.7934613342855322
Senior Software Engineer,0.85,0.7934552521025325
Senior Software Engineer,0.85,0.7934478753039611
Network Support Engineer,0.85,0.7934476183378032
Network Support Engineer,0.85,0.7934425660358806
Database Administrator (DBA),0.826666667,0.7934377774656403
"Full Stack Developer (Python,React js)",0.85,0.7933997611320833
Database Administrator (DBA),0.85,0.7933903741769796
Machine Learning (ML) Engineer,0.783333333,0.793364032733911
Asst. Manager/ Manger (Administrative),0.816666667,0.7933449482320664
Asst. Manager/ Manger (Administrative),0.85,0.7933270700519208
Database Administrator (DBA),0.816666667,0.7932432756070776
Sr.Officer / Executive - Internal Audit,0.85,0.7932386833674255
AI Engineer,0.78,0.7932299398632845
Database Administrator (DBA),0.783333333,0.7932144294132009
AI Engineer,0.816666667,0.793177971695474
"Full Stack Developer (Python,React js)",0.85,0.7931236344467433
Network Support Engineer,0.783333333,0.793072611083547
Data Engineer,0.873333333,0.7930573199692765
"Executive/ Senior Executive- Trade Marketing, Hygiene Products",0.85,0.7930297667161634
Senior iOS Engineer,0.85,0.7929881066178949
Database Administrator (DBA),0.783333333,0.7929235202527766
Mechanical Engineer,0.85,0.792888175777333
Sr.Officer / Executive - Internal Audit,0.826666667,0.7928526666862844
Asst. Manager/ Manger (Administrative),0.896666667,0.7928310341816696
"Executive/ Senior Executive- Trade Marketing, Hygiene Products",0.783333,0.792815491539058
Database Administrator (DBA),0.85,0.7928148612098727
"Manager- Human Resource Management (HRM)
",0.783333333,0.7927661684049775
Database Administrator (DBA),0.783333333,0.7927457063830065
Senior iOS Engineer,0.816666667,0.7927219793709785
"System Administrator (Operation & Maintenance of Server, Storage & Service Desk System)",0.85,0.7926855687724292
AI Engineer,0.85,0.7926651270487384
"System Administrator (Operation & Maintenance of Server, Storage & Service Desk System)",0.783333333,0.7925275452016208
Machine Learning (ML) Engineer,0.75,0.7925241259078543
"Executive/ Senior Executive- Trade Marketing, Hygiene Products",0.65,0.7924747348779524
"Executive/ Senior Executive- Trade Marketing, Hygiene Products",0.85,0.7924704904746366
Head of Internal Control & Compliance (ICC) - SEVP/DMD,0.85,0.7924178253674161
Senior Software Engineer,0.85,0.7923170709008667
Head of Internal Control & Compliance (ICC) - SEVP/DMD,0.85,0.7923110492334767
"Manager- Human Resource Management (HRM)
",0.816666667,0.7922790443274004
"System Administrator (Operation & Maintenance of Server, Storage & Service Desk System)",0.816666667,0.7922656019784516
Mechanical Engineer,0.816666667,0.7922178696027392
Database Administrator (DBA),0.783333333,0.792213919690281
Senior iOS Engineer,0.85,0.7922119533763835
"Manager- Human Resource Management (HRM)
",0.773333333,0.7921614848836029
Sr.Officer / Executive - Internal Audit,0.716666667,0.7921423553117745
"Full Stack Developer (Python,React js)",0.85,0.7921318465761383
Machine Learning (ML) Engineer,0.75,0.7921244254181251
Intern (Generative AI Engineering - 2D/3D Image Generation),0.85,0.7921059859078036
Management Trainee - Mechanical,0.85,0.792098021424397
Sr.Officer / Executive - Internal Audit,0.816666667,0.7920793641571754
Database Administrator (DBA),0.716666667,0.7920323696946516
"Manager- Human Resource Management (HRM)
",0.75,0.7920318892656066
Asst. Manager/ Manger (Administrative),0.816666667,0.791994831660576
Management Trainee - Mechanical,0.683333333,0.7919525793009488
"Manager- Human Resource Management (HRM)
",0.793333333,0.7919482755033213
Asst. Manager/ Manger (Administrative),0.783333333,0.7919454757272035
Database Administrator (DBA),0.826666667,0.7919342079635083
Database Administrator (DBA),0.76,0.791867511206278
AI Engineer,0.85,0.7918166314199288
Intern (Generative AI Engineering - 2D/3D Image Generation),0.85,0.7917787970623951
"System Administrator (Operation & Maintenance of Server, Storage & Service Desk System)",0.85,0.7917356828917725
Asst. Manager/ Manger (Administrative),0.893333333,0.791677722196625
Sr.Officer / Executive - Internal Audit,0.783333333,0.7916495550964958
Asst. Manager/ Manger (Administrative),0.816666667,0.7916168752912373
Executive - VAT,0.783333333,0.7914986321695876
Database Administrator (DBA),0.85,0.7914016791394877
AI Engineer,0.85,0.7913840573166906
"Full Stack Developer (Python,React js)",0.783333333,0.791362650277267
Data Science Engineer,0.783333333,0.7913491780834507
Database Administrator (DBA),0.803333333,0.7913487775615665
Senior iOS Engineer,0.84,0.7913147977360472
Network Support Engineer,0.85,0.7912592669152796
Network Support Engineer,0.85,0.7912481073555246
Asst. Manager/ Manger (Administrative),0.91,0.7912444447940373
Senior iOS Engineer,0.816666667,0.7912294120370004
"System Administrator (Operation & Maintenance of Server, Storage & Service Desk System)",0.85,0.7911878150462649
Management Trainee - Mechanical,0.783333333,0.7911787001787348
"Full Stack Developer (Python,React js)",0.85,0.7911053927880597
Mechanical Engineer,0.85,0.791077442301375
Network Support Engineer,0.816666667,0.7910700489081888
Machine Learning (ML) Engineer,0.783333333,0.7910518352947081
Project Coordinator (Civil),0.793333333,0.7910263243302159
Machine Learning (ML) Engineer,0.85,0.7910025992827371
"Full Stack Developer (Python,React js)",0.783333333,0.790895660481959
HR Officer,0.85,0.7908931384561023
"System Administrator (Operation & Maintenance of Server, Storage & Service Desk System)",0.816666667,0.7908370306057609
AI Engineer,0.816666667,0.7906917948908649
Senior iOS Engineer,0.85,0.7906771021345582
Machine Learning (ML) Engineer,0.783333333,0.7906627495421863
Asst. Manager/ Manger (Administrative),0.76,0.7906583648425777
Data Engineer,0.793333333,0.7906190494720525
Machine Learning (ML) Engineer,0.793333333,0.790617447501527
AI Engineer,0.816666667,0.7906126221481344
Asst. Manager/ Manger (Administrative),0.76,0.7905842754779024
Database Administrator (DBA),0.816666667,0.7905767093439726
Network Support Engineer,0.793333333,0.7905517099021876
Database Administrator (DBA),0.75,0.7905117699994861
Database Administrator (DBA),0.783333333,0.7903600756922329
Network Support Engineer,0.783333333,0.7903224091127317
"Full Stack Developer (Python,React js)",0.85,0.7903019332633773
"System Administrator (Operation & Maintenance of Server, Storage & Service Desk System)",0.643333333,0.7902139772774271
Network Support Engineer,0.783333333,0.7901654396796377
Network Support Engineer,0.783333333,0.7901558386270308
Database Administrator (DBA),0.826666667,0.7900209299241687
Network Support Engineer,0.85,0.7900079190872689
Senior Software Engineer,0.816666667,0.7900067812445016
"Full Stack Developer (Python,React js)",0.85,0.7899997884084857
Mechanical Designer,0.85,0.7899941940262664
Sr.Officer / Executive - Internal Audit,0.706666667,0.7899773168359894
"Executive/ Senior Executive- Trade Marketing, Hygiene Products",0.85,0.7899468187985658
Senior iOS Engineer,0.816666667,0.7898947627966902
Sr.Officer / Executive - Internal Audit,0.85,0.7898872728108949
AI Engineer,0.85,0.7898865172105389
Senior Software Engineer,0.783333333,0.7898742874303972
"Executive/ Senior Executive- Trade Marketing, Hygiene Products",0.783333333,0.7898393570333884
Sr.Officer / Executive - Internal Audit,0.85,0.7898013307549057
Executive/ Sr. Executive -IT,0.85,0.7897856338042163
Intern (Generative AI Engineering - 2D/3D Image Generation),0.85,0.7897714538309851
Network Support Engineer,0.85,0.7897676040813009
"Executive/ Senior Executive- Trade Marketing, Hygiene Products",0.716666667,0.7897097229149441
"Executive/ Senior Executive- Trade Marketing, Hygiene Products",0.85,0.7896670128330495
Database Administrator (DBA),0.826666667,0.7896574094578138
"System Administrator (Operation & Maintenance of Server, Storage & Service Desk System)",0.85,0.7896315968251431
"Executive/ Senior Executive- Trade Marketing, Hygiene Products",0.783333333,0.7896071564329407
Intern (Generative AI Engineering - 2D/3D Image Generation),0.826666667,0.7895921222195336
Senior iOS Engineer,0.85,0.7895767667257125
AI Engineer,0.816666667,0.7895667017506033
"Manager- Human Resource Management (HRM)
",0.816666667,0.7895513448766904
"Manager- Human Resource Management (HRM)
",0.85,0.7894801623528608
Senior iOS Engineer,0.816666667,0.7894683039523817
Asst. Manager/ Manger (Administrative),0.783333333,0.7894481862160261
Executive/ Sr. Executive -IT,0.826666667,0.7894478880655795
AI Engineer,0.783333333,0.7894054724010813
Senior iOS Engineer,0.783333333,0.7893894741163753
Executive - VAT,0.816666667,0.7893566286578664
Machine Learning (ML) Engineer,0.85,0.7893508716389236
AI Engineer,0.75,0.7893483969109836
Management Trainee - Mechanical,0.783333333,0.7893458679104945
Management Trainee - Mechanical,0.85,0.7893332350456309
Asst. Manager/ Manger (Administrative),0.85,0.7892199093273018
Mechanical Designer,0.85,0.7892160374251179
DevOps Engineer,0.85,0.7891543309802357
Machine Learning (ML) Engineer,0.783333333,0.7891533203654618
Database Administrator (DBA),0.816666667,0.7891304156572669
Machine Learning (ML) Engineer,0.793333333,0.7891300998933658
Machine Learning (ML) Engineer,0.85,0.7890892870570729
"Full Stack Developer (Python,React js)",0.85,0.7890686499122698
Data Science Engineer,0.85,0.789040842116528
Sr.Officer / Executive - Internal Audit,0.761666667,0.7890386632344202
Intern (Generative AI Engineering - 2D/3D Image Generation),0.826666667,0.7890144150084489
"System Administrator (Operation & Maintenance of Server, Storage & Service Desk System)",0.806666667,0.7890040771964268
Database Administrator (DBA),0.76,0.7889422329696842
Intern (Generative AI Engineering - 2D/3D Image Generation),0.783333333,0.7888897514326066
Database Administrator (DBA),0.783333333,0.7888464860111949
Network Support Engineer,0.783333333,0.7888428183929105
"Executive/ Senior Executive- Trade Marketing, Hygiene Products",0.76,0.7888419882772421
Executive - VAT,0.783333333,0.7888347734050905
Machine Learning (ML) Engineer,0.85,0.7887979774860273
Database Administrator (DBA),0.826666667,0.788784883369554
AI Engineer,0.65,0.7887559998561238
AI Engineer,0.816666667,0.788743885127809
Database Administrator (DBA),0.75,0.7886912221287521
Database Administrator (DBA),0.75,0.788688745829884
Asst. Manager/ Manger (Administrative),0.76,0.7886194566164241
"System Administrator (Operation & Maintenance of Server, Storage & Service Desk System)",0.943333333,0.7885944211360323
"Full Stack Developer (Python,React js)",0.716666667,0.788578311549261
"Executive/ Senior Executive- Trade Marketing, Hygiene Products",0.85,0.788554791724724
Senior Software Engineer,0.85,0.7885127510480568
Management Trainee - Mechanical,0.85,0.7884931342549203
Database Administrator (DBA),0.783333333,0.7884712692028477
Sr.Officer / Executive - Internal Audit,0.783333333,0.7882927233183317
"Manager- Human Resource Management (HRM)
",0.816666667,0.7882898924170483
"Executive/ Senior Executive- Trade Marketing, Hygiene Products",0.716666667,0.7882866453690944
AI Engineer,0.783333333,0.7882771092517251
Management Trainee - Mechanical,0.85,0.7882756719170906
Executive - VAT,0.783333333,0.7882475003783092
Database Administrator (DBA),0.76,0.7882255850694652
Network Support Engineer,0.85,0.7881891567079607
Asst. Manager/ Manger (Administrative),0.916666667,0.7881855937740224
"Full Stack Developer (Python,React js)",0.716666667,0.7881516182609021
"System Administrator (Operation & Maintenance of Server, Storage & Service Desk System)",0.906666667,0.7881478433294266
Machine Learning (ML) Engineer,0.85,0.7880865977663106
Head of Internal Control & Compliance (ICC) - SEVP/DMD,0.85,0.788034445589019
Senior iOS Engineer,0.85,0.7878641637410325
Network Support Engineer,0.85,0.7878614226591875
Asst. Manager/ Manger (Administrative),0.75,0.7877819063501798
Network Support Engineer,0.85,0.7877727018562668
Network Support Engineer,0.85,0.7877719581850692
Network Support Engineer,0.85,0.7876473659331117
Machine Learning (ML) Engineer,0.85,0.7876092460747017
Machine Learning (ML) Engineer,0.816666667,0.7875981775101478
Executive/ Sr. Executive -IT,0.793333333,0.7875675751929087
Head of Internal Control & Compliance (ICC) - SEVP/DMD,0.85,0.7875618020775396
"Full Stack Developer (Python,React js)",0.816666667,0.7875607875008573
Site Engineer,0.816666667,0.7875496929834916
Asst. Manager/ Manger (Administrative),0.643333333,0.7875441452866181
"Full Stack Developer (Python,React js)",0.85,0.7875396859219677
"Executive/ Senior Executive- Trade Marketing, Hygiene Products",0.783333333,0.7874730256696059
"Manager- Human Resource Management (HRM)
",0.85,0.7874343129339507
"Full Stack Developer (Python,React js)",0.716666667,0.7873918888353426
AI Engineer,0.783333333,0.7873735788555841
Management Trainee - Mechanical,0.85,0.7873683540876428
Executive/ Sr. Executive -IT,0.85,0.7873358748998996
Executive/ Sr. Executive -IT,0.85,0.7872863750067907
AI Engineer,0.85,0.7872629387896877
Data Science Engineer,0.85,0.7872228965742837
Database Administrator (DBA),0.816666667,0.78722049539109
"System Administrator (Operation & Maintenance of Server, Storage & Service Desk System)",0.683333333,0.7872166350210454
Senior Software Engineer,0.916666667,0.7872119206357868
Senior iOS Engineer,0.816666667,0.7871996997189487
Database Administrator (DBA),0.783333333,0.78719929210107
"System Administrator (Operation & Maintenance of Server, Storage & Service Desk System)",0.85,0.7871789032642581
Sr.Officer / Executive - Internal Audit,0.783333333,0.7871715018992935
Sr.Officer / Executive - Internal Audit,0.816666667,0.7871496614420039
Asst. Manager/ Manger (Administrative),0.793333333,0.7871002682854993
Management Trainee - Mechanical,0.826666667,0.7870654721019787
Executive - VAT,0.85,0.7870339556682614
Intern (Generative AI Engineering - 2D/3D Image Generation),0.826666667,0.7870098708362843
Network Support Engineer,0.816666667,0.7869560414284281
Network Support Engineer,0.783333333,0.7868713813588782
Database Administrator (DBA),0.816666667,0.7868460297767446
Senior iOS Engineer,0.85,0.7868451768074618
Database Administrator (DBA),0.716666667,0.786813691835941
Database Administrator (DBA),0.816666667,0.7868075712225983
Sr.Officer / Executive - Internal Audit,0.783333333,0.7867919306388625
Management Trainee - Mechanical,0.816666667,0.7867489863615937
DevOps Engineer,0.85,0.7867300704988612
"Manager- Human Resource Management (HRM)
",0.783333333,0.7867269315400217
Management Trainee - Mechanical,0.85,0.786701913613662
"Executive/ Senior Executive- Trade Marketing, Hygiene Products",0.816666667,0.7866910936022172
AI Engineer,0.783333333,0.7866603041841496
HR Officer,0.85,0.7866414000717424
Asst. Manager/ Manger (Administrative),0.783333333,0.7865005370564425
Sr.Officer / Executive - Internal Audit,0.85,0.7864983762650625
"Full Stack Developer (Python,React js)",0.783333333,0.7864884662135323
"Full Stack Developer (Python,React js)",0.85,0.7864670217924882
Network Support Engineer,0.826666667,0.7864473688051191
Intern (Generative AI Engineering - 2D/3D Image Generation),0.85,0.7864322256713557
"Manager- Human Resource Management (HRM)
",0.826666667,0.7864021152473125
AI Engineer,0.85,0.786396229394923
AI Engineer,0.826666667,0.786386899170165
"Full Stack Developer (Python,React js)",0.716666667,0.7863783705244861
Executive/ Sr. Executive -IT,0.793333333,0.7863781257377311
Asst. Manager/ Manger (Administrative),0.816666667,0.7863701792690269
Intern (Generative AI Engineering - 2D/3D Image Generation),0.783333333,0.7863540970553687
Sr.Officer / Executive - Internal Audit,0.826666667,0.786353945445834
Machine Learning (ML) Engineer,0.683333333,0.7863516257451565
Sr.Officer / Executive - Internal Audit,0.85,0.7863169572118294
"System Administrator (Operation & Maintenance of Server, Storage & Service Desk System)",0.85,0.7863168726481568
Head of Internal Control & Compliance (ICC) - SEVP/DMD,0.85,0.786287892658967
Asst. Manager/ Manger (Administrative),0.816666667,0.7862629796507342
Intern (Generative AI Engineering - 2D/3D Image Generation),0.816666667,0.7862622500615203
Machine Learning (ML) Engineer,0.85,0.7862182315557199
"Full Stack Developer (Python,React js)",0.65,0.7861961368529916
AI Engineer,0.75,0.7861698427496063
"System Administrator (Operation & Maintenance of Server, Storage & Service Desk System)",0.716666667,0.7861583869599518
Asst. Manager/ Manger (Administrative),0.85,0.7860590715831036
"Manager- Human Resource Management (HRM)
",0.816666667,0.7860477766007061
Network Support Engineer,0.816666667,0.7860218277937024
AI Engineer,0.816666667,0.7860004212142767
Mechanical Engineer,0.783333333,0.7859916523791524
Machine Learning (ML) Engineer,0.75,0.7859214591792498
AI Engineer,0.783333333,0.7859065086697499
AI Engineer,0.783333333,0.7858965673072762
"Executive/ Senior Executive- Trade Marketing, Hygiene Products",0.85,0.7858593059511048
"Manager- Human Resource Management (HRM)
",0.726666667,0.7858307510242141
Machine Learning (ML) Engineer,0.75,0.7857215663133071
AI Engineer,0.85,0.7856336961424019
Asst. Manager/ Manger (Administrative),0.44,0.7856283019043805
Senior iOS Engineer,0.85,0.785617002926342
Database Administrator (DBA),0.78,0.7855680544391994
"Executive/ Senior Executive- Trade Marketing, Hygiene Products",0.816666667,0.7855585951309363
DevOps Engineer,0.816666667,0.7855326401840858
Machine Learning (ML) Engineer,0.85,0.78543261364082
Head of Internal Control & Compliance (ICC) - SEVP/DMD,0.85,0.7854043945864437
AI Engineer,0.816666667,0.785391429095738
"Executive/ Senior Executive- Trade Marketing, Hygiene Products",0.85,0.7853885795975102
Database Administrator (DBA),0.85,0.7853421187063913
AI Engineer,0.75,0.785307288301232
Senior iOS Engineer,0.816666667,0.7852901076815971
Network Support Engineer,0.793333333,0.785252857742513
Network Support Engineer,0.783333333,0.7852166614903134
AI Engineer,0.816666667,0.7851916683733814
"Full Stack Developer (Python,React js)",0.916666667,0.7851850550368051
Intern (Generative AI Engineering - 2D/3D Image Generation),0.826666667,0.785136214617948
Database Administrator (DBA),0.783333333,0.7851326107057714
Database Administrator (DBA),0.816666667,0.7851089011566081
Executive/ Sr. Executive -IT,0.85,0.7850985604271784
Data Science Engineer,0.85,0.7850715747472166
Database Administrator (DBA),0.793333333,0.7850324473883703
"Full Stack Developer (Python,React js)",0.783333333,0.7850114389889002
Network Support Engineer,0.793333333,0.7850076609589388
Head of Internal Control & Compliance (ICC) - SEVP/DMD,0.936666667,0.7849600137390434
"Full Stack Developer (Python,React js)",0.85,0.7849206784598256
"System Administrator (Operation & Maintenance of Server, Storage & Service Desk System)",0.803333333,0.7849188578279113
AI Engineer,0.793333333,0.7849056506032713
Executive/ Sr. Executive -IT,0.85,0.7849049061273013
Management Trainee - Mechanical,0.85,0.7848873114097317
"Full Stack Developer (Python,React js)",0.85,0.7848609899675348
Senior iOS Engineer,0.85,0.784819077544695
Database Administrator (DBA),0.816666667,0.7848033839842752
Senior iOS Engineer,0.85,0.784794481563814
Intern (Generative AI Engineering - 2D/3D Image Generation),0.813333333,0.7847710300617508
DevOps Engineer,0.85,0.7847649530051277
DevOps Engineer,0.783333333,0.7846994501595601
Sr.Officer / Executive - Internal Audit,0.85,0.7846875869844733
Intern (Generative AI Engineering - 2D/3D Image Generation),0.85,0.7846445598739009
"Full Stack Developer (Python,React js)",0.716666667,0.7846075464945724
Asst. Manager/ Manger (Administrative),0.65,0.7845475099481635
AI Engineer,0.783333333,0.7845394162649668
Management Trainee - Mechanical,0.85,0.7845236375327437
Executive - VAT,0.85,0.784499179448781
Senior iOS Engineer,0.85,0.7844879010157393
Machine Learning (ML) Engineer,0.85,0.784466576348818
HR Officer,0.75,0.7844384725780739
Intern (Generative AI Engineering - 2D/3D Image Generation),0.85,0.7844064110466613
Machine Learning (ML) Engineer,0.75,0.7843418613372279
Network Support Engineer,0.85,0.7843259398052689
"Executive/ Senior Executive- Trade Marketing, Hygiene Products",0.816666667,0.7843251079930795
Executive - VAT,0.783333333,0.7843095655700539
Database Administrator (DBA),0.716666667,0.7842978338234456
Data Science Engineer,0.896666667,0.7842969536777772
"Full Stack Developer (Python,React js)",0.85,0.7842456525851962
Asst. Manager/ Manger (Administrative),0.826666667,0.7842113346304767
Asst. Manager/ Manger (Administrative),0.683333333,0.7841442696652088
Database Administrator (DBA),0.816666667,0.7841149056929246
Machine Learning (ML) Engineer,0.783333333,0.7841130287987682
Network Support Engineer,0.85,0.7840474089383129
"System Administrator (Operation & Maintenance of Server, Storage & Service Desk System)",0.77,0.7840151434524495
Executive - VAT,0.783333333,0.7839469791601529
Intern (Generative AI Engineering - 2D/3D Image Generation),0.816666667,0.783923998668561
Sr.Officer / Executive - Internal Audit,0.85,0.7838918584639841
Machine Learning (ML) Engineer,0.85,0.7838459059725782
AI Engineer,0.85,0.7838246867278045
Database Administrator (DBA),0.75,0.7838119305363317
Senior Software Engineer,0.85,0.7838013442155468
Site Engineer,0.85,0.7837295998154309
"Executive/ Senior Executive- Trade Marketing, Hygiene Products",0.85,0.783728474599331
Network Support Engineer,0.826666667,0.783691933052093
Asst. Manager/ Manger (Administrative),0.716666667,0.7836493345383501
Network Support Engineer,0.85,0.7835650161403852
Machine Learning (ML) Engineer,0.85,0.7835426602638654
Senior iOS Engineer,0.85,0.7835298602011568
"Executive/ Senior Executive- Trade Marketing, Hygiene Products",0.816666667,0.7834839957955451
Sr.Officer / Executive - Internal Audit,0.683333333,0.7834576048170346
"Manager- Human Resource Management (HRM)
",0.816666667,0.7834462765399773
Database Administrator (DBA),0.85,0.7834242157591443
Network Support Engineer,0.85,0.7834085933376747
"Full Stack Developer (Python,React js)",0.85,0.783401316674455
Database Administrator (DBA),0.716666667,0.7833746549609968
Database Administrator (DBA),0.793333333,0.7833640783846665
Mechanical Engineer,0.85,0.7833598060136666
Machine Learning (ML) Engineer,0.716666667,0.7833255223495722
Machine Learning (ML) Engineer,0.75,0.7833198032141013
Intern (Generative AI Engineering - 2D/3D Image Generation),0.85,0.7832725537687315
Database Administrator (DBA),0.716666667,0.783256486246548
Machine Learning (ML) Engineer,0.85,0.7831977868275982
Database Administrator (DBA),0.726666667,0.7831726770497983
HR Officer,0.816666667,0.7831150620468356
"Executive/ Senior Executive- Trade Marketing, Hygiene Products",0.85,0.7830902847092828
Network Support Engineer,0.85,0.783068750627776
"Executive/ Senior Executive- Trade Marketing, Hygiene Products",0.826666667,0.7830656093714505
Machine Learning (ML) Engineer,0.816666667,0.7830556738960819
Data Engineer,0.816666667,0.7830303795462562
AI Engineer,0.816666667,0.7830107783421368
"Executive/ Senior Executive- Trade Marketing, Hygiene Products",0.816666667,0.7829539197204205
Network Support Engineer,0.716666667,0.782925043491641
Asst. Manager/ Manger (Administrative),0.783333333,0.7828979038222446
Executive - VAT,0.85,0.7828584394635331
Database Administrator (DBA),0.803333333,0.7828391405386758
"Executive/ Senior Executive- Trade Marketing, Hygiene Products",0.826666667,0.7827771992886471
Database Administrator (DBA),0.75,0.7827718830983585
"Manager- Human Resource Management (HRM)
",0.783333333,0.7827593862146248
Network Support Engineer,0.65,0.7827381044451479
Management Trainee - Mechanical,0.85,0.7827376176988136
Database Administrator (DBA),0.826666667,0.7827359397919591
Data Science Engineer,0.816666667,0.782716529872455
HR Officer,0.783333333,0.7826860563517092
"System Administrator (Operation & Maintenance of Server, Storage & Service Desk System)",0.783333333,0.7826579584032497
Senior Software Engineer,0.85,0.7826530547650501
"Manager- Human Resource Management (HRM)
",0.783333333,0.7826460478649069
Machine Learning (ML) Engineer,0.85,0.7826369470889007
Senior iOS Engineer,0.816666667,0.7826203140811856
Senior iOS Engineer,0.816666667,0.7826196690797236
Executive - VAT,0.816666667,0.7826175621108026
Intern (Generative AI Engineering - 2D/3D Image Generation),0.793333333,0.782613894692672
AI Engineer,0.783333333,0.7826116801454389
AI Engineer,0.816666667,0.7825979225782846
Sr.Officer / Executive - Internal Audit,0.793333333,0.7825932100916481
Intern (Generative AI Engineering - 2D/3D Image Generation),0.736666667,0.7825355255633504
Machine Learning (ML) Engineer,0.85,0.78251662706886
AI Engineer,0.85,0.7824922823409007
Senior iOS Engineer,0.65,0.7824518448519237
Database Administrator (DBA),0.85,0.7822897167197993
Management Trainee - Mechanical,0.783333333,0.7822844436622615
Network Support Engineer,0.85,0.7822262548675983
"Executive/ Senior Executive- Trade Marketing, Hygiene Products",0.816666667,0.782210565376881
HR Officer,0.816666667,0.7822048616180038
Asst. Manager/ Manger (Administrative),0.85,0.7821855578911089
AI Engineer,0.75,0.782179142638665
Executive - VAT,0.75,0.7821788018388577
"Full Stack Developer (Python,React js)",0.783333333,0.7821330790733976
Database Administrator (DBA),0.75,0.7820852709442767
AI Engineer,0.783333333,0.781972282322125
Senior iOS Engineer,0.85,0.7819430113507134
"System Administrator (Operation & Maintenance of Server, Storage & Service Desk System)",0.85,0.781891200246145
Executive/ Sr. Executive -IT,0.793333333,0.7818659859492387
AI Engineer,0.783333333,0.7818443384085634
"Manager- Human Resource Management (HRM)
",0.75,0.781839280362348
Head of Internal Control & Compliance (ICC) - SEVP/DMD,0.85,0.7817805582038715
Data Science Engineer,0.85,0.7817599060462476
"Manager- Human Resource Management (HRM)
",0.816666667,0.7817573686100985
AI Engineer,0.85,0.7817401539523934
Machine Learning (ML) Engineer,0.793333333,0.7817064867338247
Machine Learning (ML) Engineer,0.816666667,0.7816617838147195
Data Science Engineer,0.85,0.7816087297517401
Machine Learning (ML) Engineer,0.826666667,0.7816013215034034
AI Engineer,0.816666667,0.7815264785623883
Sr.Officer / Executive - Internal Audit,0.85,0.7815066888616022
"Full Stack Developer (Python,React js)",0.793333333,0.7815054890092848
Senior Software Engineer,0.85,0.7814939905802496
Machine Learning (ML) Engineer,0.85,0.7814543500038463
Sr.Officer / Executive - Internal Audit,0.85,0.7813849985202106
Senior iOS Engineer,0.85,0.7813711841944466
DevOps Engineer,0.85,0.781275217319394
Machine Learning (ML) Engineer,0.793333333,0.7812348124747839
Project Coordinator (Civil),0.85,0.7812232439887247
Senior iOS Engineer,0.76,0.7811186112870058
"Full Stack Developer (Python,React js)",0.85,0.7811093184005055
Network Support Engineer,0.85,0.7810668446573005
Management Trainee - Mechanical,0.816666667,0.7810662516020261
Senior Software Engineer,0.85,0.7810514828128386
Executive/ Sr. Executive -IT,0.816666667,0.7810158254184569
Network Support Engineer,0.816666667,0.7810047512321808
Network Support Engineer,0.85,0.7809990923398749
Executive - VAT,0.85,0.7809538377939198
Management Trainee - Mechanical,0.85,0.7809013476515325
Network Support Engineer,0.803333333,0.7808753553666623
"Manager- Human Resource Management (HRM)
",0.85,0.7808353121254736
Machine Learning (ML) Engineer,0.816666667,0.780745278061072
Database Administrator (DBA),0.783333333,0.7807448619029053
Head of Internal Control & Compliance (ICC) - SEVP/DMD,0.816666667,0.7807061888632435
Senior Software Engineer,0.783333333,0.7807013769194752
HR Officer,0.826666667,0.7806999607555655
Machine Learning (ML) Engineer,0.783333333,0.7806986696759067
Database Administrator (DBA),0.716666667,0.780604977927199
Machine Learning (ML) Engineer,0.75,0.7805833670954087
Executive/ Sr. Executive -IT,0.85,0.7805724119727173
Senior iOS Engineer,0.816666667,0.7805693267812793
Mechanical Designer,0.85,0.7805618287553745
"Manager- Human Resource Management (HRM)
",0.75,0.780534349958223
Asst. Manager/ Manger (Administrative),0.806666667,0.7804880524271728
Network Support Engineer,0.85,0.7804805793499067
"System Administrator (Operation & Maintenance of Server, Storage & Service Desk System)",0.85,0.780460336022733
"System Administrator (Operation & Maintenance of Server, Storage & Service Desk System)",0.876666667,0.7804486756652932
"Full Stack Developer (Python,React js)",0.783333333,0.7803668239677444
AI Engineer,0.75,0.780343847640043
Database Administrator (DBA),0.716666667,0.7803331231190246
Senior iOS Engineer,0.816666667,0.7803166001778572
Mechanical Engineer,0.85,0.7803144023544227
AI Engineer,0.85,0.7802985343300216
Data Science Engineer,0.793333333,0.7802957756947363
Site Engineer,0.826666667,0.780232456597784
"Manager- Human Resource Management (HRM)
",0.85,0.7801121210371623
Data Engineer,0.783333333,0.7800525845283132
Sr.Officer / Executive - Internal Audit,0.793333333,0.7799999244260606
Machine Learning (ML) Engineer,0.75,0.7799979497193471
AI Engineer,0.783333333,0.7799713305003079
"Full Stack Developer (Python,React js)",0.783333333,0.77993289425225
Intern (Generative AI Engineering - 2D/3D Image Generation),0.716666667,0.7799258965507205
"Manager- Human Resource Management (HRM)
",0.85,0.7799179392001389
"Full Stack Developer (Python,React js)",0.783333333,0.779845325339383
Asst. Manager/ Manger (Administrative),0.85,0.7797406473994525
Mechanical Engineer,0.85,0.7797327250081099
"Full Stack Developer (Python,React js)",0.85,0.779724964300083
AI Engineer,0.783333333,0.7797208123559712
Senior Software Engineer,0.85,0.7796861931991982
Network Support Engineer,0.85,0.7796791686102903
Project Coordinator (Civil),0.85,0.7795832623948655
Machine Learning (ML) Engineer,0.75,0.7795620840062071
"System Administrator (Operation & Maintenance of Server, Storage & Service Desk System)",0.85,0.7795307429242264
"Full Stack Developer (Python,React js)",0.873333333,0.7795274489232698
Network Support Engineer,0.77,0.7795143307454837
Executive - VAT,0.816666667,0.7795114028540211
Management Trainee - Mechanical,0.783333333,0.7794798035744146
"Manager- Human Resource Management (HRM)
",0.85,0.7794603718309371
Senior Software Engineer,0.783333333,0.7794398441991792
"Executive/ Senior Executive- Trade Marketing, Hygiene Products",0.783333333,0.7794290327921038
Intern (Generative AI Engineering - 2D/3D Image Generation),0.783333333,0.779419122349144
Database Administrator (DBA),0.75,0.7794132005912668
Senior Software Engineer,0.85,0.7793726169040339
Mechanical Engineer,0.783333333,0.7793580967988305
Asst. Manager/ Manger (Administrative),0.85,0.7793226501831164
AI Engineer,0.716666667,0.77932158162627
Management Trainee - Mechanical,0.816666667,0.7793082930922107
Project Coordinator (Civil),0.85,0.7792398306623654
Database Administrator (DBA),0.85,0.7791984645997664
"System Administrator (Operation & Maintenance of Server, Storage & Service Desk System)",0.826666667,0.7791714871141985
Project Coordinator (Civil),0.85,0.7790878531490205
Intern (Generative AI Engineering - 2D/3D Image Generation),0.783333333,0.7790784570134041
AI Engineer,0.65,0.7790698490518075
Intern (Generative AI Engineering - 2D/3D Image Generation),0.793333333,0.7790386096263854
Executive/ Sr. Executive -IT,0.85,0.77902414362749
Management Trainee - Mechanical,0.783333333,0.7790221409198416
AI Engineer,0.85,0.7790208657780494
Intern (Generative AI Engineering - 2D/3D Image Generation),0.85,0.7790115471476328
"System Administrator (Operation & Maintenance of Server, Storage & Service Desk System)",0.85,0.7789611896314406
HR Officer,0.85,0.7789356803057603
Senior Software Engineer,0.783333333,0.7789031935907539
Network Support Engineer,0.76,0.7788804345917116
Asst. Manager/ Manger (Administrative),0.85,0.7788471723783252
"Full Stack Developer (Python,React js)",0.85,0.7788323130098954
Senior Software Engineer,0.75,0.7788248674228583
"Full Stack Developer (Python,React js)",0.65,0.7788185284084276
"Executive/ Senior Executive- Trade Marketing, Hygiene Products",0.816666667,0.7788118827245349
AI Engineer,0.85,0.7787887428897704
Executive/ Sr. Executive -IT,0.85,0.778779860059349
Senior iOS Engineer,0.85,0.7787616688074874
Senior iOS Engineer,0.85,0.778668912802049
Database Administrator (DBA),0.716666667,0.778537579362327
Senior Software Engineer,0.76,0.7785123396021022
Asst. Manager/ Manger (Administrative),0.783333333,0.7785077083804843
Head of Internal Control & Compliance (ICC) - SEVP/DMD,0.85,0.7784997729624895
Senior iOS Engineer,0.85,0.7784963359957365
"System Administrator (Operation & Maintenance of Server, Storage & Service Desk System)",0.75,0.7784168521830419
"Full Stack Developer (Python,React js)",0.716666667,0.778405182885156
Database Administrator (DBA),0.726666667,0.7783721255821515
Asst. Manager/ Manger (Administrative),0.743333333,0.7783569517424239
"Manager- Human Resource Management (HRM)
",0.816666667,0.7783504029563608
Network Support Engineer,0.816666667,0.7783478635095428
Sr.Officer / Executive - Internal Audit,0.783333333,0.7783379274275597
Network Support Engineer,0.826666667,0.7782803922134206
Network Support Engineer,0.78,0.7782693727511084
"Executive/ Senior Executive- Trade Marketing, Hygiene Products",0.85,0.7782690515938586
"System Administrator (Operation & Maintenance of Server, Storage & Service Desk System)",0.85,0.7782614113206593
Senior iOS Engineer,0.85,0.7781810213311744
Management Trainee - Mechanical,0.85,0.7781278381239235
Machine Learning (ML) Engineer,0.803333333,0.7780966390782134
Head of Internal Control & Compliance (ICC) - SEVP/DMD,0.826666,0.7780807198184134
"Executive/ Senior Executive- Trade Marketing, Hygiene Products",0.78,0.7780466025210069
AI Engineer,0.783333333,0.7780151915052037
Management Trainee - Mechanical,0.85,0.7780073377433433
"Manager- Human Resource Management (HRM)
",0.736666667,0.777991791702235
Network Support Engineer,0.65,0.7779801429339482
Mechanical Engineer,0.716666667,0.7779575650943991
Network Support Engineer,0.716666667,0.777939418099445
Data Science Engineer,0.826666667,0.7779259404408246
Network Support Engineer,0.85,0.7779017675031837
AI Engineer,0.783333333,0.7778219169360925
Executive - VAT,0.826666667,0.777792326747679
"Full Stack Developer (Python,React js)",0.883333333,0.777774569400349
"System Administrator (Operation & Maintenance of Server, Storage & Service Desk System)",0.85,0.7777586390423507
Asst. Manager/ Manger (Administrative),0.816666667,0.7777528182002041
"Manager- Human Resource Management (HRM)
",0.726666667,0.7776942749450917
Management Trainee - Mechanical,0.516666667,0.7776734695805633
AI Engineer,0.75,0.7776672455958821
AI Engineer,0.816666667,0.7775979471585335
DevOps Engineer,0.793333333,0.7775867383561624
AI Engineer,0.783333333,0.7775807551909456
"System Administrator (Operation & Maintenance of Server, Storage & Service Desk System)",0.85,0.7775588292256189
Senior iOS Engineer,0.783333333,0.7775407770662945
"System Administrator (Operation & Maintenance of Server, Storage & Service Desk System)",0.736666667,0.7775141039920513
Network Support Engineer,0.76,0.7774900022372735
Senior Software Engineer,0.816666667,0.7774885501426342
Intern (Generative AI Engineering - 2D/3D Image Generation),0.85,0.7774530007416015
AI Engineer,0.85,0.7773666124334814
Data Science Engineer,0.85,0.7773460312996967
Senior iOS Engineer,0.816666667,0.7773449390767778
"Manager- Human Resource Management (HRM)
",0.75,0.7773295021855195
"System Administrator (Operation & Maintenance of Server, Storage & Service Desk System)",0.926666667,0.7772888821343419
Machine Learning (ML) Engineer,0.75,0.7772774778728785
"Manager- Human Resource Management (HRM)
",0.85,0.7772739502879906
Asst. Manager/ Manger (Administrative),0.783333333,0.7772552591404156
"Executive/ Senior Executive- Trade Marketing, Hygiene Products",0.793333333,0.7772444955904674
Database Administrator (DBA),0.85,0.7772420605796108
Database Administrator (DBA),0.783333333,0.7772305386416375
Management Trainee - Mechanical,0.85,0.7772221785662656
Network Support Engineer,0.816666667,0.7771373462125006
Mechanical Engineer,0.85,0.7769940549035519
Asst. Manager/ Manger (Administrative),0.75,0.7769897759028123
Head of Internal Control & Compliance (ICC) - SEVP/DMD,0.793333333,0.7769552728963308
Asst. Manager/ Manger (Administrative),0.773333333,0.7768818486886675
"System Administrator (Operation & Maintenance of Server, Storage & Service Desk System)",0.76,0.7768262417473911
Management Trainee - Mechanical,0.816666667,0.7768244073172174
Senior Software Engineer,0.793333333,0.7768234766707242
"System Administrator (Operation & Maintenance of Server, Storage & Service Desk System)",0.816666667,0.7768201524515551
Mechanical Engineer,0.85,0.7767906776678131
Data Science Engineer,0.85,0.7767080223137075
Data Science Engineer,0.85,0.7766813095094525
Asst. Manager/ Manger (Administrative),0.783333333,0.776668589131657
AI Engineer,0.726666667,0.7766498978096589
Management Trainee - Mechanical,0.793333333,0.7766075879320146
Intern (Generative AI Engineering - 2D/3D Image Generation),0.85,0.7766074721090288
Database Administrator (DBA),0.75,0.7765608134459205
Project Coordinator (Civil),0.85,0.7765566112393878
Intern (Generative AI Engineering - 2D/3D Image Generation),0.803333333,0.7764748373148836
Database Administrator (DBA),0.85,0.7764255025639195
AI Engineer,0.783333333,0.7764153966469785
Database Administrator (DBA),0.783333333,0.7764129592093162
Database Administrator (DBA),0.71,0.7763916350841459
"Full Stack Developer (Python,React js)",0.85,0.7763856152939866
Data Engineer,0.85,0.7763317146224792
Intern (Generative AI Engineering - 2D/3D Image Generation),0.75,0.776296055763903
"Manager- Human Resource Management (HRM)
",0.75,0.7762591235243965
"Full Stack Developer (Python,React js)",0.85,0.7762566587159867
AI Engineer,0.716666667,0.7762503585801606
Network Support Engineer,0.726666667,0.776249051659253
Executive/ Sr. Executive -IT,0.816666667,0.7762484006800521
Civil Engineer,0.85,0.7762472731556862
Network Support Engineer,0.816666667,0.7761582103582798
Mechanical Designer,0.85,0.7761536675592532
Intern (Generative AI Engineering - 2D/3D Image Generation),0.85,0.7761527768225506
Database Administrator (DBA),0.716666667,0.7760788668466222
Intern (Generative AI Engineering - 2D/3D Image Generation),0.816666667,0.7760069700926954
Network Support Engineer,0.783333333,0.7759620922183679
Management Trainee - Mechanical,0.85,0.7759600106294894
Machine Learning (ML) Engineer,0.85,0.7759365671970004
Machine Learning (ML) Engineer,0.883333333,0.7758789171416245
Senior Software Engineer,0.85,0.7758683074741384
"System Administrator (Operation & Maintenance of Server, Storage & Service Desk System)",0.826666667,0.7758618545144357
Machine Learning (ML) Engineer,0.75,0.7758163666199966
Network Support Engineer,0.716666667,0.7758101100738346
"Full Stack Developer (Python,React js)",0.906666667,0.7757749612915045
Machine Learning (ML) Engineer,0.65,0.7757511564840361
Management Trainee - Mechanical,0.816666667,0.7757340442343666
Intern (Generative AI Engineering - 2D/3D Image Generation),0.85,0.7757328042573618
Machine Learning (ML) Engineer,0.783333333,0.7757144213470565
"System Administrator (Operation & Maintenance of Server, Storage & Service Desk System)",0.826666667,0.7757085412475335
Executive/ Sr. Executive -IT,0.85,0.7756952286650901
"Full Stack Developer (Python,React js)",0.85,0.7756761655438636
Data Engineer,0.716666667,0.7756759459460388
Machine Learning (ML) Engineer,0.826666667,0.7756266311069544
Executive - VAT,0.85,0.7756093807881996
Intern (Generative AI Engineering - 2D/3D Image Generation),0.803333333,0.7756019520484201
Mechanical Designer,0.85,0.7755860680461494
"Full Stack Developer (Python,React js)",0.85,0.7755808036397023
"Manager- Human Resource Management (HRM)
",0.783333333,0.7755049550736188
Management Trainee - Mechanical,0.683333333,0.7754994221173043
Senior Software Engineer,0.85,0.7754974969278849
Network Support Engineer,0.783333333,0.7754706365915727
"Full Stack Developer (Python,React js)",0.85,0.7754693139763649
"System Administrator (Operation & Maintenance of Server, Storage & Service Desk System)",0.493333333,0.7754395722856205
Machine Learning (ML) Engineer,0.85,0.7754220304892834
Senior Software Engineer,0.85,0.7753717219392484
Sr.Officer / Executive - Internal Audit,0.816666667,0.7753506409844816
"Executive/ Senior Executive- Trade Marketing, Hygiene Products",0.716666667,0.7753381012966675
Network Support Engineer,0.85,0.7751255718237707
AI Engineer,0.783333333,0.7751217547674173
Senior Software Engineer,0.75,0.775111453178798
Project Coordinator (Civil),0.85,0.7750152259789126
"Executive/ Senior Executive- Trade Marketing, Hygiene Products",0.85,0.7749858528012045
Network Support Engineer,0.65,0.7749288361357917
"Manager- Human Resource Management (HRM)
",0.85,0.7749050212950701
"System Administrator (Operation & Maintenance of Server, Storage & Service Desk System)",0.783333333,0.7749000273120564
"System Administrator (Operation & Maintenance of Server, Storage & Service Desk System)",0.75,0.7748036552183521
"Full Stack Developer (Python,React js)",0.916666667,0.774794582481867
Senior Software Engineer,0.85,0.7747945161409882
Database Administrator (DBA),0.75,0.7747131375781163
"Full Stack Developer (Python,React js)",0.783333333,0.7747052700643086
Sr.Officer / Executive - Internal Audit,0.85,0.7746360566861442
Asst. Manager/ Manger (Administrative),0.76,0.774605156560431
"Full Stack Developer (Python,React js)",0.85,0.7745312388570358
Executive - VAT,0.716666667,0.7744920782638155
Machine Learning (ML) Engineer,0.85,0.7744861391679556
Mechanical Engineer,0.85,0.7744253443557215
Site Engineer,0.85,0.7744149288770903
Asst. Manager/ Manger (Administrative),0.816666667,0.7743580638252044
Machine Learning (ML) Engineer,0.716666667,0.7743529268976099
"System Administrator (Operation & Maintenance of Server, Storage & Service Desk System)",0.783333333,0.7743485553545205
"Executive/ Senior Executive- Trade Marketing, Hygiene Products",0.75,0.7743192009938161
Database Administrator (DBA),0.65,0.7743050108949536
Network Support Engineer,0.85,0.7742969003937129
Network Support Engineer,0.85,0.7742946431250725
Network Support Engineer,0.816666667,0.7742641473520344
Database Administrator (DBA),0.85,0.7742121544598064
Data Engineer,0.85,0.7741899551760681
"Manager- Human Resource Management (HRM)
",0.76,0.7741865530085219
Data Science Engineer,0.75,0.7741560380442856
Executive/ Sr. Executive -IT,0.85,0.7741347727488801
Network Support Engineer,0.85,0.7740860025655184
"System Administrator (Operation & Maintenance of Server, Storage & Service Desk System)",0.75,0.7740526969893835
Senior iOS Engineer,0.783333333,0.774007625244655
Network Support Engineer,0.85,0.7739643998298016
Network Support Engineer,0.76,0.7738952339730436
Data Science Engineer,0.803333333,0.7738745329817726
Data Engineer,0.816666667,0.7738600836670806
"Manager- Human Resource Management (HRM)
",0.85,0.7737849142171553
Asst. Manager/ Manger (Administrative),0.76,0.7737617301854673
"Full Stack Developer (Python,React js)",0.85,0.7737489657677621
Executive - VAT,0.816666667,0.7737145780346788
Senior Software Engineer,0.75,0.7736485009830429
Senior iOS Engineer,0.85,0.7736357314436928
Machine Learning (ML) Engineer,0.683333333,0.7736263917953139
Business Development Executive,0.85,0.77361761692173
Machine Learning (ML) Engineer,0.75,0.7736076754898242
"System Administrator (Operation & Maintenance of Server, Storage & Service Desk System)",0.85,0.7735627286367425
Network Support Engineer,0.76,0.7735535339084035
Senior Software Engineer,0.716666667,0.773543450544468
Machine Learning (ML) Engineer,0.783333333,0.7735279692899297
"Manager- Human Resource Management (HRM)
",0.816666667,0.7735232978488317
Senior Software Engineer,0.85,0.7734905831465062
Asst. Manager/ Manger (Administrative),0.793333333,0.7734331458287544
Network Support Engineer,0.85,0.7734100500434261
"System Administrator (Operation & Maintenance of Server, Storage & Service Desk System)",0.716666667,0.7733659060887933
Network Support Engineer,0.816666667,0.7733509573725639
Machine Learning (ML) Engineer,0.816666667,0.7733244979561762
"Full Stack Developer (Python,React js)",0.65,0.773319022849899
Asst. Manager/ Manger (Administrative),0.65,0.7733118297354575
Machine Learning (ML) Engineer,0.783333333,0.7733073647009276
Senior Software Engineer,0.716666667,0.7732963831330937
Senior iOS Engineer,0.816666667,0.773253650998909
Senior Software Engineer,0.85,0.7732172418490589
Machine Learning (ML) Engineer,0.783333333,0.7731978298090548
AI Engineer,0.816666667,0.7731525630684031
Machine Learning (ML) Engineer,0.85,0.7731344036623213
Database Administrator (DBA),0.75,0.7730834436362506
Data Engineer,0.816666667,0.7730615874787286
AI Engineer,0.85,0.7730445607523041
Business Development Executive,0.85,0.7729932198145407
Machine Learning (ML) Engineer,0.85,0.7729641027925855
Senior Software Engineer,0.816666667,0.7729537979768315
"System Administrator (Operation & Maintenance of Server, Storage & Service Desk System)",0.85,0.772947644686698
Database Administrator (DBA),0.793333333,0.7729239452765616
Network Support Engineer,0.716666667,0.7729102871571796
"Full Stack Developer (Python,React js)",0.85,0.7728996494841163
Senior iOS Engineer,0.85,0.7728839217374223
Intern (Generative AI Engineering - 2D/3D Image Generation),0.85,0.7728583715665887
"Executive/ Senior Executive- Trade Marketing, Hygiene Products",0.816666667,0.7728208223691464
Management Trainee - Mechanical,0.75,0.7727861693979828
Sr.Officer / Executive - Internal Audit,0.843333333,0.7727235257830296
Asst. Manager/ Manger (Administrative),0.816666667,0.7727232496096628
Head of Internal Control & Compliance (ICC) - SEVP/DMD,0.816666667,0.7727079631189683
Senior Software Engineer,0.85,0.772707335143064
Machine Learning (ML) Engineer,0.85,0.7725604213266632
"System Administrator (Operation & Maintenance of Server, Storage & Service Desk System)",0.85,0.7725490373176058
Database Administrator (DBA),0.716666667,0.7724853637503599
Senior Software Engineer,0.816666667,0.7724729228233914
HR Officer,0.816666667,0.7724576712341982
Network Support Engineer,0.803333333,0.7724544063902921
Asst. Manager/ Manger (Administrative),0.716666667,0.7724354818674037
"System Administrator (Operation & Maintenance of Server, Storage & Service Desk System)",0.793333333,0.7723953625800821
DevOps Engineer,0.85,0.7722875819774312
Executive/ Sr. Executive -IT,0.85,0.7722674329429073
Senior Software Engineer,0.816666667,0.7722242412455939
Data Science Engineer,0.85,0.7722136453100694
Marketing Officer,0.85,0.7722062518239268
Data Science Engineer,0.85,0.77217530872567
Intern (Generative AI Engineering - 2D/3D Image Generation),0.816666667,0.7721382653851279
Project Coordinator (Civil),0.803333333,0.7720219093455446
Machine Learning (ML) Engineer,0.78,0.7719569809708443
Head of Internal Control & Compliance (ICC) - SEVP/DMD,0.85,0.7719540732734201
Network Support Engineer,0.816666667,0.7718971596674332
Management Trainee - Mechanical,0.816666667,0.7718737966747335
"Manager- Human Resource Management (HRM)
",0.85,0.7718406784050887
Executive/ Sr. Executive -IT,0.783333333,0.771808277942198
Asst. Manager/ Manger (Administrative),0.76,0.7717890928993382
Business Development Executive,0.85,0.7716623695707643
Database Administrator (DBA),0.716666667,0.7716549027806379
AI Engineer,0.76,0.7716350755780712
Network Support Engineer,0.816666667,0.7715603050739503
Database Administrator (DBA),0.676666667,0.7715564191135075
Network Support Engineer,0.65,0.7715340437624406
Data Science Engineer,0.783333333,0.771531892482472
Data Science Engineer,0.85,0.7714978800683535
AI Engineer,0.816666667,0.7714749964341823
Data Science Engineer,0.76,0.771466356422091
"System Administrator (Operation & Maintenance of Server, Storage & Service Desk System)",0.75,0.7714302589729134
Machine Learning (ML) Engineer,0.816666667,0.7714222700736599
Database Administrator (DBA),0.716666667,0.7713656064202946
Civil Engineer,0.816666667,0.771347674340032
Database Administrator (DBA),0.783333333,0.7712986489015576
Senior iOS Engineer,0.75,0.7711987573724521
Intern (Generative AI Engineering - 2D/3D Image Generation),0.666666667,0.7711878178441419
Intern (Generative AI Engineering - 2D/3D Image Generation),0.85,0.77117383137528
Intern (Generative AI Engineering - 2D/3D Image Generation),0.85,0.7711287945577474
Site Engineer,0.85,0.7711253257663927
"Full Stack Developer (Python,React js)",0.85,0.7711149053906199
Asst. Manager/ Manger (Administrative),0.75,0.7711090982362775
Senior Software Engineer,0.85,0.7710887407704523
Machine Learning (ML) Engineer,0.826666667,0.7710714531926111
"Executive/ Senior Executive- Trade Marketing, Hygiene Products",0.75,0.7710037824126106
Database Administrator (DBA),0.783333333,0.7709999948584351
Database Administrator (DBA),0.816666667,0.7709708220106047
Database Administrator (DBA),0.716666667,0.7709658450541395
Head of Internal Control & Compliance (ICC) - SEVP/DMD,0.893333333,0.7709557212487773
Executive/ Sr. Executive -IT,0.76,0.7709292838361786
Machine Learning (ML) Engineer,0.716666667,0.7709281045949603
Senior iOS Engineer,0.65,0.7709228188770249
Mechanical Designer,0.816666667,0.7709108148093999
"Full Stack Developer (Python,React js)",0.85,0.7709075609345988
"Full Stack Developer (Python,React js)",0.783333333,0.7709057269924892
Management Trainee - Mechanical,0.75,0.7708593264116405
Intern (Generative AI Engineering - 2D/3D Image Generation),0.85,0.7707433487215243
"Full Stack Developer (Python,React js)",0.85,0.7707415389769178
Senior iOS Engineer,0.716666667,0.7706834694287021
Mechanical Designer,0.803333333,0.7706590839340547
Machine Learning (ML) Engineer,0.85,0.7706208951249816
"Executive/ Senior Executive- Trade Marketing, Hygiene Products",0.85,0.7706048833409216
Senior iOS Engineer,0.85,0.7705979276026711
Network Support Engineer,0.75,0.7705903578302341
"System Administrator (Operation & Maintenance of Server, Storage & Service Desk System)",0.783333333,0.7705891529111977
Sr.Officer / Executive - Internal Audit,0.85,0.7705761933494909
Data Science Engineer,0.85,0.7705213820536586
Senior iOS Engineer,0.793333333,0.7704985215455805
Intern (Generative AI Engineering - 2D/3D Image Generation),0.816666667,0.7704908688022654
Project Coordinator (Civil),0.75,0.7704813026600407
Network Support Engineer,0.826666667,0.7704472077785806
Data Engineer,0.783333333,0.7704311430460901
"System Administrator (Operation & Maintenance of Server, Storage & Service Desk System)",0.85,0.7704060631164095
Management Trainee - Mechanical,0.75,0.7703722667393342
Civil Engineer,0.783333333,0.7703572764130626
Database Administrator (DBA),0.761666667,0.7703118760256046
Intern (Generative AI Engineering - 2D/3D Image Generation),0.65,0.7703057282221154
Management Trainee - Mechanical,0.85,0.7703040403669612
Senior Software Engineer,0.783333333,0.7702162753839387
Database Administrator (DBA),0.716666667,0.7702158481650297
Head of Internal Control & Compliance (ICC) - SEVP/DMD,0.85,0.7701837231187632
Intern (Generative AI Engineering - 2D/3D Image Generation),0.726666667,0.7701666613347861
Head of Internal Control & Compliance (ICC) - SEVP/DMD,0.826666667,0.7701496608468404
"System Administrator (Operation & Maintenance of Server, Storage & Service Desk System)",0.85,0.7701357744693874
Senior iOS Engineer,0.85,0.7700954988682286
Senior Software Engineer,0.85,0.7700953087757402
Business Development Executive,0.85,0.7700604254398897
"Executive/ Senior Executive- Trade Marketing, Hygiene Products",0.75,0.7699987371503141
Management Trainee - Mechanical,0.85,0.7699949679853778
AI Engineer,0.783333333,0.7699876804057911
Intern (Generative AI Engineering - 2D/3D Image Generation),0.783333333,0.7699810039108482
Senior iOS Engineer,0.85,0.7699776270671878
Mechanical Designer,0.826666667,0.7699451350636383
Management Trainee - Mechanical,0.75,0.7699407629301476
"Manager- Human Resource Management (HRM)
",0.85,0.7699399973774538
Asst. Manager/ Manger (Administrative),0.816666667,0.7699095613159815
Network Support Engineer,0.76,0.7698946325620555
"Full Stack Developer (Python,React js)",0.75,0.7698037553104184
"System Administrator (Operation & Maintenance of Server, Storage & Service Desk System)",0.826666667,0.7697749825058133
Network Support Engineer,0.85,0.7697729839144482
Network Support Engineer,0.65,0.7697655968120285
Executive/ Sr. Executive -IT,0.75,0.7697215648966889
"System Administrator (Operation & Maintenance of Server, Storage & Service Desk System)",0.85,0.7696973976356554
"System Administrator (Operation & Maintenance of Server, Storage & Service Desk System)",0.783333333,0.7696579938166827
Management Trainee - Mechanical,0.85,0.7696571449728276
Database Administrator (DBA),0.783333333,0.7696404276503515
AI Engineer,0.783333333,0.7696375271898014
Data Science Engineer,0.726666667,0.7695668920618465
"Executive/ Senior Executive- Trade Marketing, Hygiene Products",0.65,0.7695438516447359
Head of Internal Control & Compliance (ICC) - SEVP/DMD,0.85,0.7693842748313855
Network Support Engineer,0.796333333,0.7693637873854913
Data Science Engineer,0.803333333,0.7693583065482287
"Executive/ Senior Executive- Trade Marketing, Hygiene Products",0.77,0.7692571912405257
Senior iOS Engineer,0.716666667,0.7692359185293851
"Executive/ Senior Executive- Trade Marketing, Hygiene Products",0.826666667,0.7691686141456654
Data Science Engineer,0.85,0.7691406109535511
Network Support Engineer,0.716666667,0.7691115585941184
Data Science Engineer,0.816666667,0.7690871345180597
"Full Stack Developer (Python,React js)",0.85,0.7690775017911398
Senior iOS Engineer,0.85,0.769035839914797
"System Administrator (Operation & Maintenance of Server, Storage & Service Desk System)",0.816666667,0.7690236929425853
Network Support Engineer,0.85,0.7690167133234889
Machine Learning (ML) Engineer,0.85,0.7689794649028079
Senior Software Engineer,0.726666667,0.7689562953017065
HR Officer,0.783333333,0.7689290041265198
Executive/ Sr. Executive -IT,0.783333333,0.7688528349627576
"Manager- Human Resource Management (HRM)
",0.85,0.7688149009554274
Machine Learning (ML) Engineer,0.85,0.7687295543417761
Network Support Engineer,0.76,0.7687166518283036
Intern (Generative AI Engineering - 2D/3D Image Generation),0.716666667,0.7686734301945398
DevOps Engineer,0.781666667,0.7686298279565936
Project Coordinator (Civil),0.85,0.768622856820706
"Executive/ Senior Executive- Trade Marketing, Hygiene Products",0.71,0.7685763123762127
Senior Software Engineer,0.816666667,0.7685684861924926
Management Trainee - Mechanical,0.793333333,0.7685070155607024
Machine Learning (ML) Engineer,0.85,0.7684524793682855
Machine Learning (ML) Engineer,0.683333333,0.7684409532722947
Senior iOS Engineer,0.716666667,0.7684361676667524
Network Support Engineer,0.783333333,0.7684207390498136
Executive/ Sr. Executive -IT,0.783333333,0.7684022832980071
Civil Engineer,0.85,0.7683617473872386
Senior Software Engineer,0.85,0.7683441570228243
"System Administrator (Operation & Maintenance of Server, Storage & Service Desk System)",0.826666667,0.7682994577216912
"Manager- Human Resource Management (HRM)
",0.85,0.7682840345286632
Asst. Manager/ Manger (Administrative),0.893333333,0.7682544770720215
Machine Learning (ML) Engineer,0.816666667,0.7682082136824437
"System Administrator (Operation & Maintenance of Server, Storage & Service Desk System)",0.826666667,0.7681523629420323
"Executive/ Senior Executive- Trade Marketing, Hygiene Products",0.85,0.7680872719668655
"Manager- Human Resource Management (HRM)
",0.826666667,0.7680758612992621
Sr.Officer / Executive - Internal Audit,0.826666667,0.7680573713709755
Senior iOS Engineer,0.716666667,0.7680078885611199
Senior Software Engineer,0.75,0.7679719407256164
Management Trainee - Mechanical,0.85,0.7679476128259466
Network Support Engineer,0.783333333,0.7679314718630265
Machine Learning (ML) Engineer,0.75,0.7678832722736927
"System Administrator (Operation & Maintenance of Server, Storage & Service Desk System)",0.816666667,0.767856683259555
"System Administrator (Operation & Maintenance of Server, Storage & Service Desk System)",0.74,0.7678350473155721
Management Trainee - Mechanical,0.726666667,0.7678349960656972
"Manager- Human Resource Management (HRM)
",0.783333333,0.7678310731437169
Data Science Engineer,0.85,0.7678245451319843
Network Support Engineer,0.85,0.7678013890424743
Head of Internal Control & Compliance (ICC) - SEVP/DMD,0.85,0.7677739677503528
Machine Learning (ML) Engineer,0.81,0.7676960376499624
"System Administrator (Operation & Maintenance of Server, Storage & Service Desk System)",0.85,0.7676923863067666
Executive/ Sr. Executive -IT,0.85,0.7676530898412288
"Full Stack Developer (Python,React js)",0.85,0.7676126972160879
Asst. Manager/ Manger (Administrative),0.826666667,0.7675908308277944
Senior iOS Engineer,0.85,0.7674907927560832
Sr.Officer / Executive - Internal Audit,0.85,0.767486345577904
Senior Software Engineer,0.816666667,0.7674843095892692
Machine Learning (ML) Engineer,0.716666667,0.7674774428942195
Sr.Officer / Executive - Internal Audit,0.826666667,0.7674759027175548
Senior iOS Engineer,0.783333333,0.7673997223789596
Senior iOS Engineer,0.803333333,0.7673946614794809
AI Engineer,0.75,0.7673343225895739
Intern (Generative AI Engineering - 2D/3D Image Generation),0.75,0.7672980349458844
Network Support Engineer,0.803333333,0.7672833702029825
Asst. Manager/ Manger (Administrative),0.75,0.7672643719200692
Machine Learning (ML) Engineer,0.816666667,0.7671433086650163
Mechanical Engineer,0.716666667,0.7670621150564177
Management Trainee - Mechanical,0.75,0.7670282844823647
Management Trainee - Mechanical,0.783333333,0.7669998758525948
Management Trainee - Mechanical,0.783333333,0.7669949284701226
Senior iOS Engineer,0.85,0.7669863153798577
Senior iOS Engineer,0.75,0.7669836265647881
Senior iOS Engineer,0.85,0.7669780587929039
HR Officer,0.783333333,0.7669588170334927
"Manager- Human Resource Management (HRM)
",0.816666667,0.7669510685418974
Management Trainee - Mechanical,0.716666667,0.7669373346018673
Mechanical Designer,0.85,0.7668827054352664
Intern (Generative AI Engineering - 2D/3D Image Generation),0.783333333,0.76685300473708
Machine Learning (ML) Engineer,0.826666667,0.7668406484503781
Management Trainee - Mechanical,0.783333333,0.7668391929613005
Machine Learning (ML) Engineer,0.683333333,0.7667934625569565
Network Support Engineer,0.75,0.766755983722326
Senior Software Engineer,0.85,0.7667408943324795
Database Administrator (DBA),0.816666667,0.7667020398148623
Network Support Engineer,0.85,0.7666996178052281
Project Coordinator (Civil),0.85,0.7666630713725227
Data Science Engineer,0.77,0.766648833988026
Database Administrator (DBA),0.783333333,0.7666130085675572
AI Engineer,0.85,0.7665139369023957
Executive/ Sr. Executive -IT,0.763,0.766512089643395
Asst. Manager/ Manger (Administrative),0.76,0.7665112893769788
Sr.Officer / Executive - Internal Audit,0.716666667,0.7664722889896605
Mechanical Engineer,0.75,0.7664708747821452
Asst. Manager/ Manger (Administrative),0.783333333,0.7663741335562726
Machine Learning (ML) Engineer,0.85,0.766331144171072
Mechanical Engineer,0.683333333,0.7662751665641512
Project Coordinator (Civil),0.85,0.7662496492897338
Intern (Generative AI Engineering - 2D/3D Image Generation),0.783333333,0.7661940575694967
Senior iOS Engineer,0.816666667,0.7660804702352667
Asst. Manager/ Manger (Administrative),0.75,0.766051735550843
Executive - VAT,0.75,0.7660484998014183
"System Administrator (Operation & Maintenance of Server, Storage & Service Desk System)",0.816666667,0.7659454835878103
Network Support Engineer,0.816666667,0.7658508054563986
Marketing Officer,0.85,0.7657944266187261
Project Coordinator (Civil),0.85,0.7657925215305723
Executive - VAT,0.793333333,0.7657128289088159
Sr.Officer / Executive - Internal Audit,0.85,0.7657071147330029
Intern (Generative AI Engineering - 2D/3D Image Generation),0.783333333,0.7657024938654416
DevOps Engineer,0.77,0.7656635154114676
Intern (Generative AI Engineering - 2D/3D Image Generation),0.85,0.7656552618674048
Marketing Officer,0.85,0.7656188680244951
Mechanical Engineer,0.826666667,0.7655827181803503
Head of Internal Control & Compliance (ICC) - SEVP/DMD,0.793333333,0.765494716916822
Network Support Engineer,0.826666667,0.7654674315063228
Database Administrator (DBA),0.783333,0.7654538329327409
Intern (Generative AI Engineering - 2D/3D Image Generation),0.75,0.76544487888133
Project Coordinator (Civil),0.783333333,0.7654431204617026
Mechanical Designer,0.793333333,0.7654352948433057
Business Development Executive,0.85,0.7654344373985154
Senior Software Engineer,0.85,0.7654178442076796
Data Science Engineer,0.85,0.7653941765277619
HR Officer,0.75,0.7653850031760444
AI Engineer,0.85,0.7653678849097545
"Executive/ Senior Executive- Trade Marketing, Hygiene Products",0.716666667,0.7653668196507935
Sr.Officer / Executive - Internal Audit,0.85,0.7652723741482605
Mechanical Engineer,0.75,0.7652571593305849
Network Support Engineer,0.85,0.7652209426919647
"Full Stack Developer (Python,React js)",0.85,0.7651852195087756
Data Science Engineer,0.85,0.7651783195439505
Database Administrator (DBA),0.826666667,0.7651780810012418
Asst. Manager/ Manger (Administrative),0.783333333,0.7650661575456502
Sr.Officer / Executive - Internal Audit,0.783333333,0.7650638618402792
"Executive/ Senior Executive- Trade Marketing, Hygiene Products",0.85,0.7649627958654341
"Full Stack Developer (Python,React js)",0.746666667,0.7649521627529432
Intern (Generative AI Engineering - 2D/3D Image Generation),0.65,0.7649266067851624
Database Administrator (DBA),0.816666667,0.7648668278357152
"System Administrator (Operation & Maintenance of Server, Storage & Service Desk System)",0.743333333,0.7648453142370095
"Full Stack Developer (Python,React js)",0.716666667,0.7647895778120358
Machine Learning (ML) Engineer,0.816666667,0.7647419364189268
"Full Stack Developer (Python,React js)",0.85,0.764713842902231
Senior iOS Engineer,0.783333333,0.7646065916818837
AI Engineer,0.783333333,0.7646025687275677
Site Engineer,0.85,0.7645705279661323
AI Engineer,0.783333333,0.7645668765849535
DevOps Engineer,0.85,0.7645566109288143
Mechanical Engineer,0.783333333,0.7645459171373908
Executive/ Sr. Executive -IT,0.783333333,0.7645193236269411
Intern (Generative AI Engineering - 2D/3D Image Generation),0.85,0.764508830146987
"Manager- Human Resource Management (HRM)
",0.85,0.7644943877882501
Senior Software Engineer,0.65,0.7643055662520388
Machine Learning (ML) Engineer,0.716666667,0.7642897871407746
Database Administrator (DBA),0.76,0.7642772374393886
"System Administrator (Operation & Maintenance of Server, Storage & Service Desk System)",0.803333333,0.7642642581007983
Senior iOS Engineer,0.783333333,0.7642343212830749
Database Administrator (DBA),0.85,0.7642194919289512
Senior iOS Engineer,0.76,0.7642186754456255
"Manager- Human Resource Management (HRM)
",0.783333333,0.7640631507698071
Asst. Manager/ Manger (Administrative),0.76,0.7640554669813117
Database Administrator (DBA),0.85,0.7640167820047363
"Executive/ Senior Executive- Trade Marketing, Hygiene Products",0.816666667,0.7639278876508225
Intern (Generative AI Engineering - 2D/3D Image Generation),0.85,0.7639199812477571
Management Trainee - Mechanical,0.773333333,0.7639167415288427
Database Administrator (DBA),0.716666667,0.7638576769624421
"System Administrator (Operation & Maintenance of Server, Storage & Service Desk System)",0.826666667,0.7637963857349502
HR Officer,0.783333333,0.7637642968885908
Senior iOS Engineer,0.85,0.7636760795502021
Intern (Generative AI Engineering - 2D/3D Image Generation),0.793222,0.7636407725854997
"Full Stack Developer (Python,React js)",0.816666667,0.7636037060828623
"System Administrator (Operation & Maintenance of Server, Storage & Service Desk System)",0.75,0.7635885443650542
Executive/ Sr. Executive -IT,0.85,0.7635138842171779
Executive/ Sr. Executive -IT,0.883333333,0.7635040491127869
"Executive/ Senior Executive- Trade Marketing, Hygiene Products",0.716666667,0.7634826518405159
Executive - VAT,0.716666667,0.7634648886832505
Asst. Manager/ Manger (Administrative),0.85,0.7634343309883413
"System Administrator (Operation & Maintenance of Server, Storage & Service Desk System)",0.683333333,0.7633505559051725
Business Development Executive,0.85,0.7632729899398967
Database Administrator (DBA),0.783333333,0.7631781092326012
AI Engineer,0.716666667,0.7631767412592646
DevOps Engineer,0.85,0.7631454984479474
Machine Learning (ML) Engineer,0.85,0.7631454056885105
Asst. Manager/ Manger (Administrative),0.716666667,0.7630485216987616
Executive/ Sr. Executive -IT,0.783333333,0.7630458272246465
Intern (Generative AI Engineering - 2D/3D Image Generation),0.85,0.76303709598744
Management Trainee - Mechanical,0.85,0.7629456503706609
Senior iOS Engineer,0.76,0.762937907332099
Project Coordinator (Civil),0.85,0.7629114022482776
Mechanical Engineer,0.65,0.762901821874862
Intern (Generative AI Engineering - 2D/3D Image Generation),0.783333333,0.7628044525579795
Machine Learning (ML) Engineer,0.85,0.7627825438192869
Mechanical Engineer,0.85,0.7627793005278961
Intern (Generative AI Engineering - 2D/3D Image Generation),0.716666667,0.7627763664664201
"System Administrator (Operation & Maintenance of Server, Storage & Service Desk System)",0.85,0.7627719598329551
Senior Software Engineer,0.85,0.7627264018067007
AI Engineer,0.816666667,0.7627051264040579
Database Administrator (DBA),0.783333333,0.7627045307505376
Management Trainee - Mechanical,0.643333333,0.7627031991797935
Senior Software Engineer,0.85,0.7626643485656658
"Full Stack Developer (Python,React js)",0.75,0.7626577476542536
Asst. Manager/ Manger (Administrative),0.816666667,0.7626536882825155
AI Engineer,0.716666667,0.7625945811081883
Head of Internal Control & Compliance (ICC) - SEVP/DMD,0.816666667,0.7625844250372481
Executive/ Sr. Executive -IT,0.85,0.7625734465586775
Database Administrator (DBA),0.793333333,0.7625677360637492
Intern (Generative AI Engineering - 2D/3D Image Generation),0.816666667,0.7625154278392867
"Manager- Human Resource Management (HRM)
",0.803333333,0.7625099072953335
Management Trainee - Mechanical,0.85,0.7624889921803317
Data Science Engineer,0.65,0.7624819969094223
Executive/ Sr. Executive -IT,0.75,0.7624664568789983
"Full Stack Developer (Python,React js)",0.85,0.7624576336132736
"Full Stack Developer (Python,React js)",0.816666667,0.7624502698189008
Machine Learning (ML) Engineer,0.683333333,0.7624466794249876
Senior Software Engineer,0.85,0.7623744429045228
"Full Stack Developer (Python,React js)",0.85,0.7623359104743935
Sr.Officer / Executive - Internal Audit,0.85,0.7623034448452142
"Full Stack Developer (Python,React js)",0.94,0.7622371762187212
Management Trainee - Mechanical,0.65,0.7621643650254439
Sr.Officer / Executive - Internal Audit,0.85,0.7620755611206707
Marketing Officer,0.783333333,0.7620209051574413
Sr.Officer / Executive - Internal Audit,0.76,0.7620143275892131
Network Support Engineer,0.75,0.7618886541937525
Data Science Engineer,0.816666667,0.7618736739461315
"System Administrator (Operation & Maintenance of Server, Storage & Service Desk System)",0.793333333,0.7618610374020806
Database Administrator (DBA),0.726666667,0.7617178141176482
"System Administrator (Operation & Maintenance of Server, Storage & Service Desk System)",0.763333333,0.7617130034721287
Database Administrator (DBA),0.816666667,0.7616646432824783
Machine Learning (ML) Engineer,0.85,0.7616291824910377
Mechanical Engineer,0.85,0.761560732680582
Machine Learning (ML) Engineer,0.716666667,0.7615522106402587
"Executive/ Senior Executive- Trade Marketing, Hygiene Products",0.793333333,0.7614899028804352
Data Engineer,0.85,0.7614765322771629
Data Engineer,0.816666667,0.7614704047467835
DevOps Engineer,0.85,0.7614274200551427
Network Support Engineer,0.783333333,0.761408215036374
HR Officer,0.783333333,0.7613775522638948
Network Support Engineer,0.816666667,0.7612961364762593
Asst. Manager/ Manger (Administrative),0.783333333,0.7612468193755302
AI Engineer,0.783333333,0.7611525085415342
"Executive/ Senior Executive- Trade Marketing, Hygiene Products",0.52,0.7611146228739116
DevOps Engineer,0.85,0.7610993539906703
Machine Learning (ML) Engineer,0.65,0.7610416978300454
Head of Internal Control & Compliance (ICC) - SEVP/DMD,0.75,0.7610312883273969
Project Coordinator (Civil),0.65,0.7609332839320554
Data Engineer,0.826666667,0.7609083689924397
Network Support Engineer,0.793333333,0.7609061388268904
Executive/ Sr. Executive -IT,0.683333333,0.7608618319511021
"Executive/ Senior Executive- Trade Marketing, Hygiene Products",0.76,0.7608574363419149
"Full Stack Developer (Python,React js)",0.716666667,0.7608527855507767
Sr.Officer / Executive - Internal Audit,0.826666667,0.7608249766813361
Head of Internal Control & Compliance (ICC) - SEVP/DMD,0.85,0.7608011629927296
"Full Stack Developer (Python,React js)",0.85,0.7607628246171754
"Manager- Human Resource Management (HRM)
",0.75,0.7606587701798012
Network Support Engineer,0.77,0.7606544390901278
"Full Stack Developer (Python,React js)",0.85,0.7606198897035898
Network Support Engineer,0.736666667,0.7605919897641682
Senior iOS Engineer,0.716666667,0.7605779519876918
"Full Stack Developer (Python,React js)",0.85,0.7605296895717795
Senior iOS Engineer,0.85,0.7605172368191873
AI Engineer,0.85,0.7603839247799323
Sr.Officer / Executive - Internal Audit,0.75,0.7603670188303436
AI Engineer,0.783333333,0.7602902590966891
"Full Stack Developer (Python,React js)",0.716666667,0.7602534614935469
"Full Stack Developer (Python,React js)",0.85,0.7602519775922807
AI Engineer,0.85,0.7602321348880465
Machine Learning (ML) Engineer,0.85,0.7602128368014525
"System Administrator (Operation & Maintenance of Server, Storage & Service Desk System)",0.85,0.7601888162227389
Machine Learning (ML) Engineer,0.826666667,0.7601272915248246
"Full Stack Developer (Python,React js)",0.85,0.7601206120334237
Senior iOS Engineer,0.75,0.7600770544941347
"Manager- Human Resource Management (HRM)
",0.826666667,0.7600472806746329
"Manager- Human Resource Management (HRM)
",0.75,0.7600171927521677
Asst. Manager/ Manger (Administrative),0.826666667,0.7599850018948521
DevOps Engineer,0.85,0.7599822543651882
Database Administrator (DBA),0.783333333,0.7599408079523499
Senior iOS Engineer,0.85,0.7598791992462398
Sr.Officer / Executive - Internal Audit,0.826666667,0.7598770836606277
"Full Stack Developer (Python,React js)",0.85,0.7598710617903942
Management Trainee - Mechanical,0.75,0.7598115511394771
Network Support Engineer,0.693333333,0.759776387643335
Machine Learning (ML) Engineer,0.65,0.7597591967362272
Database Administrator (DBA),0.826666667,0.7597286181853403
Data Science Engineer,0.816666667,0.7596349519753699
Senior iOS Engineer,0.85,0.75956461474476
Mechanical Designer,0.85,0.7595556982281788
Project Coordinator (Civil),0.783333333,0.7595278924023375
Network Support Engineer,0.726666667,0.7595199261238655
Asst. Manager/ Manger (Administrative),0.75,0.7594274038005423
Executive/ Sr. Executive -IT,0.75,0.7594258496612619
Mechanical Designer,0.873333333,0.7593876779060457
DevOps Engineer,0.783333333,0.7593547345240392
HR Officer,0.75,0.7593380590083554
"Executive/ Senior Executive- Trade Marketing, Hygiene Products",0.683333333,0.7593211149371395
Database Administrator (DBA),0.816666667,0.759293743887164
"Manager- Human Resource Management (HRM)
",0.75,0.759285180470041
Executive/ Sr. Executive -IT,0.75,0.7592632753118239
"Full Stack Developer (Python,React js)",0.75,0.759226267449481
Network Support Engineer,0.85,0.7591928177163499
Project Coordinator (Civil),0.793333333,0.759137794432388
"Manager- Human Resource Management (HRM)
",0.76,0.759120822392234
"Executive/ Senior Executive- Trade Marketing, Hygiene Products",0.716666667,0.7590389350766532
Project Coordinator (Civil),0.826666667,0.7589250899261875
Business Development Executive,0.35,0.758908919098025
Senior Software Engineer,0.85,0.7589055415018474
Executive - VAT,0.683333333,0.7589054506517297
Data Science Engineer,0.816666667,0.7588947016520418
Senior Software Engineer,0.816666667,0.7588887542477358
"Executive/ Senior Executive- Trade Marketing, Hygiene Products",0.783333333,0.7588778787530086
"System Administrator (Operation & Maintenance of Server, Storage & Service Desk System)",0.75,0.7588523204489321
Business Development Executive,0.683333333,0.7588082381114694
Executive/ Sr. Executive -IT,0.793333333,0.7587874094041956
"System Administrator (Operation & Maintenance of Server, Storage & Service Desk System)",0.85,0.7587136998773736
Network Support Engineer,0.826666667,0.7586674836774752
Database Administrator (DBA),0.75,0.7586392522030408
Data Science Engineer,0.783333333,0.7586067609604205
Data Science Engineer,0.296666667,0.7585248913332598
Asst. Manager/ Manger (Administrative),0.783333333,0.7585073557986581
Project Coordinator (Civil),0.816666667,0.7585034661438662
"Manager- Human Resource Management (HRM)
",0.803333333,0.7585012272994813
Executive/ Sr. Executive -IT,0.783333333,0.7584290096613168
Database Administrator (DBA),0.686666667,0.7584127544114742
AI Engineer,0.65,0.758411074444598
AI Engineer,0.75,0.7584054036009679
Network Support Engineer,0.75,0.7584053054774147
"System Administrator (Operation & Maintenance of Server, Storage & Service Desk System)",0.55,0.7583608908816898
Data Science Engineer,0.683333333,0.7583435377836566
Network Support Engineer,0.77,0.758317138826203
Data Science Engineer,0.85,0.7582632634358591
Database Administrator (DBA),0.716666667,0.7582084988114943
Network Support Engineer,0.816666667,0.7581771188711037
AI Engineer,0.716666667,0.7581397751341137
"Manager- Human Resource Management (HRM)
",0.783333333,0.758100505216051
"Full Stack Developer (Python,React js)",0.816666667,0.7580705758210574
HR Officer,0.816666667,0.7580667096678149
Network Support Engineer,0.783333333,0.7580559769590148
Business Development Executive,0.826666667,0.7580187921821032
"System Administrator (Operation & Maintenance of Server, Storage & Service Desk System)",0.816666667,0.7579919544519346
"Executive/ Senior Executive- Trade Marketing, Hygiene Products",0.816666667,0.7579779776429124
Network Support Engineer,0.793333333,0.7579288147156595
Senior Software Engineer,0.85,0.75789045101752
Mechanical Engineer,0.783333333,0.757874393335902
Intern (Generative AI Engineering - 2D/3D Image Generation),0.816666667,0.75784974231266
Database Administrator (DBA),0.85,0.7578345398996745
"System Administrator (Operation & Maintenance of Server, Storage & Service Desk System)",0.85,0.7577684409998473
Mechanical Engineer,0.793333333,0.7577503416708563
Management Trainee - Mechanical,0.85,0.7576541824418218
AI Engineer,0.75,0.7576517793841262
"System Administrator (Operation & Maintenance of Server, Storage & Service Desk System)",0.75,0.7576502675334358
"Executive/ Senior Executive- Trade Marketing, Hygiene Products",0.793333333,0.7576417674325854
AI Engineer,0.783333333,0.7575860190754151
Network Support Engineer,0.683333333,0.7575453702258153
Head of Internal Control & Compliance (ICC) - SEVP/DMD,0.65,0.7575327845586222
HR Officer,0.75,0.7575196580243343
Executive/ Sr. Executive -IT,0.85,0.7575113151208831
Machine Learning (ML) Engineer,0.683333333,0.7575020299900834
Executive/ Sr. Executive -IT,0.85,0.7574929920917642
Civil Engineer,0.793333333,0.7574340464712259
Civil Engineer,0.683333333,0.757369268657392
"Executive/ Senior Executive- Trade Marketing, Hygiene Products",0.85,0.7573405582197997
Civil Engineer,0.75,0.757223433113261
AI Engineer,0.816666667,0.7572231304121365
DevOps Engineer,0.85,0.7571684559796595
HR Officer,0.86,0.7571303430358678
Network Support Engineer,0.716666667,0.7571032918951911
Senior iOS Engineer,0.64,0.7570621132570975
AI Engineer,0.683333333,0.7570243037903327
"System Administrator (Operation & Maintenance of Server, Storage & Service Desk System)",0.714999333,0.757020445407219
Executive/ Sr. Executive -IT,0.85,0.7569962094493624
"Manager- Human Resource Management (HRM)
",0.816666667,0.7569838666517732
AI Engineer,0.816666667,0.7569759370775787
AI Engineer,0.716666667,0.7569742180100014
Network Support Engineer,0.793333333,0.756939865654865
HR Officer,0.683333333,0.7568854588156549
Network Support Engineer,0.726666667,0.7567565625045486
Mechanical Designer,0.716666667,0.7567551927350421
Asst. Manager/ Manger (Administrative),0.903333333,0.7567415917998407
Civil Engineer,0.783333333,0.7566786822734807
AI Engineer,0.75,0.7566770042464386
"System Administrator (Operation & Maintenance of Server, Storage & Service Desk System)",0.793333333,0.7565996964684262
Database Administrator (DBA),0.75,0.7565068664194747
Data Science Engineer,0.816666667,0.7564654798729193
"Full Stack Developer (Python,React js)",0.85,0.7564295815553674
Network Support Engineer,0.826666667,0.7562976190058884
Executive/ Sr. Executive -IT,0.85,0.7562563476431882
AI Engineer,0.75,0.7562498558180987
Civil Engineer,0.85,0.7562457071717297
Management Trainee - Mechanical,0.783333333,0.7562367354102217
"Executive/ Senior Executive- Trade Marketing, Hygiene Products",0.803333333,0.7561959728826292
Senior Software Engineer,0.816666667,0.7561783247388622
AI Engineer,0.716666667,0.7561706442005622
"Executive/ Senior Executive- Trade Marketing, Hygiene Products",0.716666667,0.7561583801770394
Network Support Engineer,0.816666667,0.7561497485854822
Senior iOS Engineer,0.793333333,0.7561468864626852
Database Administrator (DBA),0.793333333,0.756122653276944
Senior iOS Engineer,0.816666667,0.7561145377235826
Intern (Generative AI Engineering - 2D/3D Image Generation),0.816666667,0.7560976100528475
"Executive/ Senior Executive- Trade Marketing, Hygiene Products",0.75,0.756096611141449
Intern (Generative AI Engineering - 2D/3D Image Generation),0.683333333,0.756061506023294
DevOps Engineer,0.85,0.7560600929351292
"Executive/ Senior Executive- Trade Marketing, Hygiene Products",0.65,0.7560118922111349
"Full Stack Developer (Python,React js)",0.75,0.7559977449114885
Data Science Engineer,0.85,0.7559806166530465
Asst. Manager/ Manger (Administrative),0.816666667,0.7559577339458992
AI Engineer,0.65,0.7559239457680413
Intern (Generative AI Engineering - 2D/3D Image Generation),0.783333333,0.7559021028548447
Executive - VAT,0.816666667,0.7558809337913008
AI Engineer,0.783333333,0.755862932543924
"Full Stack Developer (Python,React js)",0.783333333,0.7558607611621349
Executive/ Sr. Executive -IT,0.826666667,0.7558375853017112
AI Engineer,0.783333333,0.7558184754080147
Senior Software Engineer,0.716666667,0.7557740325539872
Sr.Officer / Executive - Internal Audit,0.816666667,0.7557279915886218
Mechanical Engineer,0.816666667,0.7556986879333364
Civil Engineer,0.85,0.7556972490154368
Senior iOS Engineer,0.783333333,0.7556871171530684
"Executive/ Senior Executive- Trade Marketing, Hygiene Products",0.816666667,0.7556032581191252
AI Engineer,0.85,0.7555977433888151
Database Administrator (DBA),0.75,0.7555970314599261
Intern (Generative AI Engineering - 2D/3D Image Generation),0.826666667,0.755526650330945
"System Administrator (Operation & Maintenance of Server, Storage & Service Desk System)",0.783333333,0.7555100265800955
"System Administrator (Operation & Maintenance of Server, Storage & Service Desk System)",0.75,0.7554732098009612
DevOps Engineer,0.803333333,0.7553787121023349
Asst. Manager/ Manger (Administrative),0.793333333,0.7553026746858094
Intern (Generative AI Engineering - 2D/3D Image Generation),0.85,0.7552981421284395
Network Support Engineer,0.783333333,0.7552682838073242
Database Administrator (DBA),0.816666667,0.7552175805344852
AI Engineer,0.716666667,0.7551575402694657
Network Support Engineer,0.65,0.7551534695069504
Asst. Manager/ Manger (Administrative),0.783333333,0.7551432792410088
Senior Software Engineer,0.85,0.7551204172596526
Business Development Executive,0.85,0.7551159175988948
Database Administrator (DBA),0.686666667,0.7550830036060907
Senior Software Engineer,0.716666667,0.755074849158798
"System Administrator (Operation & Maintenance of Server, Storage & Service Desk System)",0.783333333,0.7550496544630141
Database Administrator (DBA),0.816666667,0.7550375609994087
DevOps Engineer,0.85,0.7550139058516572
Database Administrator (DBA),0.716666667,0.754976887454695
AI Engineer,0.85,0.7549674867760928
Mechanical Engineer,0.783333333,0.7549326109675358
Data Science Engineer,0.716666667,0.7549182790200041
Senior Software Engineer,0.85,0.7548817095998569
Intern (Generative AI Engineering - 2D/3D Image Generation),0.803333333,0.7548815940217565
"Manager- Human Resource Management (HRM)
",0.75,0.7548722356424141
"Executive/ Senior Executive- Trade Marketing, Hygiene Products",0.783333333,0.7548542419023614
Head of Internal Control & Compliance (ICC) - SEVP/DMD,0.816666667,0.7548044171389489
Mechanical Designer,0.793333333,0.7547989288707883
AI Engineer,0.71,0.754689523128925
Senior iOS Engineer,0.716666667,0.7546869099262263
Data Science Engineer,0.85,0.7546749471728887
Head of Internal Control & Compliance (ICC) - SEVP/DMD,0.803333333,0.7546729895606678
Senior iOS Engineer,0.65,0.7546444870859251
AI Engineer,0.683333333,0.7546121335368983
Asst. Manager/ Manger (Administrative),0.85,0.7546047851550303
Management Trainee - Mechanical,0.816666667,0.7545492466827248
Senior Software Engineer,0.816666667,0.7545424144894736
AI Engineer,0.783333333,0.7545345683028273
Asst. Manager/ Manger (Administrative),0.816666667,0.7545296255896795
DevOps Engineer,0.85,0.7545228332474875
Civil Engineer,0.85,0.754435704089316
Asst. Manager/ Manger (Administrative),0.75,0.7544165969226545
"Full Stack Developer (Python,React js)",0.85,0.7543737525862237
"Manager- Human Resource Management (HRM)
",0.716666667,0.7543688292403802
HR Officer,0.783333333,0.7543579580021572
Senior Software Engineer,0.816666667,0.7543114272761453
"Executive/ Senior Executive- Trade Marketing, Hygiene Products",0.85,0.754244152714543
Head of Internal Control & Compliance (ICC) - SEVP/DMD,0.726666667,0.7542022517004182
Data Science Engineer,0.883333333,0.7541972563576593
Site Engineer,0.816666667,0.7541604885878525
Network Support Engineer,0.65,0.75408183591353
Senior iOS Engineer,0.803333333,0.7540769071135817
Senior iOS Engineer,0.816666667,0.754070958325409
Executive/ Sr. Executive -IT,0.75,0.7539809154884245
Executive/ Sr. Executive -IT,0.783333333,0.7539510276020768
Executive/ Sr. Executive -IT,0.826666667,0.7539097344941333
Intern (Generative AI Engineering - 2D/3D Image Generation),0.783333333,0.7538989145057653
Senior Software Engineer,0.783333333,0.7538905935947867
Head of Internal Control & Compliance (ICC) - SEVP/DMD,0.816666667,0.7538885547026494
"Full Stack Developer (Python,React js)",0.85,0.7538648099334334
"Manager- Human Resource Management (HRM)
",0.816666667,0.7538356150894316
Management Trainee - Mechanical,0.683333333,0.7537523432992155
Asst. Manager/ Manger (Administrative),0.816666667,0.7537372030504421
HR Officer,0.716666667,0.753731169271637
HR Officer,0.783333333,0.7537253343230538
Intern (Generative AI Engineering - 2D/3D Image Generation),0.816666667,0.7536443712474749
"Executive/ Senior Executive- Trade Marketing, Hygiene Products",0.75,0.7536212450769086
Database Administrator (DBA),0.85,0.7536109574147182
Sr.Officer / Executive - Internal Audit,0.77,0.7536090362956908
"Executive/ Senior Executive- Trade Marketing, Hygiene Products",0.783333333,0.753604516409213
DevOps Engineer,0.816666667,0.7535732205526018
Site Engineer,0.783333333,0.753475619050725
AI Engineer,0.716666667,0.7534257606735202
HR Officer,0.75,0.7534115394499373
Data Science Engineer,0.76,0.7533994575958718
Mechanical Engineer,0.683333333,0.7533940056581133
Database Administrator (DBA),0.85,0.7533801381668127
Database Administrator (DBA),0.65,0.753362780804537
Network Support Engineer,0.76,0.7532976187952504
HR Officer,0.75,0.7532822463746706
Asst. Manager/ Manger (Administrative),0.783333333,0.7532784674464339
Asst. Manager/ Manger (Administrative),0.716666667,0.7532660312339752
Mechanical Designer,0.826666667,0.7532284396714658
Database Administrator (DBA),0.75,0.7532061056101028
AI Engineer,0.75,0.7531255721728078
DevOps Engineer,0.816666667,0.7530804263069059
AI Engineer,0.783333333,0.7530408857556075
Executive/ Sr. Executive -IT,0.85,0.75301773061799
Senior iOS Engineer,0.643333333,0.7530098490125057
Mechanical Designer,0.65,0.7529089274398315
Asst. Manager/ Manger (Administrative),0.783333333,0.7528249948206355
"System Administrator (Operation & Maintenance of Server, Storage & Service Desk System)",0.783333333,0.7528026405638787
"Executive/ Senior Executive- Trade Marketing, Hygiene Products",0.793333333,0.7528012283799634
Sr.Officer / Executive - Internal Audit,0.716666667,0.7527513490379324
AI Engineer,0.65,0.7527429309495507
Senior iOS Engineer,0.75,0.7527419720450967
Senior iOS Engineer,0.683333333,0.752738291587287
Senior iOS Engineer,0.76,0.7527040526024211
"Full Stack Developer (Python,React js)",0.816666667,0.7526299939603652
Network Support Engineer,0.716666667,0.7525983271066237
Head of Internal Control & Compliance (ICC) - SEVP/DMD,0.85,0.752596527876781
"Full Stack Developer (Python,React js)",0.85,0.7525657221771529
"Manager- Human Resource Management (HRM)
",0.716666667,0.7525564336812877
"System Administrator (Operation & Maintenance of Server, Storage & Service Desk System)",0.636666667,0.7524601483260155
Sr.Officer / Executive - Internal Audit,0.85,0.7524515802943931
Head of Internal Control & Compliance (ICC) - SEVP/DMD,0.85,0.7524124486899865
Head of Internal Control & Compliance (ICC) - SEVP/DMD,0.793333333,0.7524119409211124
Executive/ Sr. Executive -IT,0.783333333,0.7523734389141448
DevOps Engineer,0.85,0.7523546625242374
HR Officer,0.783333333,0.7523384433714373
Management Trainee - Mechanical,0.75,0.7523279419972675
Data Science Engineer,0.816666667,0.7523246300511645
"Full Stack Developer (Python,React js)",0.716666667,0.7523143376764795
Site Engineer,0.65,0.7522786942193485
Senior iOS Engineer,0.683333333,0.7522681524903353
Intern (Generative AI Engineering - 2D/3D Image Generation),0.716666667,0.7522522813258857
Intern (Generative AI Engineering - 2D/3D Image Generation),0.795,0.7522440551270899
Asst. Manager/ Manger (Administrative),0.783333333,0.7522186722125409
Senior iOS Engineer,0.85,0.7522034070355396
AI Engineer,0.683333333,0.752138619966264
"Executive/ Senior Executive- Trade Marketing, Hygiene Products",0.826666667,0.7521379350838647
Database Administrator (DBA),0.783333333,0.752131270118512
Intern (Generative AI Engineering - 2D/3D Image Generation),0.85,0.7521144644171657
"System Administrator (Operation & Maintenance of Server, Storage & Service Desk System)",0.45,0.7520966781935193
Data Science Engineer,0.65,0.7520962914032869
Senior Software Engineer,0.75,0.7520730040632907
Executive/ Sr. Executive -IT,0.76,0.7519862700949627
AI Engineer,0.75,0.7519526314397159
"System Administrator (Operation & Maintenance of Server, Storage & Service Desk System)",0.85,0.7519449972653124
AI Engineer,0.85,0.7519430541651181
AI Engineer,0.716666667,0.75191697205072
Intern (Generative AI Engineering - 2D/3D Image Generation),0.716666667,0.7518738700279991
Data Engineer,0.783333333,0.7518720759956504
Executive/ Sr. Executive -IT,0.716666667,0.7518644685826698
"Executive/ Senior Executive- Trade Marketing, Hygiene Products",0.85,0.7518503954647209
Senior iOS Engineer,0.75,0.7518436145941769
AI Engineer,0.75,0.7517824144300523
AI Engineer,0.816666667,0.7517798132747704
Intern (Generative AI Engineering - 2D/3D Image Generation),0.716666667,0.75176590778727
Network Support Engineer,0.683333333,0.7516941544813137
"System Administrator (Operation & Maintenance of Server, Storage & Service Desk System)",0.793333333,0.7516193098337632
Head of Internal Control & Compliance (ICC) - SEVP/DMD,0.716666667,0.7515733700001184
Database Administrator (DBA),0.75,0.7515467101394476
Data Science Engineer,0.826666667,0.7515438636801482
"System Administrator (Operation & Maintenance of Server, Storage & Service Desk System)",0.85,0.7515301030578768
DevOps Engineer,0.783333333,0.7514636408071378
Asst. Manager/ Manger (Administrative),0.816666667,0.7514592958241723
Executive/ Sr. Executive -IT,0.816666667,0.7514455263245866
Intern (Generative AI Engineering - 2D/3D Image Generation),0.85,0.7513567921405839
AI Engineer,0.683333333,0.751352063714222
"Full Stack Developer (Python,React js)",0.65,0.7513383541648389
AI Engineer,0.683333333,0.7513173067350207
AI Engineer,0.683333333,0.7512516570960034
Asst. Manager/ Manger (Administrative),0.71,0.7512387549443481
Executive - VAT,0.793333333,0.7511520058249986
Asst. Manager/ Manger (Administrative),0.793333333,0.751147199820797
Network Support Engineer,0.726666667,0.7511143380319633
"System Administrator (Operation & Maintenance of Server, Storage & Service Desk System)",0.643333333,0.7510922854281676
Intern (Generative AI Engineering - 2D/3D Image Generation),0.85,0.7510489519069473
Data Engineer,0.88,0.7509821594535059
Project Coordinator (Civil),0.783333333,0.7509680359852764
Data Science Engineer,0.793333333,0.7509396250392012
AI Engineer,0.85,0.7509306952320774
Senior Software Engineer,0.783333333,0.7508245908803924
"System Administrator (Operation & Maintenance of Server, Storage & Service Desk System)",0.85,0.7507500726024738
"Executive/ Senior Executive- Trade Marketing, Hygiene Products",0.716666667,0.7507334024551547
Senior iOS Engineer,0.726666667,0.7507271575761485
Project Coordinator (Civil),0.85,0.7506829988321655
Network Support Engineer,0.76,0.7506743043038853
Database Administrator (DBA),0.65,0.7506690193729996
"Full Stack Developer (Python,React js)",0.716666667,0.7506302186510748
Head of Internal Control & Compliance (ICC) - SEVP/DMD,0.85,0.7506145796641959
Management Trainee - Mechanical,0.783333333,0.7506026331563438
Senior Software Engineer,0.85,0.7505413513228941
Management Trainee - Mechanical,0.816666667,0.7505359841554432
"System Administrator (Operation & Maintenance of Server, Storage & Service Desk System)",0.85,0.75052425084782
Mechanical Designer,0.85,0.7505176669975572
Executive - VAT,0.826666667,0.7505170125375085
"System Administrator (Operation & Maintenance of Server, Storage & Service Desk System)",0.76,0.750514549738188
"System Administrator (Operation & Maintenance of Server, Storage & Service Desk System)",0.76,0.7504618376985109
Senior iOS Engineer,0.783333333,0.7504172250759147
Network Support Engineer,0.65,0.7504082214874926
AI Engineer,0.85,0.7503394851623554
"System Administrator (Operation & Maintenance of Server, Storage & Service Desk System)",0.783333333,0.750334504147888
Executive/ Sr. Executive -IT,0.826666667,0.7503204961090467
AI Engineer,0.783333333,0.7503156319303915
Mechanical Engineer,0.526666667,0.750291837059108
Intern (Generative AI Engineering - 2D/3D Image Generation),0.783333333,0.7501086750203487
Network Support Engineer,0.783333333,0.7501008503712667
AI Engineer,0.783333333,0.750100622023678
"System Administrator (Operation & Maintenance of Server, Storage & Service Desk System)",0.85,0.7500718159370833
Senior Software Engineer,0.816666667,0.7500648719959288
Intern (Generative AI Engineering - 2D/3D Image Generation),0.85,0.7499341237209777
Senior Software Engineer,0.85,0.7499217722777702
Senior iOS Engineer,0.85,0.7499067807882385
"Manager- Human Resource Management (HRM)
",0.783333333,0.7498906301674322
AI Engineer,0.85,0.7497546045169152
Senior Software Engineer,0.85,0.7497048564075776
"Full Stack Developer (Python,React js)",0.726666667,0.7496663989486492
"Executive/ Senior Executive- Trade Marketing, Hygiene Products",0.816666667,0.7496548189517197
Asst. Manager/ Manger (Administrative),0.763,0.7496524501719432
Senior Software Engineer,0.85,0.7496380638106683
Intern (Generative AI Engineering - 2D/3D Image Generation),0.716666667,0.7496073054916086
Network Support Engineer,0.693333333,0.7496036005456246
Head of Internal Control & Compliance (ICC) - SEVP/DMD,0.55,0.7495921343080727
Asst. Manager/ Manger (Administrative),0.85,0.7495487427473667
Executive/ Sr. Executive -IT,0.783333333,0.7495472325836642
Senior iOS Engineer,0.783333333,0.7495450491145333
Asst. Manager/ Manger (Administrative),0.716666667,0.7495245234450306
Machine Learning (ML) Engineer,0.726666667,0.7495228877832493
"Full Stack Developer (Python,React js)",0.783333333,0.749468948795724
Network Support Engineer,0.85,0.7494555796787606
DevOps Engineer,0.85,0.7494428555884397
Network Support Engineer,0.76,0.749441579777244
Network Support Engineer,0.75,0.7493952869775719
AI Engineer,0.816666667,0.749391860380652
Intern (Generative AI Engineering - 2D/3D Image Generation),0.76,0.749382528489262
Machine Learning (ML) Engineer,0.75,0.749379836245458
"Manager- Human Resource Management (HRM)
",0.783333333,0.7492766123967685
Data Science Engineer,0.826666667,0.7492436389307601
"Full Stack Developer (Python,React js)",0.85,0.749201478915918
Senior iOS Engineer,0.783333333,0.749191485579606
Project Coordinator (Civil),0.583333333,0.7491764004986978
DevOps Engineer,0.783333333,0.7491328024676327
Management Trainee - Mechanical,0.65,0.7490711547149784
Asst. Manager/ Manger (Administrative),0.783333333,0.7490637113845939
"System Administrator (Operation & Maintenance of Server, Storage & Service Desk System)",0.75,0.7490173999137897
Intern (Generative AI Engineering - 2D/3D Image Generation),0.76,0.7490108808874401
Network Support Engineer,0.65,0.7489872528631627
Executive - VAT,0.793333333,0.7489159629956491
Head of Internal Control & Compliance (ICC) - SEVP/DMD,0.85,0.7488200403751619
HR Officer,0.75,0.7487988773541272
Mechanical Designer,0.75,0.7487675585548813
Database Administrator (DBA),0.783333333,0.7487558177484928
Executive/ Sr. Executive -IT,0.85,0.7487449107708571
HR Officer,0.62,0.7487273649941314
Senior Software Engineer,0.85,0.7487016826132906
Machine Learning (ML) Engineer,0.783333333,0.7487000742996335
Data Science Engineer,0.85,0.7486906193827078
Asst. Manager/ Manger (Administrative),0.783333333,0.7486880566676961
Machine Learning (ML) Engineer,0.716666667,0.7486009627662763
Head of Internal Control & Compliance (ICC) - SEVP/DMD,0.85,0.7485984265432001
Executive/ Sr. Executive -IT,0.826666667,0.7485842258155956
HR Officer,0.716666667,0.74858282198466
"System Administrator (Operation & Maintenance of Server, Storage & Service Desk System)",0.803333333,0.7485606438970098
Senior iOS Engineer,0.75,0.7485052730332702
Management Trainee - Mechanical,0.816666667,0.7484486662427647
"System Administrator (Operation & Maintenance of Server, Storage & Service Desk System)",0.816666667,0.7483869690531494
Network Support Engineer,0.783333333,0.7483693745583114
Senior Software Engineer,0.65,0.7483687299567704
Database Administrator (DBA),0.816666667,0.7483566636035179
Senior iOS Engineer,0.783333333,0.7483263672994557
Head of Internal Control & Compliance (ICC) - SEVP/DMD,0.75,0.7482933305078524
Senior Software Engineer,0.783333333,0.7482852017874366
Network Support Engineer,0.76,0.7482817656953644
AI Engineer,0.716666667,0.7482675785899838
Data Science Engineer,0.816666667,0.748249163693336
"Manager- Human Resource Management (HRM)
",0.793333333,0.748215332745657
"Full Stack Developer (Python,React js)",0.85,0.7482128121841255
AI Engineer,0.783333333,0.7482064491322905
Data Science Engineer,0.803333333,0.7481283791725223
"System Administrator (Operation & Maintenance of Server, Storage & Service Desk System)",0.716666667,0.7481248310071329
Sr.Officer / Executive - Internal Audit,0.683333,0.7481178821209117
"Full Stack Developer (Python,React js)",0.85,0.7481045986428428
AI Engineer,0.726666667,0.7480868466931155
"Manager- Human Resource Management (HRM)
",0.75,0.7480404691124931
AI Engineer,0.783333333,0.7480162009136775
"Full Stack Developer (Python,React js)",0.816666667,0.74799999433586
Marketing Officer,0.816666667,0.7479911201999827
Executive/ Sr. Executive -IT,0.85,0.7479668052894358
Machine Learning (ML) Engineer,0.816666667,0.7479174019116767
"Manager- Human Resource Management (HRM)
",0.816666667,0.7478001836653316
Network Support Engineer,0.683333333,0.7477346010067837
"Manager- Human Resource Management (HRM)
",0.793333333,0.7477260020822479
HR Officer,0.716666,0.7477232664327331
Network Support Engineer,0.726666667,0.7477147677952558
HR Officer,0.716666667,0.7477128136681219
Network Support Engineer,0.783333333,0.747703678021885
Intern (Generative AI Engineering - 2D/3D Image Generation),0.65,0.7476784291903187
"Manager- Human Resource Management (HRM)
",0.783333333,0.7476757997420213
Senior Software Engineer,0.816666667,0.7476550621808874
Project Coordinator (Civil),0.783333333,0.7476431050598523
Network Support Engineer,0.76,0.747637690694798
"Executive/ Senior Executive- Trade Marketing, Hygiene Products",0.77,0.7476093187027687
Management Trainee - Mechanical,0.693333333,0.7475941681052295
Executive/ Sr. Executive -IT,0.85,0.7475863504677327
Network Support Engineer,0.783333333,0.7475695076047054
Network Support Engineer,0.65,0.7475579860104923
Senior Software Engineer,0.88,0.7475388021019731
Executive - VAT,0.803333333,0.7475100126580365
Intern (Generative AI Engineering - 2D/3D Image Generation),0.75,0.7474796528567069
"System Administrator (Operation & Maintenance of Server, Storage & Service Desk System)",0.783333333,0.7474400578502055
Intern (Generative AI Engineering - 2D/3D Image Generation),0.65,0.7474386344491812
"Manager- Human Resource Management (HRM)
",0.816666,0.7474205589637408
Senior Software Engineer,0.783333333,0.7473845692574708
AI Engineer,0.783333333,0.7473678671451538
Intern (Generative AI Engineering - 2D/3D Image Generation),0.716666667,0.747355392267491
DevOps Engineer,0.85,0.7473545629304325
Data Engineer,0.783333333,0.747291914440829
Database Administrator (DBA),0.716666667,0.7472074001139976
Executive/ Sr. Executive -IT,0.85,0.7472037705588084
Asst. Manager/ Manger (Administrative),0.776666667,0.7471450552409246
Senior iOS Engineer,0.75,0.7471245019300682
Intern (Generative AI Engineering - 2D/3D Image Generation),0.793333333,0.7471142166502851
HR Officer,0.783333333,0.746955492134137
Database Administrator (DBA),0.65,0.746944110193225
Data Engineer,0.783333,0.7469336082008637
Database Administrator (DBA),0.716666667,0.7469309933367401
Database Administrator (DBA),0.65,0.7468905796169496
Mechanical Engineer,0.683333333,0.7468596106865532
"Executive/ Senior Executive- Trade Marketing, Hygiene Products",0.576666667,0.7468350176854041
Intern (Generative AI Engineering - 2D/3D Image Generation),0.716666667,0.7468271084596071
Intern (Generative AI Engineering - 2D/3D Image Generation),0.65,0.7467994172804908
Network Support Engineer,0.783333333,0.7467849483637383
DevOps Engineer,0.85,0.7466975903229479
Business Development Executive,0.783333333,0.7466555200571197
AI Engineer,0.826666667,0.7465332987686554
DevOps Engineer,0.85,0.7465293596339615
Senior Software Engineer,0.683333333,0.7464996131245943
AI Engineer,0.783333333,0.7464748040891025
Executive/ Sr. Executive -IT,0.683333333,0.7464422488240714
Data Science Engineer,0.716666667,0.7464249198062775
Data Science Engineer,0.85,0.7463949339739234
Head of Internal Control & Compliance (ICC) - SEVP/DMD,0.783333333,0.7463729298866638
Network Support Engineer,0.75,0.7463335924141171
Senior iOS Engineer,0.816666667,0.7462818857961012
Network Support Engineer,0.693333333,0.7461842280185393
Project Coordinator (Civil),0.893333333,0.7461349871227747
Senior Software Engineer,0.783333333,0.7461284161205396
Civil Engineer,0.816666667,0.7460882391636107
"Full Stack Developer (Python,React js)",0.516666667,0.7460270404383061
Asst. Manager/ Manger (Administrative),0.716666667,0.7460269824045
Intern (Generative AI Engineering - 2D/3D Image Generation),0.85,0.7460269727085069
Sr.Officer / Executive - Internal Audit,0.75,0.7459941170824876
Sr.Officer / Executive - Internal Audit,0.75,0.7459906622396226
Machine Learning (ML) Engineer,0.85,0.7459347190224114
Management Trainee - Mechanical,0.783333333,0.7459277133040924
Intern (Generative AI Engineering - 2D/3D Image Generation),0.716666667,0.7459054429930848
Head of Internal Control & Compliance (ICC) - SEVP/DMD,0.816666667,0.7458646651571196
Senior Software Engineer,0.783333333,0.7458509179717251
Management Trainee - Mechanical,0.683333333,0.7458267180701893
Intern (Generative AI Engineering - 2D/3D Image Generation),0.803333333,0.7457968846243341
AI Engineer,0.783333333,0.7457626271960286
"System Administrator (Operation & Maintenance of Server, Storage & Service Desk System)",0.76,0.7456901105165166
"System Administrator (Operation & Maintenance of Server, Storage & Service Desk System)",0.85,0.7456646692393533
"Full Stack Developer (Python,React js)",0.783333333,0.7456171886062309
Data Science Engineer,0.783333333,0.7455649851010566
Network Support Engineer,0.683333333,0.7455559664581688
Network Support Engineer,0.736666667,0.745546618689896
Business Development Executive,0.75,0.7455171430625158
Project Coordinator (Civil),0.783333333,0.745509689663862
Senior iOS Engineer,0.85,0.7454609665228396
Network Support Engineer,0.76,0.7454465531081874
AI Engineer,0.65,0.7454394130439702
HR Officer,0.76,0.7454293079403452
AI Engineer,0.75,0.7453207062204608
Network Support Engineer,0.75,0.7453157688739868
Senior Software Engineer,0.816666667,0.7453126165445045
Network Support Engineer,0.583333333,0.7453077596117221
Data Science Engineer,0.683333333,0.7452836662990108
"Executive/ Senior Executive- Trade Marketing, Hygiene Products",0.75,0.7452683646121052
Network Support Engineer,0.783333333,0.7452630080807205
Senior iOS Engineer,0.783333333,0.7452422106159651
Database Administrator (DBA),0.816666667,0.7452411915774569
Senior Software Engineer,0.75,0.7452205408551503
Senior Software Engineer,0.816666667,0.7451643579037615
Executive/ Sr. Executive -IT,0.65,0.7451124157171379
Network Support Engineer,0.683333333,0.7449937528724391
Data Science Engineer,0.793333333,0.7449573997955075
Network Support Engineer,0.726666667,0.7449462158834543
Civil Engineer,0.783333333,0.7449360955368389
Senior Software Engineer,0.783333333,0.7448843882429591
"Full Stack Developer (Python,React js)",0.65,0.7448720458010126
Intern (Generative AI Engineering - 2D/3D Image Generation),0.726666667,0.744839142309923
"Executive/ Senior Executive- Trade Marketing, Hygiene Products",0.793333333,0.744768888653377
Network Support Engineer,0.65,0.7447638769049768
"Manager- Human Resource Management (HRM)
",0.716666667,0.7446212487170979
Sr.Officer / Executive - Internal Audit,0.85,0.7446148236817799
HR Officer,0.716666667,0.7446042600275973
Sr.Officer / Executive - Internal Audit,0.85,0.7445982236352122
Data Science Engineer,0.783333333,0.7445973170304823
Asst. Manager/ Manger (Administrative),0.65,0.7445292910627009
Network Support Engineer,0.783333333,0.7444866666441722
Mechanical Engineer,0.85,0.7444574027995585
Machine Learning (ML) Engineer,0.816666667,0.7444516339003061
"Manager- Human Resource Management (HRM)
",0.793333333,0.7444028541058244
Senior Software Engineer,0.85,0.7443974158212929
Project Coordinator (Civil),0.77,0.7443797801964552
Senior Software Engineer,0.76,0.7442585370044786
Data Engineer,0.75,0.7442377515848343
"System Administrator (Operation & Maintenance of Server, Storage & Service Desk System)",0.726666667,0.7441909802104483
Network Support Engineer,0.683333333,0.7441601789133445
Head of Internal Control & Compliance (ICC) - SEVP/DMD,0.85,0.7441501122116185
"System Administrator (Operation & Maintenance of Server, Storage & Service Desk System)",0.816666667,0.7441479773857783
Database Administrator (DBA),0.716666667,0.7441451176592382
Mechanical Engineer,0.75,0.7441103911890734
Executive/ Sr. Executive -IT,0.826666667,0.7440514942475636
"Manager- Human Resource Management (HRM)
",0.77,0.7440102434453199
AI Engineer,0.75,0.7440057053412589
"System Administrator (Operation & Maintenance of Server, Storage & Service Desk System)",0.683333333,0.7439796731015091
"System Administrator (Operation & Maintenance of Server, Storage & Service Desk System)",0.793333333,0.7439593855713199
Network Support Engineer,0.76,0.7439478254150348
DevOps Engineer,0.85,0.7438292818490195
"Full Stack Developer (Python,React js)",0.85,0.7437944320462351
Senior Software Engineer,0.85,0.7437866291406607
Marketing Officer,0.75,0.743784010892183
Database Administrator (DBA),0.726666667,0.7437817821960782
Senior iOS Engineer,0.85,0.7437437044341947
"System Administrator (Operation & Maintenance of Server, Storage & Service Desk System)",0.65,0.7437294001809064
Asst. Manager/ Manger (Administrative),0.75,0.7437048706075033
Asst. Manager/ Manger (Administrative),0.816666667,0.7437043641875796
Site Engineer,0.85,0.7436522776519685
Executive/ Sr. Executive -IT,0.816666667,0.7436263947789954
Asst. Manager/ Manger (Administrative),0.783333333,0.743619196028385
Management Trainee - Mechanical,0.75,0.7436130534755676
Executive/ Sr. Executive -IT,0.77,0.7436081327550377
Senior Software Engineer,0.716666667,0.7435982656325362
Sr.Officer / Executive - Internal Audit,0.783333333,0.7435886041653845
AI Engineer,0.85,0.7435775283780913
Executive/ Sr. Executive -IT,0.716666667,0.743568429706049
AI Engineer,0.75,0.7435609190933028
"System Administrator (Operation & Maintenance of Server, Storage & Service Desk System)",0.75,0.7434989611470353
Machine Learning (ML) Engineer,0.85,0.7434770281081741
Executive - VAT,0.75,0.7434688738505171
Network Support Engineer,0.783333333,0.7433274308970961
Intern (Generative AI Engineering - 2D/3D Image Generation),0.783333333,0.7433154812120037
"Full Stack Developer (Python,React js)",0.783333333,0.7433144156783791
Network Support Engineer,0.716666667,0.7433027560049632
Executive/ Sr. Executive -IT,0.783333333,0.7432699838375011
Civil Engineer,0.85,0.7432329725928554
"System Administrator (Operation & Maintenance of Server, Storage & Service Desk System)",0.826666667,0.7432099797755467
Intern (Generative AI Engineering - 2D/3D Image Generation),0.816666667,0.7432020485483253
Executive/ Sr. Executive -IT,0.45,0.7431976451118718
Asst. Manager/ Manger (Administrative),0.683333333,0.743184140806882
"Full Stack Developer (Python,React js)",0.85,0.7431790628501816
"System Administrator (Operation & Maintenance of Server, Storage & Service Desk System)",0.75,0.7431368188614943
Intern (Generative AI Engineering - 2D/3D Image Generation),0.85,0.7431113954236338
Data Science Engineer,0.85,0.7430915039302641
Executive/ Sr. Executive -IT,0.816666667,0.7430142416411608
DevOps Engineer,0.75,0.7429603033499135
Management Trainee - Mechanical,0.683333333,0.7429388230767671
Network Support Engineer,0.783333333,0.742933169391756
AI Engineer,0.75,0.742893599881975
Senior iOS Engineer,0.216666667,0.7428108714520539
"Executive/ Senior Executive- Trade Marketing, Hygiene Products",0.683333333,0.742776408935555
Head of Internal Control & Compliance (ICC) - SEVP/DMD,0.793333333,0.7427740169338612
Senior iOS Engineer,0.783333333,0.742772216494915
Project Coordinator (Civil),0.74,0.7426917656522587
Database Administrator (DBA),0.693333333,0.7426132668874285
Machine Learning (ML) Engineer,0.761666667,0.7426109300090148
Intern (Generative AI Engineering - 2D/3D Image Generation),0.716666667,0.7424601574368265
Senior iOS Engineer,0.883333333,0.7423497289251736
Senior Software Engineer,0.816666667,0.7423487532164347
Head of Internal Control & Compliance (ICC) - SEVP/DMD,0.77,0.742330888677718
Network Support Engineer,0.736666667,0.7423247096499765
"Executive/ Senior Executive- Trade Marketing, Hygiene Products",0.85,0.7423070141362346
Database Administrator (DBA),0.716666667,0.7422888287480405
Intern (Generative AI Engineering - 2D/3D Image Generation),0.683333333,0.7422683026553049
"System Administrator (Operation & Maintenance of Server, Storage & Service Desk System)",0.693333333,0.742259231072676
Data Science Engineer,0.783333333,0.7421957401061349
Data Science Engineer,0.783333333,0.7421557587415903
Executive/ Sr. Executive -IT,0.783333333,0.7421353568324576
Asst. Manager/ Manger (Administrative),0.716666667,0.7421346312175304
Machine Learning (ML) Engineer,0.85,0.7421341994010294
"Executive/ Senior Executive- Trade Marketing, Hygiene Products",0.816666667,0.7421234749864438
"Full Stack Developer (Python,React js)",0.85,0.7421213652246408
Asst. Manager/ Manger (Administrative),0.76,0.7420731724562171
Management Trainee - Mechanical,0.716666667,0.7420265402834673
Site Engineer,0.85,0.7419962448619537
Network Support Engineer,0.783333333,0.7419945465925035
Management Trainee - Mechanical,0.716666667,0.7419932875811055
HR Officer,0.816666667,0.7419380604405349
Data Science Engineer,0.783333333,0.7419361195388033
Management Trainee - Mechanical,0.733333333,0.7418987812909326
AI Engineer,0.716666667,0.7418763742731032
HR Officer,0.716666667,0.7418608988942648
"Manager- Human Resource Management (HRM)
",0.826666667,0.7418363520101499
Senior iOS Engineer,0.85,0.7417723144191193
HR Officer,0.65,0.741708515673584
Senior Software Engineer,0.783333333,0.7416190040520516
Network Support Engineer,0.75,0.7416128591947213
Database Administrator (DBA),0.65,0.7415952896184924
"System Administrator (Operation & Maintenance of Server, Storage & Service Desk System)",0.75,0.7415818940705454
Asst. Manager/ Manger (Administrative),0.76,0.7415095866739282
Network Support Engineer,0.75,0.7414414926479429
Database Administrator (DBA),0.716666667,0.7414329095188454
"Executive/ Senior Executive- Trade Marketing, Hygiene Products",0.783333333,0.7413897840110341
Site Engineer,0.85,0.7413467856958669
Management Trainee - Mechanical,0.716666667,0.7413420268513974
Asst. Manager/ Manger (Administrative),0.85,0.7413360702630407
Sr.Officer / Executive - Internal Audit,0.76,0.7413050538308728
"Executive/ Senior Executive- Trade Marketing, Hygiene Products",0.716666667,0.741299232008005
Network Support Engineer,0.75,0.7412887982058084
Network Support Engineer,0.65,0.7412721587603583
DevOps Engineer,0.783333333,0.7412655054815918
"System Administrator (Operation & Maintenance of Server, Storage & Service Desk System)",0.716666667,0.7412272230816467
Machine Learning (ML) Engineer,0.76,0.741210467652209
Project Coordinator (Civil),0.783333333,0.7409819849653752
Database Administrator (DBA),0.716666667,0.7409691622075114
"Full Stack Developer (Python,React js)",0.95,0.7408804900097021
Database Administrator (DBA),0.75,0.7408556021481015
DevOps Engineer,0.816666667,0.7408331870276114
Civil Engineer,0.85,0.7407688480032436
"Executive/ Senior Executive- Trade Marketing, Hygiene Products",0.816666667,0.7407133134524893
HR Officer,0.716666667,0.7407052338881235
Data Science Engineer,0.75,0.7406542719479979
Senior Software Engineer,0.85,0.740647480867785
Network Support Engineer,0.85,0.740605997199791
"Executive/ Senior Executive- Trade Marketing, Hygiene Products",0.76,0.7405719804226465
AI Engineer,0.716666667,0.7404736687688949
Intern (Generative AI Engineering - 2D/3D Image Generation),0.85,0.7404633856245446
Network Support Engineer,0.483333333,0.7404441692838473
Asst. Manager/ Manger (Administrative),0.783333333,0.740430301512557
DevOps Engineer,0.826666667,0.7403812527573344
Head of Internal Control & Compliance (ICC) - SEVP/DMD,0.783333333,0.7403672526208154
"System Administrator (Operation & Maintenance of Server, Storage & Service Desk System)",0.716666667,0.7403561234183019
Database Administrator (DBA),0.716666667,0.7403553199727595
Network Support Engineer,0.816666667,0.7403315914399826
Senior iOS Engineer,0.85,0.740301991552554
Machine Learning (ML) Engineer,0.816666667,0.7402647048916735
Asst. Manager/ Manger (Administrative),0.76,0.740246908756444
Database Administrator (DBA),0.75,0.740202509035953
Sr.Officer / Executive - Internal Audit,0.693333333,0.7401316129670906
Mechanical Designer,0.683333333,0.7401226524134409
"Executive/ Senior Executive- Trade Marketing, Hygiene Products",0.816666667,0.7401195442871924
Intern (Generative AI Engineering - 2D/3D Image Generation),0.816666667,0.740113671395394
Network Support Engineer,0.716666667,0.7400804620682805
Executive/ Sr. Executive -IT,0.75,0.7400424274145685
Executive/ Sr. Executive -IT,0.85,0.7400173291908911
Network Support Engineer,0.736666667,0.7400012051963583
"Executive/ Senior Executive- Trade Marketing, Hygiene Products",0.716666667,0.7398664176642694
Network Support Engineer,0.803333333,0.7398572144317431
Intern (Generative AI Engineering - 2D/3D Image Generation),0.65,0.739838154227964
"System Administrator (Operation & Maintenance of Server, Storage & Service Desk System)",0.726666667,0.7398266064901323
Machine Learning (ML) Engineer,0.65,0.7397928078299065
Senior iOS Engineer,0.783333333,0.7397876524706065
Senior iOS Engineer,0.726666667,0.7396935204063112
Management Trainee - Mechanical,0.75,0.7396555264197046
Site Engineer,0.793333333,0.7396504129101695
Sr.Officer / Executive - Internal Audit,0.75,0.7395838411485923
Head of Internal Control & Compliance (ICC) - SEVP/DMD,0.726666667,0.7395754237835649
Management Trainee - Mechanical,0.783333333,0.7395284384803195
Executive - VAT,0.716666667,0.7395166780189424
Asst. Manager/ Manger (Administrative),0.65,0.7394920132689283
Mechanical Designer,0.85,0.739453879899428
"Full Stack Developer (Python,React js)",0.85,0.7394424958346981
Senior iOS Engineer,0.716666667,0.7394284708773455
Asst. Manager/ Manger (Administrative),0.773333333,0.7394253343837951
Project Coordinator (Civil),0.85,0.7394231508572866
"System Administrator (Operation & Maintenance of Server, Storage & Service Desk System)",0.65,0.7392913851135025
Intern (Generative AI Engineering - 2D/3D Image Generation),0.716666667,0.739253436335087
Data Science Engineer,0.793333333,0.7392493208482808
Data Science Engineer,0.77,0.7392068782084104
Database Administrator (DBA),0.816666667,0.7391261470317331
"System Administrator (Operation & Maintenance of Server, Storage & Service Desk System)",0.75,0.7391232930928122
Machine Learning (ML) Engineer,0.65,0.7391144094772014
Head of Internal Control & Compliance (ICC) - SEVP/DMD,0.826666667,0.7390859307417708
Management Trainee - Mechanical,0.783333333,0.7390848335544122
Senior iOS Engineer,0.716666667,0.7390789289781852
Executive/ Sr. Executive -IT,0.85,0.7390183558814427
"System Administrator (Operation & Maintenance of Server, Storage & Service Desk System)",0.75,0.7390136433251872
DevOps Engineer,0.85,0.7390112479635079
Data Science Engineer,0.75,0.7389777229211361
DevOps Engineer,0.85,0.7389724410908586
Data Engineer,0.816666667,0.7388658694384994
Intern (Generative AI Engineering - 2D/3D Image Generation),0.85,0.7388605851280193
Management Trainee - Mechanical,0.75,0.7388502216828389
"Full Stack Developer (Python,React js)",0.85,0.7388249817778516
Machine Learning (ML) Engineer,0.65,0.7387932601326833
Management Trainee - Mechanical,0.826666667,0.7387666120714944
AI Engineer,0.75,0.7387206369502715
Senior iOS Engineer,0.85,0.7387150295991917
Asst. Manager/ Manger (Administrative),0.826666667,0.738703656395635
AI Engineer,0.77,0.7386668001390817
Asst. Manager/ Manger (Administrative),0.683333333,0.7386492130529567
"Executive/ Senior Executive- Trade Marketing, Hygiene Products",0.716666667,0.7386305004424718
Executive/ Sr. Executive -IT,0.803333333,0.7385972181672481
"Full Stack Developer (Python,React js)",0.85,0.7385877764841154
"System Administrator (Operation & Maintenance of Server, Storage & Service Desk System)",0.77,0.7385590187385627
"System Administrator (Operation & Maintenance of Server, Storage & Service Desk System)",0.716666667,0.7385157995898356
AI Engineer,0.683333333,0.7385135105086618
HR Officer,0.683333333,0.738484784043045
Machine Learning (ML) Engineer,0.716666667,0.7384488608228987
Intern (Generative AI Engineering - 2D/3D Image Generation),0.85,0.7383461389479468
Network Support Engineer,0.726666667,0.7382861673916626
"Full Stack Developer (Python,React js)",0.783333333,0.7382695838201407
"Executive/ Senior Executive- Trade Marketing, Hygiene Products",0.716666667,0.7382592650218228
"System Administrator (Operation & Maintenance of Server, Storage & Service Desk System)",0.676666667,0.7382209870543843
Data Science Engineer,0.816666667,0.7382092776159109
Project Coordinator (Civil),0.793333333,0.7382009622869891
Business Development Executive,0.6,0.7381729247879358
"Full Stack Developer (Python,React js)",0.716666667,0.7381696974172036
Senior Software Engineer,0.85,0.7381560591990618
"Executive/ Senior Executive- Trade Marketing, Hygiene Products",0.783333333,0.7381381192697126
Intern (Generative AI Engineering - 2D/3D Image Generation),0.85,0.7379852759727233
Senior iOS Engineer,0.816666667,0.7379720094885087
Database Administrator (DBA),0.65,0.7379485274877338
Network Support Engineer,0.716666667,0.7378491462621187
"System Administrator (Operation & Maintenance of Server, Storage & Service Desk System)",0.793333333,0.737814832391732
"System Administrator (Operation & Maintenance of Server, Storage & Service Desk System)",0.6,0.7377856762681969
Management Trainee - Mechanical,0.75,0.7377281713162155
Data Science Engineer,0.76,0.7377218492301225
"Full Stack Developer (Python,React js)",0.716666667,0.7376265629806351
Executive/ Sr. Executive -IT,0.716666667,0.7375909761726358
Civil Engineer,0.85,0.7375606122258169
Project Coordinator (Civil),0.75,0.7375501143997631
Data Engineer,0.816666667,0.7375391969267575
Senior iOS Engineer,0.783333333,0.7375083233026023
"Full Stack Developer (Python,React js)",0.783333333,0.7374941926582755
"Manager- Human Resource Management (HRM)
",0.85,0.7374210706075787
AI Engineer,0.76,0.7373917029852814
Senior iOS Engineer,0.75,0.7373489308729272
"Full Stack Developer (Python,React js)",0.65,0.7373132545865911
Data Engineer,0.65,0.7373064025434957
Machine Learning (ML) Engineer,0.85,0.7372611865382855
"System Administrator (Operation & Maintenance of Server, Storage & Service Desk System)",0.75,0.7372444446302919
"System Administrator (Operation & Maintenance of Server, Storage & Service Desk System)",0.693222,0.7371898469985518
Intern (Generative AI Engineering - 2D/3D Image Generation),0.85,0.7371792937830893
Network Support Engineer,0.726666667,0.7371483860155004
Business Development Executive,0.783333333,0.737053570070204
Senior Software Engineer,0.683333333,0.7369868528110589
Network Support Engineer,0.683333333,0.7369828556863922
DevOps Engineer,0.85,0.7368647805084886
Management Trainee - Mechanical,0.65,0.7367856795820793
Senior iOS Engineer,0.85,0.7367779900059915
Network Support Engineer,0.716666667,0.736768088077645
Data Science Engineer,0.816666667,0.7367577081703856
"Manager- Human Resource Management (HRM)
",0.783333333,0.7367506087272325
Database Administrator (DBA),0.75,0.736687558487171
"Manager- Human Resource Management (HRM)
",0.716666667,0.7366522148876803
Head of Internal Control & Compliance (ICC) - SEVP/DMD,0.85,0.7366370175044001
Machine Learning (ML) Engineer,0.683333,0.7366065450310636
Intern (Generative AI Engineering - 2D/3D Image Generation),0.85,0.7365237601847342
Executive/ Sr. Executive -IT,0.85,0.736501756542491
"System Administrator (Operation & Maintenance of Server, Storage & Service Desk System)",0.716666667,0.7364980341767902
Intern (Generative AI Engineering - 2D/3D Image Generation),0.65,0.7364927177080014
DevOps Engineer,0.783333333,0.7364721869525243
Head of Internal Control & Compliance (ICC) - SEVP/DMD,0.826666667,0.7363871088738267
Executive - VAT,0.85,0.73638642340822
AI Engineer,0.75,0.7363714483832688
Machine Learning (ML) Engineer,0.85,0.7363662117482279
Asst. Manager/ Manger (Administrative),0.683333333,0.7363109670874526
Sr.Officer / Executive - Internal Audit,0.85,0.7362706965825905
Network Support Engineer,0.693333333,0.7362510211911717
Machine Learning (ML) Engineer,0.683333333,0.7362396733739022
"Full Stack Developer (Python,React js)",0.716666667,0.7362038218094857
Senior Software Engineer,0.85,0.7361891779572645
DevOps Engineer,0.85,0.7361538250998386
Data Engineer,0.783333333,0.7361118911289033
Senior iOS Engineer,0.783333333,0.7361015947496179
Intern (Generative AI Engineering - 2D/3D Image Generation),0.75,0.7361012198468604
HR Officer,0.75,0.7360998928309215
"System Administrator (Operation & Maintenance of Server, Storage & Service Desk System)",0.77,0.7360937904267982
Head of Internal Control & Compliance (ICC) - SEVP/DMD,0.75,0.7360838178780807
Asst. Manager/ Manger (Administrative),0.77,0.7360580174703198
Network Support Engineer,0.85,0.7359356208316992
Civil Engineer,0.683333333,0.735909152822468
Executive/ Sr. Executive -IT,0.65,0.7358910229133109
Machine Learning (ML) Engineer,0.816666667,0.7358477678239218
Network Support Engineer,0.75,0.7357605522197146
Network Support Engineer,0.693333333,0.7357360988428757
Senior Software Engineer,0.716666667,0.7356586311346005
Database Administrator (DBA),0.65,0.7356552230899078
Machine Learning (ML) Engineer,0.65,0.7356426134893161
Intern (Generative AI Engineering - 2D/3D Image Generation),0.695,0.7356349787688367
AI Engineer,0.783333333,0.7355747000020159
Project Coordinator (Civil),0.85,0.7355260599950546
Asst. Manager/ Manger (Administrative),0.783333333,0.7355206645667093
Civil Engineer,0.76,0.7354390420890115
Data Science Engineer,0.783333333,0.7353862975524661
AI Engineer,0.783333333,0.7353652991361984
Sr.Officer / Executive - Internal Audit,0.75,0.7353571285020921
Data Engineer,0.716666667,0.735328165439527
Network Support Engineer,0.783333333,0.7353260669346257
Management Trainee - Mechanical,0.816666667,0.735322732735554
Database Administrator (DBA),0.65,0.7352744649410636
Asst. Manager/ Manger (Administrative),0.77,0.7352576147791987
Senior iOS Engineer,0.75,0.7352288426039728
AI Engineer,0.716666667,0.7352190253546143
Mechanical Designer,0.783333333,0.7352102518916289
Senior Software Engineer,0.716666667,0.7352073450456075
Head of Internal Control & Compliance (ICC) - SEVP/DMD,0.816666667,0.7351833521749307
"System Administrator (Operation & Maintenance of Server, Storage & Service Desk System)",0.783333333,0.7351745942784352
Senior iOS Engineer,0.716666667,0.7351429001460527
Network Support Engineer,0.803333333,0.7351238134611727
Marketing Officer,0.77,0.7351157295413295
Intern (Generative AI Engineering - 2D/3D Image Generation),0.716666667,0.7351106977922525
HR Officer,0.603333333,0.7351089799339791
Network Support Engineer,0.683333333,0.7350682400643294
"System Administrator (Operation & Maintenance of Server, Storage & Service Desk System)",0.793333333,0.7350628009716128
"System Administrator (Operation & Maintenance of Server, Storage & Service Desk System)",0.783333333,0.734956566348283
HR Officer,0.716666667,0.7349333022972147
HR Officer,0.816666667,0.734893988300136
Senior iOS Engineer,0.85,0.7348808041405356
Management Trainee - Mechanical,0.616666667,0.7348445352384125
Intern (Generative AI Engineering - 2D/3D Image Generation),0.65,0.7348346825125349
Asst. Manager/ Manger (Administrative),0.826666667,0.7348190617184631
Data Science Engineer,0.793333333,0.7347799525462214
Network Support Engineer,0.716666667,0.7347498629848644
Senior iOS Engineer,0.65,0.7347134396945318
Asst. Manager/ Manger (Administrative),0.716666667,0.7346760685690287
Mechanical Designer,0.716666667,0.7346667673745318
"Executive/ Senior Executive- Trade Marketing, Hygiene Products",0.65,0.7346472917420148
HR Officer,0.783333333,0.7346079067397298
Network Support Engineer,0.66,0.7345991205494599
Project Coordinator (Civil),0.783333333,0.7345646853152196
Management Trainee - Mechanical,0.75,0.7345156197356705
HR Officer,0.783333333,0.7344852267683698
Senior iOS Engineer,0.783333333,0.7344609583659811
Data Science Engineer,0.85,0.7344198266183485
Head of Internal Control & Compliance (ICC) - SEVP/DMD,0.716666,0.7343460563600164
Sr.Officer / Executive - Internal Audit,0.75,0.7343418356248589
Machine Learning (ML) Engineer,0.783333333,0.7343258809087571
Machine Learning (ML) Engineer,0.65,0.7343154911947498
"System Administrator (Operation & Maintenance of Server, Storage & Service Desk System)",0.803333333,0.7342579383516027
Executive/ Sr. Executive -IT,0.65,0.7342372552177724
Project Coordinator (Civil),0.75,0.7342247058950007
"Manager- Human Resource Management (HRM)
",0.726666667,0.7341892995238233
Head of Internal Control & Compliance (ICC) - SEVP/DMD,0.816666667,0.734126428636083
Network Support Engineer,0.66,0.7340563002840671
Management Trainee - Mechanical,0.783333333,0.734045164068739
"Executive/ Senior Executive- Trade Marketing, Hygiene Products",0.76,0.7340397406873036
Senior Software Engineer,0.716666667,0.733992380302251
Network Support Engineer,0.736666667,0.7339921780516955
AI Engineer,0.683333333,0.7339913038994066
Executive/ Sr. Executive -IT,0.683333333,0.7339784493347957
Asst. Manager/ Manger (Administrative),0.816666667,0.7338506921192458
"System Administrator (Operation & Maintenance of Server, Storage & Service Desk System)",0.726666667,0.7337339506098863
Senior Software Engineer,0.85,0.7337227653718662
Data Science Engineer,0.65,0.7337225010098525
Executive - VAT,0.75,0.7336437418036018
Network Support Engineer,0.816666667,0.7336179002273763
Sr.Officer / Executive - Internal Audit,0.783333333,0.733599260596245
Executive/ Sr. Executive -IT,0.873333333,0.733489538405128
Intern (Generative AI Engineering - 2D/3D Image Generation),0.793333333,0.7334074165222461
Mechanical Designer,0.85,0.7333701628154079
Machine Learning (ML) Engineer,0.693333333,0.7333038401695717
Senior Software Engineer,0.716666667,0.7333018761475804
Asst. Manager/ Manger (Administrative),0.716666667,0.7332903480441157
HR Officer,0.793333333,0.7332510661183288
Management Trainee - Mechanical,0.76,0.7332120223799424
"Executive/ Senior Executive- Trade Marketing, Hygiene Products",0.85,0.7332119315967053
Management Trainee - Mechanical,0.75,0.7332001931753331
Executive - VAT,0.85,0.7331609621346755
Senior iOS Engineer,0.683333333,0.7331585314808976
Project Coordinator (Civil),0.716666,0.7331329763113122
Data Engineer,0.816666667,0.7331007135924129
Intern (Generative AI Engineering - 2D/3D Image Generation),0.76,0.7330781369862914
Civil Engineer,0.716666667,0.7330652022996852
Management Trainee - Mechanical,0.85,0.7329774318175708
AI Engineer,0.85,0.7329609120918015
Senior iOS Engineer,0.65,0.7329365182299653
Network Support Engineer,0.693333333,0.7329314251650101
Site Engineer,0.793333333,0.7329198663808102
"System Administrator (Operation & Maintenance of Server, Storage & Service Desk System)",0.85,0.7328837264228669
Senior Software Engineer,0.716666667,0.732877365010297
Marketing Officer,0.783333333,0.7328639458329967
HR Officer,0.683333333,0.7327410280099698
Executive/ Sr. Executive -IT,0.783333333,0.7327226787590764
Executive/ Sr. Executive -IT,0.683333333,0.7326549509743588
Mechanical Engineer,0.726666667,0.7326420293684393
"Executive/ Senior Executive- Trade Marketing, Hygiene Products",0.76,0.7326248203401555
Senior iOS Engineer,0.683333333,0.7325935413232599
Senior Software Engineer,0.783333333,0.7325891480896272
Network Support Engineer,0.683333333,0.7325881664936174
Senior Software Engineer,0.826666667,0.7325591157739114
HR Officer,0.716666667,0.7325454195591676
"Manager- Human Resource Management (HRM)
",0.85,0.7325343675794983
Senior iOS Engineer,0.85,0.7324533154519178
Data Science Engineer,0.85,0.7324366288338813
Data Science Engineer,0.76,0.732412941144288
Executive/ Sr. Executive -IT,0.783333333,0.7323877579888872
"System Administrator (Operation & Maintenance of Server, Storage & Service Desk System)",0.716666667,0.7323353077581729
Database Administrator (DBA),0.716666667,0.7323065863447192
DevOps Engineer,0.783333333,0.7323040923336402
Senior Software Engineer,0.716666667,0.7322744628745517
AI Engineer,0.613333333,0.7322687903416235
Senior Software Engineer,0.716666667,0.7322601355947534
"Manager- Human Resource Management (HRM)
",0.826666667,0.732086381147803
Project Coordinator (Civil),0.75,0.732007761070347
Senior Software Engineer,0.65,0.7319723531543076
Senior iOS Engineer,0.75,0.7319603560146668
"Executive/ Senior Executive- Trade Marketing, Hygiene Products",0.75,0.7318626405160877
Executive/ Sr. Executive -IT,0.783333333,0.7318514234437496
AI Engineer,0.683333333,0.7317706423088367
Asst. Manager/ Manger (Administrative),0.65,0.7317629884288127
"Manager- Human Resource Management (HRM)
",0.816666667,0.7317043697935186
"Full Stack Developer (Python,React js)",0.716666667,0.7316521199165312
AI Engineer,0.75,0.7316516160526018
Executive - VAT,0.773333333,0.7316123458812847
Executive/ Sr. Executive -IT,0.793333333,0.7315929412707143
Executive/ Sr. Executive -IT,0.716666667,0.731456991899037
"Executive/ Senior Executive- Trade Marketing, Hygiene Products",0.683333333,0.731367708320673
Site Engineer,0.793333333,0.7313286623164601
Data Science Engineer,0.816666667,0.7313187883889544
Senior iOS Engineer,0.795,0.7313037185649097
Machine Learning (ML) Engineer,0.75,0.7312798465903083
"Executive/ Senior Executive- Trade Marketing, Hygiene Products",0.716666667,0.731264744452768
"System Administrator (Operation & Maintenance of Server, Storage & Service Desk System)",0.75,0.7312593216861757
"System Administrator (Operation & Maintenance of Server, Storage & Service Desk System)",0.726666667,0.7312442469326182
Machine Learning (ML) Engineer,0.826666667,0.7312261349472186
Asst. Manager/ Manger (Administrative),0.683333333,0.7311619921733561
"System Administrator (Operation & Maintenance of Server, Storage & Service Desk System)",0.726666667,0.7311379435757474
"Full Stack Developer (Python,React js)",0.783333333,0.7311026618276131
Data Science Engineer,0.726666667,0.7309961894720317
AI Engineer,0.76,0.7309611691853577
Project Coordinator (Civil),0.716666667,0.7309569899738704
Machine Learning (ML) Engineer,0.65,0.7309388797736713
Intern (Generative AI Engineering - 2D/3D Image Generation),0.716666667,0.7309381862260311
Project Coordinator (Civil),0.693333333,0.7309033333522684
Civil Engineer,0.76,0.7309019212528903
Senior iOS Engineer,0.716666667,0.7308964678854668
AI Engineer,0.75,0.7308868464476951
"System Administrator (Operation & Maintenance of Server, Storage & Service Desk System)",0.603333333,0.7308729145439409
Senior Software Engineer,0.816666667,0.7308274122226617
DevOps Engineer,0.75,0.7307640478390358
"Full Stack Developer (Python,React js)",0.716666667,0.7307601960551591
"System Administrator (Operation & Maintenance of Server, Storage & Service Desk System)",0.783333333,0.73073547112667
"Manager- Human Resource Management (HRM)
",0.75,0.7306972357960502
Network Support Engineer,0.706666667,0.7306780329786451
Asst. Manager/ Manger (Administrative),0.76,0.7306746128691229
Intern (Generative AI Engineering - 2D/3D Image Generation),0.783333333,0.7306700661262076
"Executive/ Senior Executive- Trade Marketing, Hygiene Products",0.783333333,0.7306553998837253
HR Officer,0.75,0.730645532609942
Site Engineer,0.783333333,0.7306131502562835
Network Support Engineer,0.693333333,0.7305796534527725
"Full Stack Developer (Python,React js)",0.716666667,0.7305639808720169
Project Coordinator (Civil),0.693333333,0.7305590754868612
"System Administrator (Operation & Maintenance of Server, Storage & Service Desk System)",0.683333333,0.730515592957676
Data Science Engineer,0.716666667,0.7305069498926031
Data Science Engineer,0.65,0.7305022502420627
Database Administrator (DBA),0.71,0.7305009111847459
Data Engineer,0.85,0.730430203164883
"System Administrator (Operation & Maintenance of Server, Storage & Service Desk System)",0.783333333,0.7303216899346815
"System Administrator (Operation & Maintenance of Server, Storage & Service Desk System)",0.643333333,0.7302779365793995
DevOps Engineer,0.816666667,0.7302431283262847
Executive/ Sr. Executive -IT,0.793333333,0.730234357085703
HR Officer,0.716666667,0.7302226316560649
"Full Stack Developer (Python,React js)",0.716666667,0.7301503745046232
Mechanical Designer,0.783333333,0.7301015057947112
Senior iOS Engineer,0.783333333,0.7300750699139062
AI Engineer,0.783333333,0.7300579081360653
Senior Software Engineer,0.75,0.7300560112419399
Project Coordinator (Civil),0.783333333,0.7300325909201713
AI Engineer,0.75,0.7300205372279691
Head of Internal Control & Compliance (ICC) - SEVP/DMD,0.76,0.7300044878365002
Asst. Manager/ Manger (Administrative),0.76,0.7299509249649153
Data Engineer,0.75,0.729946492290475
Data Science Engineer,0.783333333,0.7299376257246162
HR Officer,0.783333333,0.729898096809088
"Executive/ Senior Executive- Trade Marketing, Hygiene Products",0.783333333,0.7298869920830782
Asst. Manager/ Manger (Administrative),0.716666667,0.7298747668623329
"System Administrator (Operation & Maintenance of Server, Storage & Service Desk System)",0.65,0.7298740855800228
Senior iOS Engineer,0.75,0.7298690130418154
"Executive/ Senior Executive- Trade Marketing, Hygiene Products",0.75,0.7298239493452182
Senior iOS Engineer,0.716666667,0.7298185300170914
Senior Software Engineer,0.75,0.7297636890538466
Head of Internal Control & Compliance (ICC) - SEVP/DMD,0.71,0.7296886399125241
Site Engineer,0.683333333,0.7296685271920443
Executive/ Sr. Executive -IT,0.816666667,0.7296559043921281
Executive/ Sr. Executive -IT,0.65,0.7296026851435468
Data Engineer,0.75,0.7296006957612168
Data Science Engineer,0.76,0.7295974310666613
Executive - VAT,0.783333333,0.7295780477039988
"Manager- Human Resource Management (HRM)
",0.783333333,0.729566134527578
AI Engineer,0.85,0.729544979260212
"Full Stack Developer (Python,React js)",0.85,0.7295350837347987
Management Trainee - Mechanical,0.6,0.7295298767517429
Senior iOS Engineer,0.716666667,0.7295207677080358
"Manager- Human Resource Management (HRM)
",0.65,0.729508681051006
"System Administrator (Operation & Maintenance of Server, Storage & Service Desk System)",0.65,0.7294913230690688
"System Administrator (Operation & Maintenance of Server, Storage & Service Desk System)",0.76,0.7294476823778213
"Manager- Human Resource Management (HRM)
",0.816666667,0.7294115531452285
"Executive/ Senior Executive- Trade Marketing, Hygiene Products",0.65,0.7293912870411889
Asst. Manager/ Manger (Administrative),0.783333333,0.7293724693964511
"Full Stack Developer (Python,React js)",0.716666667,0.7293536059408205
"Executive/ Senior Executive- Trade Marketing, Hygiene Products",0.716666667,0.7292806136285993
Head of Internal Control & Compliance (ICC) - SEVP/DMD,0.716666667,0.7292612077007378
Asst. Manager/ Manger (Administrative),0.75,0.7292369771589505
Network Support Engineer,0.726666667,0.7291838065731889
HR Officer,0.75,0.7291602253490704
"Executive/ Senior Executive- Trade Marketing, Hygiene Products",0.85,0.7291294809791999
Mechanical Engineer,0.65,0.7290973287959158
Executive - VAT,0.816666667,0.7290467724344795
Senior Software Engineer,0.85,0.7290363073587293
Asst. Manager/ Manger (Administrative),0.75,0.7290332044379476
Executive/ Sr. Executive -IT,0.77,0.7290318830185711
Data Engineer,0.77,0.7290140012139985
Senior iOS Engineer,0.55,0.7289953805275005
Data Science Engineer,0.726666667,0.7289941525602972
"Full Stack Developer (Python,React js)",0.816666667,0.7289309610843325
Database Administrator (DBA),0.65,0.7288988508176618
Network Support Engineer,0.716666667,0.7288936774086475
Sr.Officer / Executive - Internal Audit,0.683333333,0.7288803601783483
"System Administrator (Operation & Maintenance of Server, Storage & Service Desk System)",0.706666667,0.7288329000818146
Network Support Engineer,0.65,0.7287310618329103
Database Administrator (DBA),0.716666667,0.7286935245850513
Civil Engineer,0.683333333,0.7286787920047454
Executive - VAT,0.85,0.7286176083534576
Database Administrator (DBA),0.65,0.7284858910709404
Senior Software Engineer,0.85,0.7284744090176318
Executive/ Sr. Executive -IT,0.716666667,0.7284644384584013
Data Science Engineer,0.77,0.7284495008834369
Management Trainee - Mechanical,0.683333333,0.7284471078442022
DevOps Engineer,0.693333333,0.7284392705833644
Sr.Officer / Executive - Internal Audit,0.716666667,0.7283127827008189
"Full Stack Developer (Python,React js)",0.783333333,0.7282817861148789
Executive/ Sr. Executive -IT,0.75,0.7282726798710396
AI Engineer,0.683333333,0.7282688735726648
Management Trainee - Mechanical,0.85,0.7282673396134521
Intern (Generative AI Engineering - 2D/3D Image Generation),0.65,0.7282594732663844
Civil Engineer,0.55,0.7282583924889064
"Executive/ Senior Executive- Trade Marketing, Hygiene Products",0.693333333,0.7282089249432446
Machine Learning (ML) Engineer,0.783333333,0.7282051027341861
Intern (Generative AI Engineering - 2D/3D Image Generation),0.65,0.728189403897085
AI Engineer,0.816666667,0.7281465560167342
Senior Software Engineer,0.716666667,0.728145010133547
Machine Learning (ML) Engineer,0.683333333,0.7280584277535499
Sr.Officer / Executive - Internal Audit,0.7,0.7280392432480205
"Executive/ Senior Executive- Trade Marketing, Hygiene Products",0.65,0.7280250941178682
AI Engineer,0.693333333,0.7280213479791964
DevOps Engineer,0.78,0.7280163013961889
Network Support Engineer,0.683333333,0.7279906347636114
Executive/ Sr. Executive -IT,0.783333333,0.7279346522006712
AI Engineer,0.716666667,0.7279133835379231
"System Administrator (Operation & Maintenance of Server, Storage & Service Desk System)",0.77,0.7278875586930232
Data Engineer,0.76,0.7278344376449822
"Full Stack Developer (Python,React js)",0.85,0.7278326392325006
Database Administrator (DBA),0.683333333,0.7277669444759057
AI Engineer,0.583333333,0.7277415420174308
HR Officer,0.716666667,0.7277397485499841
"Full Stack Developer (Python,React js)",0.716666667,0.7277277191338937
Senior Software Engineer,0.895,0.7277085262441456
HR Officer,0.693333333,0.7276731087669271
"System Administrator (Operation & Maintenance of Server, Storage & Service Desk System)",0.783333333,0.7276294218729427
Executive/ Sr. Executive -IT,0.783333333,0.7275897834669953
Intern (Generative AI Engineering - 2D/3D Image Generation),0.85,0.7275869766572166
Intern (Generative AI Engineering - 2D/3D Image Generation),0.65,0.7275759173919313
Network Support Engineer,0.75,0.7275517877872334
Asst. Manager/ Manger (Administrative),0.683333333,0.7274867642324326
Data Science Engineer,0.783333333,0.727466416334773
Data Science Engineer,0.726666667,0.7274515362002655
Executive/ Sr. Executive -IT,0.716666667,0.7274448116349822
Data Science Engineer,0.793333333,0.727422813653478
Sr.Officer / Executive - Internal Audit,0.683333333,0.7273762440697604
"System Administrator (Operation & Maintenance of Server, Storage & Service Desk System)",0.783333333,0.7273637710040972
Senior Software Engineer,0.716666667,0.727354585512943
Civil Engineer,0.85,0.7272925464667958
Project Coordinator (Civil),0.716666667,0.7272691339721619
Executive - VAT,0.736666667,0.7271863067037407
Project Coordinator (Civil),0.783333333,0.7271826283034829
"Manager- Human Resource Management (HRM)
",0.783333333,0.7271765893342172
Data Engineer,0.816666667,0.7271647798666886
Network Support Engineer,0.816666667,0.7270855356589621
Sr.Officer / Executive - Internal Audit,0.716666667,0.7270375538937094
Project Coordinator (Civil),0.793333333,0.7269421642426676
Data Science Engineer,0.65,0.7269402337816588
Senior iOS Engineer,0.716666667,0.7268914017861603
Asst. Manager/ Manger (Administrative),0.65,0.7268638716978649
Senior iOS Engineer,0.716666667,0.7268508392424731
"Full Stack Developer (Python,React js)",0.65,0.7268255863402079
AI Engineer,0.85,0.726807221828501
Mechanical Engineer,0.85,0.7268044628612237
Database Administrator (DBA),0.65,0.7268024747361297
AI Engineer,0.683333333,0.72679779325908
Executive/ Sr. Executive -IT,0.683333333,0.7267958706255568
Project Coordinator (Civil),0.716666667,0.7267854760686481
Network Support Engineer,0.75,0.7267646854984823
"Manager- Human Resource Management (HRM)
",0.716666667,0.7267049073904926
"System Administrator (Operation & Maintenance of Server, Storage & Service Desk System)",0.683333333,0.7266920789745474
Business Development Executive,0.716666667,0.7266627505103446
Intern (Generative AI Engineering - 2D/3D Image Generation),0.35,0.7265477359050373
Executive - VAT,0.816666667,0.7265390676440414
Business Development Executive,0.683333333,0.7265229212294967
Network Support Engineer,0.65,0.7265207227587933
Senior iOS Engineer,0.716666667,0.726508313732625
Senior Software Engineer,0.75,0.7264712393653424
Network Support Engineer,0.683333333,0.7264188308037227
Database Administrator (DBA),0.65,0.7264142072770133
"System Administrator (Operation & Maintenance of Server, Storage & Service Desk System)",0.643333333,0.7263918513394069
AI Engineer,0.793333333,0.7263648246685716
Database Administrator (DBA),0.683333333,0.7263361925467391
Project Coordinator (Civil),0.85,0.7263252539270663
DevOps Engineer,0.65,0.726226160264701
Asst. Manager/ Manger (Administrative),0.683333333,0.7262237730675521
HR Officer,0.716666667,0.7261815116456468
Project Coordinator (Civil),0.75,0.7261788630676967
Network Support Engineer,0.78,0.7261748990922908
Senior iOS Engineer,0.876666667,0.7261195662709624
Senior Software Engineer,0.75,0.7260673230583395
Intern (Generative AI Engineering - 2D/3D Image Generation),0.736666667,0.7260162738260866
"Executive/ Senior Executive- Trade Marketing, Hygiene Products",0.683333333,0.7260101080679544
Senior Software Engineer,0.783333333,0.7260084010457865
Executive/ Sr. Executive -IT,0.826666667,0.7260082842167923
Management Trainee - Mechanical,0.65,0.725989738136506
Network Support Engineer,0.803333333,0.7259520496272573
Data Science Engineer,0.77,0.7258920882258368
Data Engineer,0.85,0.7258916782730132
"System Administrator (Operation & Maintenance of Server, Storage & Service Desk System)",0.793333333,0.7257711360607112
Data Engineer,0.816666667,0.7257327667699003
Data Engineer,0.65,0.7256888062109186
Project Coordinator (Civil),0.85,0.7256632661671676
Senior iOS Engineer,0.783333333,0.725653011477312
Project Coordinator (Civil),0.85,0.7256262122930217
Business Development Executive,0.85,0.7256168079085368
Management Trainee - Mechanical,0.783333333,0.7256056759574433
Marketing Officer,0.75,0.7255925821847605
AI Engineer,0.783333333,0.7255204616973773
Head of Internal Control & Compliance (ICC) - SEVP/DMD,0.826666667,0.7254902502979799
"System Administrator (Operation & Maintenance of Server, Storage & Service Desk System)",0.803333333,0.7254900901815349
"System Administrator (Operation & Maintenance of Server, Storage & Service Desk System)",0.85,0.7254843366705209
HR Officer,0.75,0.7254731949216676
Network Support Engineer,0.693333333,0.7254585339192389
AI Engineer,0.716666667,0.7254305328589468
"Executive/ Senior Executive- Trade Marketing, Hygiene Products",0.65,0.7254303768463967
Network Support Engineer,0.85,0.72540517412772
Asst. Manager/ Manger (Administrative),0.726666667,0.7253320395222114
Project Coordinator (Civil),0.683333333,0.7252535166049974
Data Engineer,0.736666667,0.7252317784550969
Project Coordinator (Civil),0.85,0.7252107565009219
"Executive/ Senior Executive- Trade Marketing, Hygiene Products",0.816666667,0.7251994583234056
Senior iOS Engineer,0.716666667,0.7251861416005054
"Manager- Human Resource Management (HRM)
",0.85,0.7251832960326774
Civil Engineer,0.783333333,0.7251789182298345
Data Science Engineer,0.65,0.7251040265764412
Network Support Engineer,0.726666667,0.72507529653136
Executive - VAT,0.716666667,0.7250315575496031
Senior Software Engineer,0.916666667,0.7249931133011306
Senior iOS Engineer,0.716666667,0.7249748539147474
Senior Software Engineer,0.65,0.7249737667878404
Project Coordinator (Civil),0.716666667,0.7249602824515706
Machine Learning (ML) Engineer,0.75,0.7248517848656592
Executive/ Sr. Executive -IT,0.726666667,0.7248303092650539
Asst. Manager/ Manger (Administrative),0.76,0.7247428912911918
Network Support Engineer,0.783333333,0.7246467305536767
AI Engineer,0.596666667,0.7246320808639776
Network Support Engineer,0.65,0.7246129177717977
AI Engineer,0.65,0.7245793476059522
"Manager- Human Resource Management (HRM)
",0.816666667,0.7245671350461862
"System Administrator (Operation & Maintenance of Server, Storage & Service Desk System)",0.783333333,0.7245580532989621
Data Engineer,0.85,0.7244387120983174
Executive/ Sr. Executive -IT,0.816666667,0.7244370919694535
Database Administrator (DBA),0.683333333,0.7243964384746592
AI Engineer,0.76,0.7243433620664452
Data Science Engineer,0.75,0.7242737892924621
AI Engineer,0.616666667,0.7242441717894158
"Executive/ Senior Executive- Trade Marketing, Hygiene Products",0.683333333,0.724204124541031
"System Administrator (Operation & Maintenance of Server, Storage & Service Desk System)",0.716666667,0.7241955708744582
Mechanical Engineer,0.85,0.7241019242227751
Database Administrator (DBA),0.683333333,0.7240949565063894
Sr.Officer / Executive - Internal Audit,0.75,0.7240797825114362
"Full Stack Developer (Python,React js)",0.66,0.7240781607846174
DevOps Engineer,0.65,0.7240083777060852
Senior iOS Engineer,0.75,0.723973799509523
Executive/ Sr. Executive -IT,0.793333333,0.7239379277906023
AI Engineer,0.77,0.7239288036557565
Head of Internal Control & Compliance (ICC) - SEVP/DMD,0.77,0.7239240923963899
DevOps Engineer,0.76,0.7238937322748596
Management Trainee - Mechanical,0.883333333,0.7238791606257734
Senior iOS Engineer,0.716666667,0.7238018823696423
Senior iOS Engineer,0.716666667,0.7237982205578071
Network Support Engineer,0.75,0.7237832480453362
Mechanical Designer,0.85,0.7237703427368535
Civil Engineer,0.85,0.7237668760444524
AI Engineer,0.783333333,0.7237371673065687
"Full Stack Developer (Python,React js)",0.716666667,0.7237160964937633
Senior iOS Engineer,0.716666667,0.723683366668595
"Manager- Human Resource Management (HRM)
",0.45,0.7235746067683533
Business Development Executive,0.783333333,0.7235630632108261
"System Administrator (Operation & Maintenance of Server, Storage & Service Desk System)",0.75,0.7234749635811135
HR Officer,0.75,0.7234535363317461
Senior iOS Engineer,0.716666667,0.7234407161893324
Asst. Manager/ Manger (Administrative),0.75,0.7234206475201663
Senior iOS Engineer,0.65,0.7234175820645296
Head of Internal Control & Compliance (ICC) - SEVP/DMD,0.75,0.7234131409301799
Executive - VAT,0.683333333,0.7234125707373067
DevOps Engineer,0.783333333,0.7233611222123704
Civil Engineer,0.683333333,0.7233579003181014
Senior iOS Engineer,0.683333333,0.7232935173085281
Mechanical Engineer,0.683333333,0.723289752044391
AI Engineer,0.76,0.7232897185118733
Head of Internal Control & Compliance (ICC) - SEVP/DMD,0.693333333,0.7232326318130755
Senior iOS Engineer,0.683333333,0.7232152305566323
Asst. Manager/ Manger (Administrative),0.75,0.7231954919615378
Head of Internal Control & Compliance (ICC) - SEVP/DMD,0.683333333,0.723188197528193
Executive/ Sr. Executive -IT,0.683333333,0.7231855337423372
"Executive/ Senior Executive- Trade Marketing, Hygiene Products",0.783333333,0.7231558480864372
Head of Internal Control & Compliance (ICC) - SEVP/DMD,0.85,0.7231231347171632
Asst. Manager/ Manger (Administrative),0.75,0.7230595016636895
Network Support Engineer,0.683333333,0.7230342108127534
Data Science Engineer,0.75,0.7230315975160128
Site Engineer,0.85,0.7230314041668298
Project Coordinator (Civil),0.736666667,0.7230004385391351
AI Engineer,0.783333333,0.722986138769082
Network Support Engineer,0.693333333,0.7229358557160768
Senior iOS Engineer,0.726666667,0.7229352860478685
Mechanical Designer,0.783333333,0.7229198047011806
"Executive/ Senior Executive- Trade Marketing, Hygiene Products",0.716666667,0.7229073879191098
Data Science Engineer,0.273333333,0.722904501758679
Executive - VAT,0.65,0.7228634765925654
Data Science Engineer,0.75,0.7228578639602549
Data Science Engineer,0.683333333,0.7228502770732057
Data Science Engineer,0.65,0.722816582746035
"Executive/ Senior Executive- Trade Marketing, Hygiene Products",0.626666667,0.7228009763454876
Senior iOS Engineer,0.75,0.7227921619101111
Management Trainee - Mechanical,0.76,0.7227691068540338
DevOps Engineer,0.783333333,0.7227460093163869
Sr.Officer / Executive - Internal Audit,0.85,0.7227439347661164
"Executive/ Senior Executive- Trade Marketing, Hygiene Products",0.85,0.722628643276943
Senior iOS Engineer,0.783333333,0.7225959672635618
"System Administrator (Operation & Maintenance of Server, Storage & Service Desk System)",0.783333333,0.7225808905445787
Data Science Engineer,0.726666667,0.722580786692645
Network Support Engineer,0.683333333,0.7225213980910071
"Manager- Human Resource Management (HRM)
",0.683333333,0.7224813797332973
AI Engineer,0.783333333,0.722451952385055
Network Support Engineer,0.726666667,0.7224409775731312
Civil Engineer,0.85,0.7223631956442713
Executive/ Sr. Executive -IT,0.65,0.7223611042043013
DevOps Engineer,0.803333333,0.7223141722239195
Data Engineer,0.75,0.7222799742720424
DevOps Engineer,0.716666667,0.7222755673594006
Network Support Engineer,0.75,0.7222568151561772
Senior iOS Engineer,0.683333333,0.7222374045336593
Executive/ Sr. Executive -IT,0.77,0.7222337153666119
Data Engineer,0.716666667,0.7221782838190519
Data Engineer,0.76,0.7221568154826445
"Full Stack Developer (Python,React js)",0.85,0.72215245950785
"Manager- Human Resource Management (HRM)
",0.783333333,0.722132031480317
Data Engineer,0.783333333,0.7221005010596361
Executive/ Sr. Executive -IT,0.65,0.7220571849944012
Senior Software Engineer,0.683333333,0.7220285195633441
"System Administrator (Operation & Maintenance of Server, Storage & Service Desk System)",0.75,0.7220195457254031
"System Administrator (Operation & Maintenance of Server, Storage & Service Desk System)",0.793333333,0.7219739316124327
Management Trainee - Mechanical,0.783333333,0.7219712336018302
Network Support Engineer,0.65,0.7217983803319994
Network Support Engineer,0.736666667,0.721798314965822
"Full Stack Developer (Python,React js)",0.716666667,0.7217614406706216
"System Administrator (Operation & Maintenance of Server, Storage & Service Desk System)",0.686666667,0.7217603003441488
"Full Stack Developer (Python,React js)",0.716666667,0.7217469398586451
Head of Internal Control & Compliance (ICC) - SEVP/DMD,0.783333333,0.7217295044069105
AI Engineer,0.65,0.721655529902188
AI Engineer,0.716666667,0.7216548650036559
HR Officer,0.683333333,0.7216339542468019
Head of Internal Control & Compliance (ICC) - SEVP/DMD,0.803333333,0.7216267528169314
Database Administrator (DBA),0.85,0.721624015754492
Data Science Engineer,0.783333333,0.7215993405399497
Asst. Manager/ Manger (Administrative),0.716666667,0.7215524408108693
Executive/ Sr. Executive -IT,0.683333333,0.7215335333793612
Site Engineer,0.683333333,0.7215169730802712
Senior iOS Engineer,0.716666667,0.7215003079630528
Executive/ Sr. Executive -IT,0.716666667,0.7214764850837696
Head of Internal Control & Compliance (ICC) - SEVP/DMD,0.71,0.7214753858728833
Head of Internal Control & Compliance (ICC) - SEVP/DMD,0.816666667,0.7214677370871992
Executive/ Sr. Executive -IT,0.683333333,0.721448664658724
Executive - VAT,0.85,0.72142972385484
"Manager- Human Resource Management (HRM)
",0.683333333,0.7213670739021985
Intern (Generative AI Engineering - 2D/3D Image Generation),0.75,0.7213246567927685
DevOps Engineer,0.783333333,0.7212751663989596
Mechanical Engineer,0.44,0.7212544798297138
AI Engineer,0.85,0.7212037881742707
Head of Internal Control & Compliance (ICC) - SEVP/DMD,0.716666667,0.7211962855910623
Mechanical Designer,0.826666667,0.7211439954732558
AI Engineer,0.75,0.7211395298696278
Network Support Engineer,0.693333333,0.721102443058978
Senior Software Engineer,0.65,0.7210801000044834
Sr.Officer / Executive - Internal Audit,0.816666667,0.7210782853473817
"Full Stack Developer (Python,React js)",0.716666667,0.7210717283061017
HR Officer,0.783333333,0.7210633382540462
"Full Stack Developer (Python,React js)",0.65,0.7210567139503202
Data Science Engineer,0.716666667,0.7210384338529221
Mechanical Engineer,0.803333333,0.7210058923376104
Head of Internal Control & Compliance (ICC) - SEVP/DMD,0.693333333,0.7209623489459077
DevOps Engineer,0.783333333,0.7209613014769212
"Full Stack Developer (Python,React js)",0.716666667,0.7209379937355409
Senior Software Engineer,0.793333333,0.72093237812297
Intern (Generative AI Engineering - 2D/3D Image Generation),0.716666667,0.7208859764660872
Data Engineer,0.716666667,0.7208295142571597
Database Administrator (DBA),0.683333333,0.7208245849099831
"Executive/ Senior Executive- Trade Marketing, Hygiene Products",0.75,0.720767433499408
"Manager- Human Resource Management (HRM)
",0.85,0.7207196372150705
Data Science Engineer,0.65,0.7207090095301847
Executive - VAT,0.77,0.7207024185042677
Site Engineer,0.816666667,0.7206819365298589
Sr.Officer / Executive - Internal Audit,0.35,0.7206600323462624
DevOps Engineer,0.85,0.7206540753647596
HR Officer,0.716666667,0.7206422000756125
Data Science Engineer,0.726666667,0.7206408522028388
Executive/ Sr. Executive -IT,0.783333333,0.720583077690516
Data Science Engineer,0.76,0.720571148624468
"Executive/ Senior Executive- Trade Marketing, Hygiene Products",0.65,0.7205437082077802
Marketing Officer,0.77,0.7204628171662366
"System Administrator (Operation & Maintenance of Server, Storage & Service Desk System)",0.726666667,0.7204564468812561
Executive - VAT,0.85,0.720415239296404
Asst. Manager/ Manger (Administrative),0.76,0.7204127353777394
Senior iOS Engineer,0.816666667,0.7204073561325207
Mechanical Engineer,0.75,0.7203940570475083
Asst. Manager/ Manger (Administrative),0.75,0.7203825148470423
Network Support Engineer,0.683333333,0.7203674388010273
"System Administrator (Operation & Maintenance of Server, Storage & Service Desk System)",0.783333333,0.720334952220201
Mechanical Engineer,0.716666667,0.7203074338232537
Data Engineer,0.76,0.7202815016111
"Executive/ Senior Executive- Trade Marketing, Hygiene Products",0.75,0.7202694637573577
Senior Software Engineer,0.816666667,0.720259525101318
DevOps Engineer,0.65,0.7202549229587022
Network Support Engineer,0.75,0.7202057223297273
"Full Stack Developer (Python,React js)",0.65,0.7202050196536891
AI Engineer,0.716666667,0.720050369116883
Executive - VAT,0.85,0.7200493497222283
Senior iOS Engineer,0.783333333,0.7200427845354648
Project Coordinator (Civil),0.65,0.7200384917733054
Senior Software Engineer,0.65,0.7200150506034286
"Full Stack Developer (Python,React js)",0.616666667,0.7199061608256755
Data Science Engineer,0.816666667,0.7198737863491121
"System Administrator (Operation & Maintenance of Server, Storage & Service Desk System)",0.76,0.7198639359241518
"System Administrator (Operation & Maintenance of Server, Storage & Service Desk System)",0.716666667,0.7198272441277129
Project Coordinator (Civil),0.816666667,0.7197552311580404
Database Administrator (DBA),0.693333333,0.7196816811719295
"Executive/ Senior Executive- Trade Marketing, Hygiene Products",0.75,0.7196366291781826
Project Coordinator (Civil),0.716666667,0.7196196754208718
DevOps Engineer,0.5,0.7196118527963502
Intern (Generative AI Engineering - 2D/3D Image Generation),0.65,0.7195958753742314
Senior Software Engineer,0.85,0.7195600004985185
Machine Learning (ML) Engineer,0.35,0.7195534345939164
"Full Stack Developer (Python,React js)",0.65,0.7195504676586497
Senior iOS Engineer,0.716666667,0.7194627608581476
"System Administrator (Operation & Maintenance of Server, Storage & Service Desk System)",0.75,0.719447639283469
"Executive/ Senior Executive- Trade Marketing, Hygiene Products",0.716666667,0.7194307008527083
HR Officer,0.783333333,0.7193832789034758
Data Engineer,0.783333333,0.7193735694675131
Intern (Generative AI Engineering - 2D/3D Image Generation),0.816666667,0.7193525388139013
Project Coordinator (Civil),0.76,0.7192674676954494
Executive/ Sr. Executive -IT,0.693333333,0.71921682514051
Site Engineer,0.65,0.719188029089775
Data Science Engineer,0.736666667,0.7191678177539482
"System Administrator (Operation & Maintenance of Server, Storage & Service Desk System)",0.716666667,0.7191437548385752
Executive/ Sr. Executive -IT,0.716666667,0.7191283236289769
Project Coordinator (Civil),0.816666667,0.7191237720131002
Asst. Manager/ Manger (Administrative),0.783333333,0.7191097588727954
Network Support Engineer,0.65,0.7190782905847456
Intern (Generative AI Engineering - 2D/3D Image Generation),0.75,0.7190447725303021
Head of Internal Control & Compliance (ICC) - SEVP/DMD,0.65,0.7190188673251104
Senior iOS Engineer,0.65,0.7190099155334128
Network Support Engineer,0.506666667,0.7189107398128873
Management Trainee - Mechanical,0.816666667,0.7188822868977166
"Manager- Human Resource Management (HRM)
",0.783333333,0.7188407426500762
Business Development Executive,0.683333333,0.7188143897062873
AI Engineer,0.816666667,0.7188050726780979
Database Administrator (DBA),0.716666667,0.7187401959579964
Sr.Officer / Executive - Internal Audit,0.76,0.718719460523372
AI Engineer,0.76,0.7187146913926162
Head of Internal Control & Compliance (ICC) - SEVP/DMD,0.65,0.7186746814030719
Executive/ Sr. Executive -IT,0.783333333,0.7186698549652584
Mechanical Designer,0.816666667,0.718666799676519
"Full Stack Developer (Python,React js)",0.716666667,0.7186270509496147
Site Engineer,0.826666667,0.7186151176097824
Network Support Engineer,0.706666667,0.7186121925259725
"Full Stack Developer (Python,React js)",0.65,0.7186016653088355
"Manager- Human Resource Management (HRM)
",0.783333333,0.7185457789243652
"Manager- Human Resource Management (HRM)
",0.816666667,0.7185195589748995
HR Officer,0.716666667,0.7185070669865941
Asst. Manager/ Manger (Administrative),0.716666667,0.7184958093456443
Data Engineer,0.716666667,0.7184697084415669
"Executive/ Senior Executive- Trade Marketing, Hygiene Products",0.716666667,0.7184272839260716
Intern (Generative AI Engineering - 2D/3D Image Generation),0.85,0.7184158441503824
Senior iOS Engineer,0.683333333,0.7184116274309585
Business Development Executive,0.716666667,0.718406556745018
Data Science Engineer,0.826666667,0.7184047829903938
"System Administrator (Operation & Maintenance of Server, Storage & Service Desk System)",0.683333333,0.7183755242845739
AI Engineer,0.816666667,0.7183455683672566
Sr.Officer / Executive - Internal Audit,0.65,0.7183341987009674
Asst. Manager/ Manger (Administrative),0.76,0.7183142880446058
Senior Software Engineer,0.85,0.7182631005368006
Head of Internal Control & Compliance (ICC) - SEVP/DMD,0.75,0.7182144977412538
DevOps Engineer,0.803333333,0.7181956973941662
Executive/ Sr. Executive -IT,0.816666667,0.7181641807049508
Marketing Officer,0.76,0.7181514553232717
Data Science Engineer,0.85,0.7181441699499402
"System Administrator (Operation & Maintenance of Server, Storage & Service Desk System)",0.683333333,0.7181275684434023
Business Development Executive,0.85,0.7180622996806264
Sr.Officer / Executive - Internal Audit,0.6,0.7180102068702728
Intern (Generative AI Engineering - 2D/3D Image Generation),0.716666667,0.7179917233758469
Project Coordinator (Civil),0.716666667,0.7179682911431741
Asst. Manager/ Manger (Administrative),0.76,0.7179622382124873
Network Support Engineer,0.65,0.717938353933029
Executive/ Sr. Executive -IT,0.693333333,0.7179250925853651
HR Officer,0.65,0.717869827185618
Database Administrator (DBA),0.693333333,0.7178459845705021
AI Engineer,0.85,0.7178444042881964
"System Administrator (Operation & Maintenance of Server, Storage & Service Desk System)",0.85,0.7178382965901607
Network Support Engineer,0.716666667,0.7178361619331192
Executive/ Sr. Executive -IT,0.65,0.7177511959240248
Senior iOS Engineer,0.716666667,0.71772159285492
Senior Software Engineer,0.783333333,0.7177160398974155
"Manager- Human Resource Management (HRM)
",0.85,0.7177001706055378
Executive/ Sr. Executive -IT,0.783333333,0.7176717569238145
Mechanical Engineer,0.816666667,0.7176622687822067
Civil Engineer,0.85,0.7176101940080131
Data Engineer,0.793333333,0.7175957380753282
DevOps Engineer,0.85,0.7175533069730614
AI Engineer,0.793222,0.717536040706387
Data Engineer,0.673333333,0.7174957353546333
Senior iOS Engineer,0.633333333,0.7174708278029418
Sr.Officer / Executive - Internal Audit,0.783333333,0.7174499330463356
Network Support Engineer,0.65,0.7174376805806346
Mechanical Designer,0.816666667,0.7174348030952353
Network Support Engineer,0.683333333,0.7174165077342429
Mechanical Engineer,0.706666667,0.7174009883539156
AI Engineer,0.716666667,0.7173746029066628
"System Administrator (Operation & Maintenance of Server, Storage & Service Desk System)",0.826666667,0.7173497800016672
Executive - VAT,0.65,0.7173481616415152
Executive/ Sr. Executive -IT,0.76,0.7173326002286561
"Executive/ Senior Executive- Trade Marketing, Hygiene Products",0.65,0.7172866831944313
Sr.Officer / Executive - Internal Audit,0.783333333,0.7172542726449693
"System Administrator (Operation & Maintenance of Server, Storage & Service Desk System)",0.65,0.7172278131144516
Database Administrator (DBA),0.65,0.7172205643476374
Project Coordinator (Civil),0.683333333,0.7172131655152061
"System Administrator (Operation & Maintenance of Server, Storage & Service Desk System)",0.716666667,0.7172002899242288
Project Coordinator (Civil),0.683333333,0.7171587284095127
Senior iOS Engineer,0.76,0.7171170012875516
Asst. Manager/ Manger (Administrative),0.75,0.7170551561667018
HR Officer,0.45,0.717020446081982
"Full Stack Developer (Python,React js)",0.716666667,0.7169991923988848
Data Engineer,0.783333333,0.7169453085693146
Data Science Engineer,0.816666667,0.7169127083774041
Network Support Engineer,0.716666667,0.7168833873927715
Project Coordinator (Civil),0.783333333,0.7168395551196568
"System Administrator (Operation & Maintenance of Server, Storage & Service Desk System)",0.716666667,0.7168106770115179
Mechanical Designer,0.783333333,0.7168068238234172
Senior Software Engineer,0.716666667,0.7167823914848139
Executive/ Sr. Executive -IT,0.65,0.7167659566572568
"System Administrator (Operation & Maintenance of Server, Storage & Service Desk System)",0.736666667,0.7167457303513077
Senior iOS Engineer,0.816666667,0.7167393543231676
Sr.Officer / Executive - Internal Audit,0.693333333,0.7167230943478445
Asst. Manager/ Manger (Administrative),0.75,0.7167223302387985
Asst. Manager/ Manger (Administrative),0.716666667,0.7167220478767636
"Executive/ Senior Executive- Trade Marketing, Hygiene Products",0.65,0.7167069689210361
Data Engineer,0.816666667,0.71663576534935
Intern (Generative AI Engineering - 2D/3D Image Generation),0.76,0.7166280424566195
Asst. Manager/ Manger (Administrative),0.716666667,0.7166065940171283
"Manager- Human Resource Management (HRM)
",0.816666667,0.7165665350939522
Business Development Executive,0.716666667,0.7165372320163247
Intern (Generative AI Engineering - 2D/3D Image Generation),0.85,0.7165048389851765
Data Science Engineer,0.75,0.7164505517444612
Senior iOS Engineer,0.65,0.7164486714139139
AI Engineer,0.75,0.7164442780117443
"Executive/ Senior Executive- Trade Marketing, Hygiene Products",0.583333333,0.7164234534732762
Site Engineer,0.716666667,0.7163892435691376
Network Support Engineer,0.716666667,0.7163865932502815
Network Support Engineer,0.65,0.7163781757995213
Executive/ Sr. Executive -IT,0.65,0.7163498492953769
Site Engineer,0.65,0.7163264590565942
Executive/ Sr. Executive -IT,0.736666667,0.7162998180457553
Management Trainee - Mechanical,0.716666667,0.7162526964680458
Data Science Engineer,0.716666667,0.7161814570044726
"Executive/ Senior Executive- Trade Marketing, Hygiene Products",0.75,0.7161761438402415
Executive - VAT,0.816666667,0.7161366425961324
Network Support Engineer,0.75,0.7161129630983079
Network Support Engineer,0.85,0.7161110189377043
HR Officer,0.716666667,0.716078578902147
"Executive/ Senior Executive- Trade Marketing, Hygiene Products",0.75,0.7160500505412516
Sr.Officer / Executive - Internal Audit,0.716666667,0.7160489668051014
Intern (Generative AI Engineering - 2D/3D Image Generation),0.716666667,0.7159766603245945
Project Coordinator (Civil),0.726666667,0.7159668204335834
DevOps Engineer,0.85,0.7159542296898422
"Manager- Human Resource Management (HRM)
",0.683333333,0.7159187249343316
"System Administrator (Operation & Maintenance of Server, Storage & Service Desk System)",0.716666667,0.7158912339826347
DevOps Engineer,0.75,0.7158642396212838
Senior iOS Engineer,0.65,0.7158573650423954
"System Administrator (Operation & Maintenance of Server, Storage & Service Desk System)",0.65,0.7158521205237949
"Executive/ Senior Executive- Trade Marketing, Hygiene Products",0.716666667,0.7158063955610944
Network Support Engineer,0.693333333,0.7157875213397951
"Manager- Human Resource Management (HRM)
",0.76,0.7157821774898796
"Full Stack Developer (Python,React js)",0.65,0.71568577908628
Database Administrator (DBA),0.55,0.7155701636486121
Machine Learning (ML) Engineer,0.683333,0.7155234774177383
Asst. Manager/ Manger (Administrative),0.643333333,0.7155197760304367
Senior iOS Engineer,0.716666667,0.7155162541771204
"Full Stack Developer (Python,React js)",0.683333333,0.7154643662672294
"Executive/ Senior Executive- Trade Marketing, Hygiene Products",0.85,0.7154623664526497
HR Officer,0.85,0.715444645713369
DevOps Engineer,0.816666667,0.7154353601900364
Asst. Manager/ Manger (Administrative),0.75,0.7154047930413624
Civil Engineer,0.65,0.7153818856105606
Machine Learning (ML) Engineer,0.65,0.7153730153183427
Data Science Engineer,0.683333333,0.7153458747696604
AI Engineer,0.816666667,0.7153443863457083
Data Engineer,0.726666667,0.7153132333890008
Senior iOS Engineer,0.683333333,0.71526591595723
"Full Stack Developer (Python,React js)",0.65,0.7152506105843319
HR Officer,0.683333333,0.7152029467387424
"Manager- Human Resource Management (HRM)
",0.783333333,0.7151839258174807
Senior iOS Engineer,0.85,0.7151488091639941
Executive/ Sr. Executive -IT,0.65,0.7151183561350639
"System Administrator (Operation & Maintenance of Server, Storage & Service Desk System)",0.85,0.7151179885496061
Data Science Engineer,0.683333333,0.7150450132797671
Asst. Manager/ Manger (Administrative),0.65,0.7150315813290129
AI Engineer,0.75,0.715003659058578
Executive/ Sr. Executive -IT,0.65,0.7149768016591721
"System Administrator (Operation & Maintenance of Server, Storage & Service Desk System)",0.716666667,0.7148543186934123
HR Officer,0.783333333,0.7148203610387239
"Manager- Human Resource Management (HRM)
",0.829666667,0.7148152249729118
Project Coordinator (Civil),0.65,0.714771571372828
Data Engineer,0.75,0.7147687868013448
Executive/ Sr. Executive -IT,0.65,0.714758209017887
Asst. Manager/ Manger (Administrative),0.65,0.7147432592700677
"System Administrator (Operation & Maintenance of Server, Storage & Service Desk System)",0.716666667,0.7146857725159507
Sr.Officer / Executive - Internal Audit,0.716666667,0.7146599518370444
"System Administrator (Operation & Maintenance of Server, Storage & Service Desk System)",0.726666667,0.7146488128548173
"System Administrator (Operation & Maintenance of Server, Storage & Service Desk System)",0.65,0.7146067163011615
Data Engineer,0.75,0.7145845049821027
AI Engineer,0.75,0.7144658987969172
Data Science Engineer,0.716666667,0.7144484623436232
"System Administrator (Operation & Maintenance of Server, Storage & Service Desk System)",0.736666667,0.7144352687295452
Data Science Engineer,0.716666667,0.7144085444597472
Asst. Manager/ Manger (Administrative),0.716666667,0.7143928402075264
Senior Software Engineer,0.783333333,0.7143606950215955
AI Engineer,0.783333333,0.7143549124149086
Project Coordinator (Civil),0.716666,0.7143411356310037
Senior iOS Engineer,0.85,0.7143291790348442
Sr.Officer / Executive - Internal Audit,0.85,0.7143066536781935
Project Coordinator (Civil),0.65,0.7143001487004927
Data Science Engineer,0.706666,0.7142551201055388
Executive - VAT,0.62,0.7142351842668753
Network Support Engineer,0.76,0.7142199363521498
HR Officer,0.75,0.7142076530349969
"Manager- Human Resource Management (HRM)
",0.783333333,0.7141994750894572
Machine Learning (ML) Engineer,0.683333333,0.7141242156578269
"Manager- Human Resource Management (HRM)
",0.85,0.7140866696100138
Senior iOS Engineer,0.783333333,0.7140717127606224
Asst. Manager/ Manger (Administrative),0.643333333,0.7140484441016892
"Full Stack Developer (Python,React js)",0.65,0.7140420182288997
"Manager- Human Resource Management (HRM)
",0.55,0.713940591921072
Network Support Engineer,0.76,0.7139342547210791
Intern (Generative AI Engineering - 2D/3D Image Generation),0.75,0.7139166406667607
"Executive/ Senior Executive- Trade Marketing, Hygiene Products",0.65,0.7138459368236386
Data Science Engineer,0.826666667,0.7138377159458167
Sr.Officer / Executive - Internal Audit,0.85,0.7137905444351391
Database Administrator (DBA),0.716666667,0.7136485825954123
Executive/ Sr. Executive -IT,0.716666667,0.7136473319848173
Network Support Engineer,0.683333333,0.7136320973635428
Senior iOS Engineer,0.816666667,0.713559553050575
"Full Stack Developer (Python,React js)",0.65,0.7134266027732253
"System Administrator (Operation & Maintenance of Server, Storage & Service Desk System)",0.906666667,0.7134006529027208
Management Trainee - Mechanical,0.583333333,0.7133768648881585
DevOps Engineer,0.783333333,0.7133086714745448
DevOps Engineer,0.716666667,0.7132966459466149
Senior iOS Engineer,0.683333333,0.713260229291137
Civil Engineer,0.65,0.7132428350683223
Senior iOS Engineer,0.783333333,0.7132205438129897
Asst. Manager/ Manger (Administrative),0.716666667,0.7132001702937744
DevOps Engineer,0.576666667,0.7131694724121875
"Executive/ Senior Executive- Trade Marketing, Hygiene Products",0.716666667,0.713145274166715
Executive/ Sr. Executive -IT,0.76,0.713128365437248
Data Engineer,0.726666667,0.7130993413176353
Senior Software Engineer,0.783333333,0.7130944291395316
"System Administrator (Operation & Maintenance of Server, Storage & Service Desk System)",0.683333333,0.7130915253152807
AI Engineer,0.683333333,0.7130871473290405
Network Support Engineer,0.586666,0.7130830989853122
DevOps Engineer,0.75,0.7130686642224471
Executive/ Sr. Executive -IT,0.716666667,0.7130543267729446
Intern (Generative AI Engineering - 2D/3D Image Generation),0.783333333,0.7130533201240298
"Full Stack Developer (Python,React js)",0.783333333,0.7130291073160088
"System Administrator (Operation & Maintenance of Server, Storage & Service Desk System)",0.676666667,0.7130257886905793
Sr.Officer / Executive - Internal Audit,0.75,0.7130159116194937
"Full Stack Developer (Python,React js)",0.65,0.7130094394663851
"Executive/ Senior Executive- Trade Marketing, Hygiene Products",0.683333333,0.7129906281516477
AI Engineer,0.683333333,0.7129877143655646
"System Administrator (Operation & Maintenance of Server, Storage & Service Desk System)",0.716666667,0.7129769358962742
AI Engineer,0.716666667,0.7129505732689858
Executive/ Sr. Executive -IT,0.783333333,0.7129444488414501
"Full Stack Developer (Python,React js)",0.85,0.712938328993182
Senior iOS Engineer,0.771666667,0.7129367270626725
"Full Stack Developer (Python,React js)",0.85,0.7129304731888692
Head of Internal Control & Compliance (ICC) - SEVP/DMD,0.65,0.7129180445722044
Machine Learning (ML) Engineer,0.716666667,0.7129034965559966
Executive/ Sr. Executive -IT,0.76,0.7128624193519495
"Manager- Human Resource Management (HRM)
",0.75,0.7128553908556244
Senior iOS Engineer,0.65,0.7128478596848217
DevOps Engineer,0.653333333,0.712846834504365
Executive/ Sr. Executive -IT,0.783333333,0.7128466494995085
Database Administrator (DBA),0.65,0.7128406874044996
"System Administrator (Operation & Maintenance of Server, Storage & Service Desk System)",0.683333333,0.7127763392584662
Executive/ Sr. Executive -IT,0.816666667,0.712769617907452
Machine Learning (ML) Engineer,0.65,0.7127402971682567
"Manager- Human Resource Management (HRM)
",0.76,0.7126469532667298
Data Science Engineer,0.65,0.7124702118292258
DevOps Engineer,0.816666667,0.7124408088543408
Senior iOS Engineer,0.75,0.7124397114243739
Executive/ Sr. Executive -IT,0.65,0.7124379867807495
Head of Internal Control & Compliance (ICC) - SEVP/DMD,0.65,0.7124239798284545
Sr.Officer / Executive - Internal Audit,0.783333333,0.7123494370117378
"Executive/ Senior Executive- Trade Marketing, Hygiene Products",0.613333333,0.7123347638712463
Executive/ Sr. Executive -IT,0.693333333,0.7122225437073937
Intern (Generative AI Engineering - 2D/3D Image Generation),0.65,0.7121863215147175
"System Administrator (Operation & Maintenance of Server, Storage & Service Desk System)",0.65,0.71216294421825
"Manager- Human Resource Management (HRM)
",0.77,0.7121487518675834
Network Support Engineer,0.76,0.7121286774997198
Senior Software Engineer,0.75,0.7121131790141766
Executive - VAT,0.85,0.7120406915159208
Executive/ Sr. Executive -IT,0.65,0.7120280045405974
Executive/ Sr. Executive -IT,0.683333333,0.7119896910036143
Mechanical Designer,0.726666667,0.7119717349232808
Senior iOS Engineer,0.75,0.711941077675609
Senior Software Engineer,0.65,0.7119241064497485
"System Administrator (Operation & Maintenance of Server, Storage & Service Desk System)",0.65,0.7119183974562412
Mechanical Designer,0.683333333,0.7118185257280034
Asst. Manager/ Manger (Administrative),0.65,0.7118110030244699
Sr.Officer / Executive - Internal Audit,0.683333,0.7117934236120512
"Executive/ Senior Executive- Trade Marketing, Hygiene Products",0.55,0.711792966642748
"Executive/ Senior Executive- Trade Marketing, Hygiene Products",0.683333333,0.711634934249903
Machine Learning (ML) Engineer,0.6,0.7116206402174118
Site Engineer,0.75,0.7116094567126221
Asst. Manager/ Manger (Administrative),0.583333333,0.7115214394778252
Data Engineer,0.716666667,0.7114877062863432
Asst. Manager/ Manger (Administrative),0.693333333,0.7114493910451587
Asst. Manager/ Manger (Administrative),0.683333333,0.7114034038363214
Site Engineer,0.716666667,0.7114013866918106
"System Administrator (Operation & Maintenance of Server, Storage & Service Desk System)",0.783333333,0.7114012159320574
Machine Learning (ML) Engineer,0.6,0.7113361030048916
Senior iOS Engineer,0.65,0.7113260942754862
"Full Stack Developer (Python,React js)",0.65,0.7112709917888934
Head of Internal Control & Compliance (ICC) - SEVP/DMD,0.85,0.7111339184320881
"Full Stack Developer (Python,React js)",0.85,0.7110935095994626
Asst. Manager/ Manger (Administrative),0.75,0.7110841721060513
Civil Engineer,0.816666667,0.7110756198537477
Senior Software Engineer,0.75,0.7110436937687897
AI Engineer,0.826666667,0.7110328426858963
Network Support Engineer,0.726666667,0.7109669466952355
Data Science Engineer,0.65,0.7109573872089701
DevOps Engineer,0.85,0.7108977088842731
Executive/ Sr. Executive -IT,0.683333333,0.7108952179748477
Sr.Officer / Executive - Internal Audit,0.65,0.7107868413971802
Sr.Officer / Executive - Internal Audit,0.783333333,0.7107392063532962
Asst. Manager/ Manger (Administrative),0.716666667,0.710729937294715
"Executive/ Senior Executive- Trade Marketing, Hygiene Products",0.716666667,0.7107275335841637
Senior iOS Engineer,0.683333333,0.71067324019403
Senior iOS Engineer,0.716666667,0.7106454094857234
Data Engineer,0.783333333,0.7106433626037014
Network Support Engineer,0.703333333,0.7106058726920604
Senior iOS Engineer,0.783333333,0.7105474923756596
Business Development Executive,0.816666667,0.7105357569313585
Data Engineer,0.55,0.7105232847310385
Executive/ Sr. Executive -IT,0.716666667,0.7105175653513456
Senior iOS Engineer,0.65,0.7104964835797741
Project Coordinator (Civil),0.683333333,0.7104729409977023
Network Support Engineer,0.716666667,0.7104325719348937
Senior iOS Engineer,0.716666667,0.7103957758055542
Civil Engineer,0.85,0.7102919017438417
"Full Stack Developer (Python,React js)",0.716666667,0.710290828061434
Executive - VAT,0.75,0.7102611379622635
Database Administrator (DBA),0.683333333,0.7102233196963271
Intern (Generative AI Engineering - 2D/3D Image Generation),0.626666667,0.7102163738575826
"Full Stack Developer (Python,React js)",0.816666667,0.7101027965786977
"Executive/ Senior Executive- Trade Marketing, Hygiene Products",0.716666667,0.7101027319565788
Management Trainee - Mechanical,0.783333333,0.710095923543177
HR Officer,0.716666667,0.7100885637156037
Site Engineer,0.75,0.7100425177430607
Intern (Generative AI Engineering - 2D/3D Image Generation),0.716666667,0.7099805927485606
Sr.Officer / Executive - Internal Audit,0.75,0.7099736573121229
Network Support Engineer,0.65,0.7099529086238878
Civil Engineer,0.783333333,0.7098722880343268
Machine Learning (ML) Engineer,0.75,0.7098231372967395
Civil Engineer,0.583333333,0.7098108975763912
Data Science Engineer,0.736666667,0.7097814140315112
Executive - VAT,0.85,0.709748742903459
Project Coordinator (Civil),0.683333333,0.7096472685997546
Senior iOS Engineer,0.683333333,0.709631289661153
DevOps Engineer,0.783333333,0.7095692435037608
Intern (Generative AI Engineering - 2D/3D Image Generation),0.76,0.7095632347992699
Asst. Manager/ Manger (Administrative),0.683333333,0.7095466241207301
Management Trainee - Mechanical,0.803333333,0.709542386983808
"Executive/ Senior Executive- Trade Marketing, Hygiene Products",0.75,0.7095403885512056
Senior Software Engineer,0.726666667,0.7095372698649531
"Executive/ Senior Executive- Trade Marketing, Hygiene Products",0.816666667,0.7095174670564226
Executive/ Sr. Executive -IT,0.85,0.7095020371500548
"Full Stack Developer (Python,React js)",0.65,0.7094922561572249
"System Administrator (Operation & Maintenance of Server, Storage & Service Desk System)",0.716666667,0.7094886482004555
Data Science Engineer,0.783333333,0.7094798428379908
Asst. Manager/ Manger (Administrative),0.716666667,0.7094667981253333
Data Science Engineer,0.76,0.7094228336642088
Network Support Engineer,0.683333333,0.7094078926503372
Sr.Officer / Executive - Internal Audit,0.793333333,0.7093421068344287
Senior Software Engineer,0.716666667,0.7092754932955995
DevOps Engineer,0.783333333,0.7092294077391956
DevOps Engineer,0.716666667,0.7092111935198067
Executive/ Sr. Executive -IT,0.716666667,0.7091891031094955
Senior Software Engineer,0.623333333,0.7091515310265023
Data Engineer,0.69,0.7091368633975829
Executive/ Sr. Executive -IT,0.726666667,0.7090694960690558
Head of Internal Control & Compliance (ICC) - SEVP/DMD,0.78,0.7090576331243901
Executive/ Sr. Executive -IT,0.67,0.7090291936373803
"Full Stack Developer (Python,React js)",0.85,0.7090085837573509
Asst. Manager/ Manger (Administrative),0.65,0.7089325789535873
Mechanical Engineer,0.65,0.7089291295642687
DevOps Engineer,0.816666667,0.7088893893369491
"Executive/ Senior Executive- Trade Marketing, Hygiene Products",0.62,0.7088711379468648
AI Engineer,0.683333333,0.7088527949956197
Intern (Generative AI Engineering - 2D/3D Image Generation),0.683333333,0.7088443610347573
Intern (Generative AI Engineering - 2D/3D Image Generation),0.85,0.7088273347170787
Project Coordinator (Civil),0.6,0.7087491559573469
"System Administrator (Operation & Maintenance of Server, Storage & Service Desk System)",0.633333333,0.7087418369467812
DevOps Engineer,0.75,0.7087363601405398
DevOps Engineer,0.783333333,0.7087109150678508
DevOps Engineer,0.783333333,0.7087060013249384
Senior Software Engineer,0.716666667,0.708682013999269
AI Engineer,0.75,0.7086781114677857
Data Engineer,0.75,0.7085541688586597
Project Coordinator (Civil),0.616666667,0.7085209479217155
Sr.Officer / Executive - Internal Audit,0.66,0.7084535401770887
Executive/ Sr. Executive -IT,0.75,0.70838800839452
AI Engineer,0.716666667,0.70831281071022
Management Trainee - Mechanical,0.793333333,0.7082665605484081
Executive/ Sr. Executive -IT,0.716666667,0.7082055643515688
Network Support Engineer,0.85,0.7081838224024011
Site Engineer,0.826666667,0.7081280274274249
Data Science Engineer,0.716666667,0.7081162915248128
Data Science Engineer,0.61,0.7080866055252584
"System Administrator (Operation & Maintenance of Server, Storage & Service Desk System)",0.616666667,0.7080777160002569
"Full Stack Developer (Python,React js)",0.65,0.7080403503736986
Sr.Officer / Executive - Internal Audit,0.75,0.7080351981248243
HR Officer,0.75,0.7080170724208197
Executive - VAT,0.85,0.7080155743086943
Business Development Executive,0.716666667,0.7079924862554137
Executive/ Sr. Executive -IT,0.783333333,0.7079527484733302
Civil Engineer,0.573333333,0.7078895361622431
Head of Internal Control & Compliance (ICC) - SEVP/DMD,0.783333333,0.7078777037219528
Senior Software Engineer,0.456666667,0.7078560520482398
Asst. Manager/ Manger (Administrative),0.716666667,0.7078417469522362
Data Science Engineer,0.683333333,0.7078254975829291
DevOps Engineer,0.783333333,0.7077915924076857
Project Coordinator (Civil),0.783333333,0.7077847856300307
Network Support Engineer,0.85,0.7077734146218543
Data Science Engineer,0.85,0.7077708193259754
Data Engineer,0.783333333,0.7077516489478863
Management Trainee - Mechanical,0.85,0.7077376832587415
"System Administrator (Operation & Maintenance of Server, Storage & Service Desk System)",0.716666667,0.7077162047428893
Senior Software Engineer,0.683333333,0.7077110134502604
"System Administrator (Operation & Maintenance of Server, Storage & Service Desk System)",0.65,0.7076937178243763
Asst. Manager/ Manger (Administrative),0.686666667,0.7076862127281264
Executive/ Sr. Executive -IT,0.683333333,0.707653250893928
Data Engineer,0.65,0.7076450610762919
Asst. Manager/ Manger (Administrative),0.65,0.7076426817521403
Business Development Executive,0.783333333,0.7076262292345179
Senior iOS Engineer,0.783333333,0.7075720046503486
AI Engineer,0.65,0.707536322028293
Data Science Engineer,0.716666667,0.707531393207667
"Full Stack Developer (Python,React js)",0.6,0.7074606674106237
Senior iOS Engineer,0.716666667,0.7073963422600206
Senior iOS Engineer,0.75,0.7073865613198105
"Full Stack Developer (Python,React js)",0.65,0.7073785722997372
AI Engineer,0.65,0.7073474550245094
Asst. Manager/ Manger (Administrative),0.683333333,0.7073398877493153
Network Support Engineer,0.75,0.707301581250504
Senior iOS Engineer,0.683333333,0.7072815144880508
Data Science Engineer,0.683333333,0.707275669331505
Network Support Engineer,0.65,0.7072505316455024
"Full Stack Developer (Python,React js)",0.75,0.7072108793390414
HR Officer,0.76,0.7071704204899812
Project Coordinator (Civil),0.64,0.7071252709209859
DevOps Engineer,0.75,0.7070822094583987
Mechanical Engineer,0.623333333,0.707046605595151
"Executive/ Senior Executive- Trade Marketing, Hygiene Products",0.626666667,0.7070323671132397
Senior iOS Engineer,0.883333333,0.7070098251259297
Senior Software Engineer,0.783333333,0.7069491778960528
Asst. Manager/ Manger (Administrative),0.75,0.7068975703691672
Executive/ Sr. Executive -IT,0.78,0.7068817868568477
Data Science Engineer,0.683333333,0.706833374644961
Data Engineer,0.716666667,0.7068014494456614
"System Administrator (Operation & Maintenance of Server, Storage & Service Desk System)",0.683333333,0.706796209675527
"System Administrator (Operation & Maintenance of Server, Storage & Service Desk System)",0.76,0.7067677723389062
AI Engineer,0.783333333,0.706764165425296
Machine Learning (ML) Engineer,0.76,0.7067625726226601
Civil Engineer,0.826666667,0.7067602578189219
Machine Learning (ML) Engineer,0.716666667,0.706740051670242
Mechanical Engineer,0.85,0.7066550646407449
Senior Software Engineer,0.783333333,0.7066048886346888
Senior iOS Engineer,0.683333333,0.7066032555017415
"Executive/ Senior Executive- Trade Marketing, Hygiene Products",0.683333333,0.7065756509972494
Executive - VAT,0.65,0.7065735340403686
Mechanical Engineer,0.65,0.706557985459604
Senior iOS Engineer,0.6,0.7065438988705074
Senior Software Engineer,0.65,0.7065374952319972
"Full Stack Developer (Python,React js)",0.85,0.7065314079524538
Management Trainee - Mechanical,0.716666667,0.7065285481385574
Senior Software Engineer,0.716666667,0.7065257846371027
Asst. Manager/ Manger (Administrative),0.683333333,0.706453504107557
Network Support Engineer,0.683333333,0.7064268017447601
Management Trainee - Mechanical,0.51,0.7064030451485157
Asst. Manager/ Manger (Administrative),0.683333333,0.7063640850273915
Data Engineer,0.716666667,0.7063623493071768
Sr.Officer / Executive - Internal Audit,0.65,0.7063417587414238
"Manager- Human Resource Management (HRM)
",0.716666667,0.7063133252776573
Data Science Engineer,0.693333333,0.7063122525540784
HR Officer,0.716666667,0.7063068011694045
AI Engineer,0.716666667,0.7063055020300272
DevOps Engineer,0.736666667,0.7062727953467812
"Executive/ Senior Executive- Trade Marketing, Hygiene Products",0.683333333,0.7062220832269432
Senior Software Engineer,0.85,0.7062037060614693
Asst. Manager/ Manger (Administrative),0.716666667,0.7061949873864386
Executive/ Sr. Executive -IT,0.683333333,0.706157520663722
Asst. Manager/ Manger (Administrative),0.683333333,0.7061393550030289
Network Support Engineer,0.65,0.7061364814701272
Data Science Engineer,0.793333333,0.7061060429645932
"Manager- Human Resource Management (HRM)
",0.85,0.7060521059393312
Executive - VAT,0.683333333,0.7060431211582954
Data Science Engineer,0.85,0.7060107608714377
DevOps Engineer,0.716666667,0.7059871985513305
Project Coordinator (Civil),0.683333333,0.7059487348362299
Data Engineer,0.683333333,0.7059438839603132
Data Science Engineer,0.726666667,0.7059240474437803
Business Development Executive,0.6,0.705881454698579
Head of Internal Control & Compliance (ICC) - SEVP/DMD,0.716666667,0.7058280172467305
Civil Engineer,0.85,0.7057787609089033
Site Engineer,0.683333333,0.705770234609559
DevOps Engineer,0.816666667,0.7057634143781313
Senior Software Engineer,0.75,0.705704600530252
Project Coordinator (Civil),0.783333333,0.7056913672404727
Management Trainee - Mechanical,0.716666667,0.7056823106062098
Network Support Engineer,0.683333333,0.7056149051671281
"System Administrator (Operation & Maintenance of Server, Storage & Service Desk System)",0.683333333,0.7055787644046319
Data Science Engineer,0.683333333,0.7055563462947194
Sr.Officer / Executive - Internal Audit,0.783333333,0.7055053592175632
Business Development Executive,0.803333333,0.7054725136888326
Business Development Executive,0.75,0.7054644453505163
Project Coordinator (Civil),0.716666667,0.7053654531760665
Senior iOS Engineer,0.716666667,0.7053436978315469
AI Engineer,0.75,0.705343408385987
Asst. Manager/ Manger (Administrative),0.716666667,0.7053306756070993
"Full Stack Developer (Python,React js)",0.65,0.7053221090135667
"System Administrator (Operation & Maintenance of Server, Storage & Service Desk System)",0.75,0.7053205682254056
Senior iOS Engineer,0.366666667,0.7052955929264808
Senior Software Engineer,0.583333333,0.7052858368843435
"Full Stack Developer (Python,React js)",0.6,0.7051853721349016
Senior Software Engineer,0.75,0.7051752200609187
AI Engineer,0.716666667,0.7050801264902699
Asst. Manager/ Manger (Administrative),0.693333333,0.7049668211332263
Senior iOS Engineer,0.816666667,0.7049591205971252
Data Science Engineer,0.716666667,0.7049532517290524
Executive/ Sr. Executive -IT,0.693333333,0.7049446900399935
"System Administrator (Operation & Maintenance of Server, Storage & Service Desk System)",0.683333333,0.704924320001252
AI Engineer,0.75,0.7049122059226061
Project Coordinator (Civil),0.716666667,0.7049062689059962
"System Administrator (Operation & Maintenance of Server, Storage & Service Desk System)",0.716666667,0.7048880836513934
Sr.Officer / Executive - Internal Audit,0.716666667,0.7048228116972373
Senior iOS Engineer,0.65,0.704822545313555
Senior Software Engineer,0.66,0.704709461366516
DevOps Engineer,0.716666667,0.7046549033115639
DevOps Engineer,0.683333333,0.7046490038586579
Senior iOS Engineer,0.75,0.7045929718685334
Network Support Engineer,0.75,0.7045696724554389
DevOps Engineer,0.85,0.7044675053005899
Business Development Executive,0.716666667,0.7044614990031529
Executive/ Sr. Executive -IT,0.683333333,0.7044574910746383
DevOps Engineer,0.783333333,0.7044510808705486
"System Administrator (Operation & Maintenance of Server, Storage & Service Desk System)",0.783333333,0.7044102314972495
Management Trainee - Mechanical,0.75,0.7043944477246161
Data Engineer,0.85,0.704343612813834
Executive/ Sr. Executive -IT,0.716666667,0.7042898252819604
Asst. Manager/ Manger (Administrative),0.65,0.7042861514532174
HR Officer,0.816666667,0.7042545910505299
Mechanical Designer,0.783333333,0.7042510022000108
Senior iOS Engineer,0.683333333,0.7041925671470531
Asst. Manager/ Manger (Administrative),0.65,0.704190754842949
"System Administrator (Operation & Maintenance of Server, Storage & Service Desk System)",0.85,0.7041535436836255
Data Science Engineer,0.683333333,0.7041351311011453
Executive/ Sr. Executive -IT,0.75,0.7041314098137662
"Full Stack Developer (Python,React js)",0.65,0.704119718543255
HR Officer,0.75,0.7040415428088168
Data Engineer,0.826666667,0.7039911330030162
Site Engineer,0.75,0.7039663715378421
AI Engineer,0.65,0.7039405983771481
Network Support Engineer,0.65,0.7038515282027582
Senior Software Engineer,0.65,0.7038159664812105
Data Science Engineer,0.693333333,0.7038156340801673
"System Administrator (Operation & Maintenance of Server, Storage & Service Desk System)",0.65,0.703788348303383
Asst. Manager/ Manger (Administrative),0.716666667,0.7037762224604804
"Manager- Human Resource Management (HRM)
",0.76,0.7036575049218481
"System Administrator (Operation & Maintenance of Server, Storage & Service Desk System)",0.65,0.7036216056962239
Mechanical Designer,0.816666667,0.7036162022151095
Site Engineer,0.793333333,0.7036141775120193
Network Support Engineer,0.75,0.7035678492248688
DevOps Engineer,0.783333333,0.7035107538961108
"System Administrator (Operation & Maintenance of Server, Storage & Service Desk System)",0.65,0.7034936912184715
Data Science Engineer,0.693333333,0.7034912079637743
"Manager- Human Resource Management (HRM)
",0.826666667,0.7034293498410787
Data Engineer,0.873333333,0.7034202686031686
Data Engineer,0.75,0.7033923459531388
Data Science Engineer,0.65,0.7033770543479969
"System Administrator (Operation & Maintenance of Server, Storage & Service Desk System)",0.826666667,0.7033302871006222
Senior Software Engineer,0.716666667,0.7033260320462893
Executive/ Sr. Executive -IT,0.65,0.703302275929374
Asst. Manager/ Manger (Administrative),0.75,0.7032637873468435
Head of Internal Control & Compliance (ICC) - SEVP/DMD,0.793333333,0.7032525081976582
Senior iOS Engineer,0.716666667,0.7032324683725032
Executive/ Sr. Executive -IT,0.85,0.703205615975902
"Executive/ Senior Executive- Trade Marketing, Hygiene Products",0.693333333,0.7031824599222155
Asst. Manager/ Manger (Administrative),0.716666667,0.7031634895675328
Executive/ Sr. Executive -IT,0.75,0.7031130884678013
Senior Software Engineer,0.716666667,0.7031011758904518
"System Administrator (Operation & Maintenance of Server, Storage & Service Desk System)",0.72,0.7030612466519043
"System Administrator (Operation & Maintenance of Server, Storage & Service Desk System)",0.636666667,0.7030580672454496
"Executive/ Senior Executive- Trade Marketing, Hygiene Products",0.76,0.7030533282241449
Network Support Engineer,0.703333333,0.7030233386628576
Management Trainee - Mechanical,0.85,0.7030218359475429
Sr.Officer / Executive - Internal Audit,0.65,0.7030162118042619
Senior Software Engineer,0.683333333,0.7029978403444564
Database Administrator (DBA),0.643333333,0.7029899326383827
Asst. Manager/ Manger (Administrative),0.716666667,0.7029655422775086
Intern (Generative AI Engineering - 2D/3D Image Generation),0.85,0.7029633918080046
Intern (Generative AI Engineering - 2D/3D Image Generation),0.683333333,0.7029588929589132
Intern (Generative AI Engineering - 2D/3D Image Generation),0.85,0.7029551986994786
Data Science Engineer,0.85,0.7029505717156973
Data Engineer,0.85,0.7028376888345549
Executive - VAT,0.716666667,0.7027914143848403
Mechanical Engineer,0.716666667,0.7027532059268352
Data Science Engineer,0.726666667,0.70272103865991
DevOps Engineer,0.75,0.7026988449765214
Senior iOS Engineer,0.75,0.7026936873488049
"Executive/ Senior Executive- Trade Marketing, Hygiene Products",0.65,0.7026663097557851
Executive/ Sr. Executive -IT,0.726666667,0.7026406067039818
Asst. Manager/ Manger (Administrative),0.716666667,0.7026381481271335
Data Engineer,0.783333333,0.7026348448228916
Executive/ Sr. Executive -IT,0.783333333,0.702630417422764
Network Support Engineer,0.65,0.7026163035164879
Project Coordinator (Civil),0.716666667,0.7025951403820899
Senior Software Engineer,0.683333333,0.7025881875046307
"Manager- Human Resource Management (HRM)
",0.75,0.70258812808996
"Full Stack Developer (Python,React js)",0.783333333,0.7025271376508894
DevOps Engineer,0.533333333,0.7024842641128785
Executive/ Sr. Executive -IT,0.75,0.7024165883994201
Project Coordinator (Civil),0.573333333,0.7023981817659932
HR Officer,0.716666667,0.7023526644043347
Intern (Generative AI Engineering - 2D/3D Image Generation),0.66,0.7022620723605524
"System Administrator (Operation & Maintenance of Server, Storage & Service Desk System)",0.65,0.7022355438253611
Marketing Officer,0.85,0.7021984758246336
Senior Software Engineer,0.75,0.7021747427969639
Senior Software Engineer,0.683333333,0.7021663544170648
Data Science Engineer,0.76,0.7021381755117609
Executive/ Sr. Executive -IT,0.65,0.70211417309931
Senior Software Engineer,0.65,0.7020950805424763
Asst. Manager/ Manger (Administrative),0.683333333,0.7020827918868326
Data Engineer,0.716666667,0.7020622130979327
"Executive/ Senior Executive- Trade Marketing, Hygiene Products",0.65,0.7020224023088805
Senior iOS Engineer,0.583333333,0.7020193882610897
Network Support Engineer,0.683333333,0.7020190641109078
HR Officer,0.616666667,0.7020146123125837
Head of Internal Control & Compliance (ICC) - SEVP/DMD,0.783333333,0.7020035217500148
Senior iOS Engineer,0.683333333,0.7019788839535664
Data Engineer,0.45,0.7019723072093188
"Full Stack Developer (Python,React js)",0.783333333,0.7019565953083522
"System Administrator (Operation & Maintenance of Server, Storage & Service Desk System)",0.71,0.7019486024136747
Sr.Officer / Executive - Internal Audit,0.783333333,0.7019443897185053
Executive/ Sr. Executive -IT,0.726666667,0.7019168542423536
"System Administrator (Operation & Maintenance of Server, Storage & Service Desk System)",0.716666667,0.7018294137956848
Executive/ Sr. Executive -IT,0.783333333,0.7018002362803051
Data Science Engineer,0.793333333,0.7017782095112491
Business Development Executive,0.783333333,0.701729197036169
"Manager- Human Resource Management (HRM)
",0.85,0.7017252732285655
Marketing Officer,0.646666667,0.7017168309450789
"System Administrator (Operation & Maintenance of Server, Storage & Service Desk System)",0.676666667,0.7017119905572552
Executive/ Sr. Executive -IT,0.683333,0.7016904237860613
Project Coordinator (Civil),0.77,0.7016660086786567
Network Support Engineer,0.65,0.7016331021759163
"Manager- Human Resource Management (HRM)
",0.783333333,0.7015842753347582
Asst. Manager/ Manger (Administrative),0.65,0.70155147761251
Executive/ Sr. Executive -IT,0.783333333,0.7015376165130515
Business Development Executive,0.716666667,0.7015169376213454
HR Officer,0.65,0.7014568032627551
Project Coordinator (Civil),0.783333333,0.7014405119544681
Marketing Officer,0.85,0.7014081187601501
Senior Software Engineer,0.65,0.701317460413496
"Full Stack Developer (Python,React js)",0.793333333,0.7013018648526042
"System Administrator (Operation & Maintenance of Server, Storage & Service Desk System)",0.65,0.701252603000404
Sr.Officer / Executive - Internal Audit,0.65,0.7012354201170001
DevOps Engineer,0.783333333,0.70123227620136
Asst. Manager/ Manger (Administrative),0.716666667,0.7012321765999574
Mechanical Engineer,0.76,0.7011012336150955
Management Trainee - Mechanical,0.75,0.7010948550347512
Senior iOS Engineer,0.65,0.7010907821935601
HR Officer,0.65,0.7009659415053094
Project Coordinator (Civil),0.783333333,0.7009512409933728
"System Administrator (Operation & Maintenance of Server, Storage & Service Desk System)",0.65,0.7009363149300768
Data Science Engineer,0.65,0.7008921445822509
Data Engineer,0.783333333,0.7008699386667774
HR Officer,0.716666667,0.7008468235760562
Intern (Generative AI Engineering - 2D/3D Image Generation),0.683333333,0.7008242864544304
Mechanical Designer,0.75,0.7008104646981362
Asst. Manager/ Manger (Administrative),0.65,0.700800250605418
Sr.Officer / Executive - Internal Audit,0.85,0.7007500151406861
Intern (Generative AI Engineering - 2D/3D Image Generation),0.683333333,0.7007495885058099
"System Administrator (Operation & Maintenance of Server, Storage & Service Desk System)",0.65,0.700642705601036
Network Support Engineer,0.85,0.7006293326474576
Project Coordinator (Civil),0.716666667,0.7006262174874699
Executive/ Sr. Executive -IT,0.726666667,0.7005397308392771
Asst. Manager/ Manger (Administrative),0.716666667,0.7004700253183569
Business Development Executive,0.683333333,0.7004571482213118
"System Administrator (Operation & Maintenance of Server, Storage & Service Desk System)",0.65,0.7004509529269155
Head of Internal Control & Compliance (ICC) - SEVP/DMD,0.583333333,0.7003852115209874
Marketing Officer,0.783333333,0.7003517452744411
Mechanical Engineer,0.65,0.7003203900911189
Intern (Generative AI Engineering - 2D/3D Image Generation),0.716666667,0.7002737706281433
Management Trainee - Mechanical,0.85,0.7002068707073881
Sr.Officer / Executive - Internal Audit,0.65,0.7001864003344196
Asst. Manager/ Manger (Administrative),0.683333333,0.7001289947400321
"System Administrator (Operation & Maintenance of Server, Storage & Service Desk System)",0.65,0.7000870585594664
Executive/ Sr. Executive -IT,0.726666667,0.7000835647489843
Asst. Manager/ Manger (Administrative),0.683333333,0.7000790755838663
Asst. Manager/ Manger (Administrative),0.683333333,0.7000357466568388
Management Trainee - Mechanical,0.783333333,0.7000307335004456
"System Administrator (Operation & Maintenance of Server, Storage & Service Desk System)",0.65,0.7000118692356991
Senior Software Engineer,0.65,0.6999184777095989
Executive/ Sr. Executive -IT,0.75,0.6999050996394761
Management Trainee - Mechanical,0.683333333,0.6998961948939959
Project Coordinator (Civil),0.683333333,0.6998952834974529
Civil Engineer,0.65,0.6998595816206697
Executive/ Sr. Executive -IT,0.693333333,0.6998564587053075
Asst. Manager/ Manger (Administrative),0.716666667,0.6997834138781079
Sr.Officer / Executive - Internal Audit,0.716666667,0.6997792162809139
Executive/ Sr. Executive -IT,0.65,0.6997290894081412
Intern (Generative AI Engineering - 2D/3D Image Generation),0.716666667,0.6997047683172883
Senior iOS Engineer,0.626666667,0.6997036787790414
Senior iOS Engineer,0.683333333,0.6996589550569061
Network Support Engineer,0.693333333,0.6996532886989287
"Executive/ Senior Executive- Trade Marketing, Hygiene Products",0.65,0.6996239290076467
"System Administrator (Operation & Maintenance of Server, Storage & Service Desk System)",0.55,0.6996027539969586
Data Engineer,0.75,0.6994771125639074
Machine Learning (ML) Engineer,0.75,0.6994567498571561
DevOps Engineer,0.716666667,0.6994553751659351
Executive/ Sr. Executive -IT,0.716666667,0.6994330723492752
"Full Stack Developer (Python,React js)",0.726666667,0.699405028772331
Executive/ Sr. Executive -IT,0.816666667,0.6993948284942084
Senior iOS Engineer,0.716666667,0.6993689186571497
Senior Software Engineer,0.65,0.6993497820821498
Asst. Manager/ Manger (Administrative),0.716666667,0.6993462266606619
Asst. Manager/ Manger (Administrative),0.683333333,0.6993382174239491
"Executive/ Senior Executive- Trade Marketing, Hygiene Products",0.716666667,0.6993013821709073
DevOps Engineer,0.714999333,0.6992980273573711
"Manager- Human Resource Management (HRM)
",0.783333333,0.699221895110271
"System Administrator (Operation & Maintenance of Server, Storage & Service Desk System)",0.77,0.6991854327223294
Executive/ Sr. Executive -IT,0.65,0.6991736737432873
Senior Software Engineer,0.683333333,0.6991546055635496
HR Officer,0.716666667,0.6991413175365777
Asst. Manager/ Manger (Administrative),0.716666667,0.6990837164562979
Management Trainee - Mechanical,0.726666667,0.6990809049752533
Data Engineer,0.716666667,0.6990704427406055
Asst. Manager/ Manger (Administrative),0.683333333,0.6990063330724293
"Executive/ Senior Executive- Trade Marketing, Hygiene Products",0.613333333,0.6989556156916517
Executive/ Sr. Executive -IT,0.693333333,0.6988962691907251
Senior iOS Engineer,0.716666667,0.6988912437599095
Senior Software Engineer,0.65,0.6988866974133355
"Full Stack Developer (Python,React js)",0.65,0.6988719875774572
"Manager- Human Resource Management (HRM)
",0.75,0.6988653935140581
"Manager- Human Resource Management (HRM)
",0.816666667,0.6988629349003063
Intern (Generative AI Engineering - 2D/3D Image Generation),0.316666667,0.6988438051715627
Asst. Manager/ Manger (Administrative),0.683333333,0.698776358238566
"Executive/ Senior Executive- Trade Marketing, Hygiene Products",0.75,0.6986401014271162
Head of Internal Control & Compliance (ICC) - SEVP/DMD,0.826666667,0.698618354946531
HR Officer,0.45,0.698602394697652
AI Engineer,0.85,0.6985936250303775
Management Trainee - Mechanical,0.75,0.6985823577321436
"Executive/ Senior Executive- Trade Marketing, Hygiene Products",0.65,0.6985692799535995
Asst. Manager/ Manger (Administrative),0.683333333,0.6985504268991098
"Executive/ Senior Executive- Trade Marketing, Hygiene Products",0.65,0.6984659039860462
"Full Stack Developer (Python,React js)",0.65,0.6984637029078987
Executive/ Sr. Executive -IT,0.716666667,0.6984550122748185
Management Trainee - Mechanical,0.716666667,0.6984549620912488
Senior iOS Engineer,0.85,0.6984463726009903
Project Coordinator (Civil),0.65,0.6983557710897149
Data Science Engineer,0.783333333,0.6983339392504541
Executive/ Sr. Executive -IT,0.793333333,0.6983233050192931
AI Engineer,0.783333,0.6982198720850156
Asst. Manager/ Manger (Administrative),0.683333333,0.6981760729268852
Senior iOS Engineer,0.783333333,0.6981651930669839
Data Engineer,0.716666667,0.6981221500120497
"Full Stack Developer (Python,React js)",0.59,0.6980921453901243
Executive/ Sr. Executive -IT,0.65,0.6980699950598416
Data Science Engineer,0.65,0.6980072944233616
Senior iOS Engineer,0.45,0.6979955080328042
Management Trainee - Mechanical,0.65,0.6979588917555497
HR Officer,0.65,0.6979159549441203
"System Administrator (Operation & Maintenance of Server, Storage & Service Desk System)",0.683333333,0.6978575541875895
Intern (Generative AI Engineering - 2D/3D Image Generation),0.65,0.6978234297364061
DevOps Engineer,0.65,0.6978109161720862
Senior Software Engineer,0.716666667,0.697739201471185
Management Trainee - Mechanical,0.716666667,0.6977045331063283
Civil Engineer,0.683333333,0.6976596126950967
Project Coordinator (Civil),0.716666667,0.6976408144051335
Sr.Officer / Executive - Internal Audit,0.85,0.6975990415507425
HR Officer,0.683333333,0.6974479923079249
Management Trainee - Mechanical,0.75,0.6974268494396133
Machine Learning (ML) Engineer,0.683333333,0.6973370888519136
Management Trainee - Mechanical,0.683333,0.6973155255081646
Data Science Engineer,0.65,0.6972691788121186
HR Officer,0.75,0.6972522808751664
Project Coordinator (Civil),0.616666667,0.6972495043393785
Marketing Officer,0.693333333,0.6972223709803061
Senior iOS Engineer,0.716666667,0.6972075140212346
"Full Stack Developer (Python,React js)",0.65,0.6971655321616197
Senior iOS Engineer,0.683333333,0.6971610156856625
AI Engineer,0.65,0.6971389902884908
Management Trainee - Mechanical,0.71,0.6971382748312894
Data Science Engineer,0.65,0.6971294981997577
Head of Internal Control & Compliance (ICC) - SEVP/DMD,0.65,0.6971256891702382
Project Coordinator (Civil),0.716666,0.6970192101415705
Executive/ Sr. Executive -IT,0.683333333,0.6970004296546276
Network Support Engineer,0.65,0.696906311780876
Asst. Manager/ Manger (Administrative),0.683333333,0.6968953009433498
Data Engineer,0.716666667,0.6968382099335904
Data Engineer,0.75,0.6968342871454233
DevOps Engineer,0.85,0.696787112404816
Civil Engineer,0.85,0.6967690807932388
HR Officer,0.65,0.6967088647658642
Machine Learning (ML) Engineer,0.716666667,0.6966789126176676
HR Officer,0.616666667,0.6965709432168216
Asst. Manager/ Manger (Administrative),0.65,0.6964624727978156
DevOps Engineer,0.783333333,0.6964174738285992
"Manager- Human Resource Management (HRM)
",0.6,0.6963813315796304
Executive/ Sr. Executive -IT,0.65,0.6963310521956942
"Manager- Human Resource Management (HRM)
",0.783333333,0.6962996885365369
DevOps Engineer,0.783333333,0.6962524689560916
Executive/ Sr. Executive -IT,0.6,0.6961861065473323
Management Trainee - Mechanical,0.66,0.6961219600120118
Data Science Engineer,0.646666667,0.6959833381345677
DevOps Engineer,0.716666667,0.6959157419624105
Mechanical Designer,0.65,0.6958904460025458
Senior Software Engineer,0.683333333,0.6958784867968042
HR Officer,0.716666667,0.6958329851587658
Data Science Engineer,0.683333333,0.6958148262191072
"Executive/ Senior Executive- Trade Marketing, Hygiene Products",0.75,0.6958034339015987
Sr.Officer / Executive - Internal Audit,0.716666667,0.6957824102435656
Senior iOS Engineer,0.683333333,0.6957672974921856
Senior iOS Engineer,0.75,0.6957510427281195
Head of Internal Control & Compliance (ICC) - SEVP/DMD,0.64,0.6957360784842891
Marketing Officer,0.85,0.6957201556920826
Data Engineer,0.683333333,0.6956534281466783
Asst. Manager/ Manger (Administrative),0.683333333,0.6956163838791761
Executive/ Sr. Executive -IT,0.816666667,0.6955028359699642
Executive/ Sr. Executive -IT,0.726666667,0.6954747564238107
Head of Internal Control & Compliance (ICC) - SEVP/DMD,0.816666667,0.6954632545247369
DevOps Engineer,0.75,0.6954415124494369
"Manager- Human Resource Management (HRM)
",0.35,0.6954048440959288
Data Engineer,0.716666667,0.6953457781591387
Executive/ Sr. Executive -IT,0.75,0.695280188347707
Management Trainee - Mechanical,0.75,0.695254382815189
Senior iOS Engineer,0.783333333,0.6952526235913967
Senior iOS Engineer,0.656666667,0.6952350086894089
"Manager- Human Resource Management (HRM)
",0.726666667,0.6952299160163843
Executive/ Sr. Executive -IT,0.65,0.6952205534533807
Civil Engineer,0.626666667,0.6952002064909838
Data Science Engineer,0.616666667,0.6951826647396662
Senior Software Engineer,0.55,0.6951155957934639
HR Officer,0.683333333,0.6950982309757995
Data Science Engineer,0.683333333,0.6950732756887179
Asst. Manager/ Manger (Administrative),0.65,0.6950536970869081
Asst. Manager/ Manger (Administrative),0.683333333,0.6950418000446671
Senior Software Engineer,0.75,0.6949904962999534
AI Engineer,0.65,0.6949749251439574
Executive/ Sr. Executive -IT,0.916666667,0.6949744548389677
"Manager- Human Resource Management (HRM)
",0.85,0.6949546590557241
Business Development Executive,0.283333333,0.6949493141994717
Data Science Engineer,0.65,0.6949487916484495
DevOps Engineer,0.516666667,0.6949426256635395
Senior Software Engineer,0.816666667,0.6948908734358155
Project Coordinator (Civil),0.65,0.6948503660728779
Data Engineer,0.716666667,0.6948386484442035
DevOps Engineer,0.816666667,0.6948161873367605
Sr.Officer / Executive - Internal Audit,0.683333333,0.6947678997962803
Network Support Engineer,0.683333333,0.694745080714228
Machine Learning (ML) Engineer,0.75,0.6947243102894651
"Executive/ Senior Executive- Trade Marketing, Hygiene Products",0.62,0.6946956221745763
"System Administrator (Operation & Maintenance of Server, Storage & Service Desk System)",0.683333333,0.6946902792061992
Data Engineer,0.76,0.694675961600432
"Full Stack Developer (Python,React js)",0.716666667,0.6945571994559082
DevOps Engineer,0.716666667,0.6945426157515496
AI Engineer,0.65,0.6945301267349956
Senior iOS Engineer,0.75,0.6945201227798556
Project Coordinator (Civil),0.65,0.6944999629558236
Asst. Manager/ Manger (Administrative),0.65,0.6944678851250788
Management Trainee - Mechanical,0.75,0.6944360040573475
Head of Internal Control & Compliance (ICC) - SEVP/DMD,0.783333333,0.6944181633789026
"System Administrator (Operation & Maintenance of Server, Storage & Service Desk System)",0.65,0.6943528077611519
Senior iOS Engineer,0.683333333,0.6943123933485276
Management Trainee - Mechanical,0.716666667,0.6942943140879702
Data Engineer,0.716666667,0.6942676080190737
"Full Stack Developer (Python,React js)",0.783333333,0.6942475136659015
Executive/ Sr. Executive -IT,0.726666667,0.6942421883581872
Executive/ Sr. Executive -IT,0.65,0.6942303534478057
Executive/ Sr. Executive -IT,0.693333333,0.6942189332010366
"Full Stack Developer (Python,React js)",0.716666667,0.6942000450369346
Data Science Engineer,0.35,0.6941461987673986
Data Science Engineer,0.716666667,0.6941310569404684
DevOps Engineer,0.816666667,0.6940784657222587
Data Engineer,0.716666667,0.6940663053587341
Asst. Manager/ Manger (Administrative),0.683333333,0.694031359283898
Intern (Generative AI Engineering - 2D/3D Image Generation),0.693333333,0.69396354880915
Senior Software Engineer,0.583333333,0.6939516196867148
HR Officer,0.75,0.6939495310348704
Data Science Engineer,0.77,0.6939450694283884
Management Trainee - Mechanical,0.783333333,0.6939320439643362
Marketing Officer,0.65,0.6939017407792131
"System Administrator (Operation & Maintenance of Server, Storage & Service Desk System)",0.65,0.6938734522300614
Data Engineer,0.626666667,0.6938421491185045
Senior iOS Engineer,0.75,0.6938171455575954
Senior Software Engineer,0.683333333,0.6938052300797578
Senior iOS Engineer,0.683333333,0.6937697007180513
"Manager- Human Resource Management (HRM)
",0.783333333,0.6937079120736819
Executive/ Sr. Executive -IT,0.65,0.6936694622151925
HR Officer,0.716666667,0.6936098656805998
Data Engineer,0.726666667,0.6936001599516236
Executive/ Sr. Executive -IT,0.65,0.6934278092672309
Management Trainee - Mechanical,0.716666667,0.6934119276189273
Sr.Officer / Executive - Internal Audit,0.65,0.6933956313144556
AI Engineer,0.683333333,0.693371224318119
"Full Stack Developer (Python,React js)",0.65,0.6933689319669739
Marketing Officer,0.826666667,0.6932847870658436
DevOps Engineer,0.65,0.6932115513961616
Network Support Engineer,0.716666667,0.6931328685679796
Head of Internal Control & Compliance (ICC) - SEVP/DMD,0.783333333,0.6931198403840133
"System Administrator (Operation & Maintenance of Server, Storage & Service Desk System)",0.693333333,0.69307360935373
Executive - VAT,0.613333333,0.6930468394507072
Senior iOS Engineer,0.65,0.6930442124505625
Executive/ Sr. Executive -IT,0.683333333,0.6930344567039297
"System Administrator (Operation & Maintenance of Server, Storage & Service Desk System)",0.676666667,0.6930092603087902
"System Administrator (Operation & Maintenance of Server, Storage & Service Desk System)",0.683333333,0.6930091651189194
Asst. Manager/ Manger (Administrative),0.726666667,0.6929536384273686
DevOps Engineer,0.75,0.6929521060834147
Data Engineer,0.716666667,0.6929450890181451
HR Officer,0.85,0.6929182752252402
"System Administrator (Operation & Maintenance of Server, Storage & Service Desk System)",0.71,0.6928443216081155
Executive - VAT,0.716666,0.6928169282429766
"Executive/ Senior Executive- Trade Marketing, Hygiene Products",0.65,0.6928036742281568
Project Coordinator (Civil),0.716666667,0.6928017443277671
"System Administrator (Operation & Maintenance of Server, Storage & Service Desk System)",0.64,0.6928006820509746
Senior iOS Engineer,0.583333333,0.6927970533146703
Executive/ Sr. Executive -IT,0.716666667,0.6926593851086559
Senior iOS Engineer,0.653333333,0.6926371279829755
HR Officer,0.65,0.6926126438968373
Asst. Manager/ Manger (Administrative),0.683333333,0.6926063247737183
Executive - VAT,0.683333333,0.6925819848853704
Asst. Manager/ Manger (Administrative),0.76,0.6925489400023402
HR Officer,0.62,0.6925285704247186
Executive/ Sr. Executive -IT,0.716666667,0.6925280003051981
Data Engineer,0.75,0.6925135343631869
Asst. Manager/ Manger (Administrative),0.683333333,0.6925069108872176
Executive - VAT,0.783333333,0.6924593003522299
HR Officer,0.75,0.6924576529560629
Site Engineer,0.65,0.6924251326741425
Senior iOS Engineer,0.85,0.6924172751315323
"System Administrator (Operation & Maintenance of Server, Storage & Service Desk System)",0.683333333,0.6924091216872958
Asst. Manager/ Manger (Administrative),0.716666667,0.6923236826772355
Senior iOS Engineer,0.61,0.6923127166373769
Senior Software Engineer,0.85,0.6922705120940543
"System Administrator (Operation & Maintenance of Server, Storage & Service Desk System)",0.65,0.6922564043885628
Mechanical Designer,0.75,0.6922199296502598
Asst. Manager/ Manger (Administrative),0.726666667,0.6921572930224332
Management Trainee - Mechanical,0.716666667,0.6921018868995454
Asst. Manager/ Manger (Administrative),0.65,0.692101800849054
Asst. Manager/ Manger (Administrative),0.65,0.6921013260227177
Intern (Generative AI Engineering - 2D/3D Image Generation),0.65,0.6920922727752985
Asst. Manager/ Manger (Administrative),0.683333333,0.6920825710445587
HR Officer,0.716666667,0.692043618921685
Sr.Officer / Executive - Internal Audit,0.816666667,0.6920306095023191
Asst. Manager/ Manger (Administrative),0.65,0.6920227845555016
AI Engineer,0.683333,0.6920208984372864
Project Coordinator (Civil),0.683333333,0.6920091057617941
Project Coordinator (Civil),0.783333333,0.6919508976631537
Project Coordinator (Civil),0.683333333,0.6919290769214367
Senior Software Engineer,0.683333333,0.691868615807921
Senior iOS Engineer,0.783333333,0.69185947004167
Executive/ Sr. Executive -IT,0.716666667,0.6917913382683737
Machine Learning (ML) Engineer,0.693333333,0.6916945556304218
Head of Internal Control & Compliance (ICC) - SEVP/DMD,0.716666667,0.6916689631281445
Site Engineer,0.726666667,0.6916400084669131
Intern (Generative AI Engineering - 2D/3D Image Generation),0.716666667,0.6916375118556484
DevOps Engineer,0.716666667,0.6915799918957926
Machine Learning (ML) Engineer,0.75,0.6915469017592373
Executive/ Sr. Executive -IT,0.75,0.6914864784328015
Executive - VAT,0.803333333,0.691464622035016
Mechanical Engineer,0.85,0.6913067860271729
Data Engineer,0.783333333,0.6912670312394181
Intern (Generative AI Engineering - 2D/3D Image Generation),0.716666667,0.6911886593534327
Network Support Engineer,0.65,0.6911407830821209
Project Coordinator (Civil),0.716666667,0.6911340288978878
Asst. Manager/ Manger (Administrative),0.65,0.6911090743865705
"Full Stack Developer (Python,React js)",0.55,0.6911041548643136
Data Science Engineer,0.793333333,0.6910989499529498
AI Engineer,0.716666667,0.6910583752089798
Senior Software Engineer,0.85,0.6910432552384788
Intern (Generative AI Engineering - 2D/3D Image Generation),0.516666667,0.6910373873727549
Executive - VAT,0.783333333,0.6910334902369648
DevOps Engineer,0.716666667,0.6909480278077248
Network Support Engineer,0.65,0.690939734090939
Project Coordinator (Civil),0.75,0.6908960045802711
"Full Stack Developer (Python,React js)",0.65,0.6908781346474179
Machine Learning (ML) Engineer,0.75,0.690783256087059
"Full Stack Developer (Python,React js)",0.65,0.6907633053992547
"Executive/ Senior Executive- Trade Marketing, Hygiene Products",0.65,0.6906244672332555
Machine Learning (ML) Engineer,0.726666667,0.6906060599928696
"Manager- Human Resource Management (HRM)
",0.783333333,0.6905694072150673
Senior Software Engineer,0.683333333,0.6905183962966033
"Manager- Human Resource Management (HRM)
",0.75,0.6904908844680328
Senior iOS Engineer,0.683333333,0.690488538631461
Data Science Engineer,0.65,0.6904469587863105
Asst. Manager/ Manger (Administrative),0.65,0.690444578688781
Asst. Manager/ Manger (Administrative),0.716666667,0.6904361626020493
Machine Learning (ML) Engineer,0.693333333,0.6904050160669802
Data Engineer,0.726666667,0.6904003304684023
Sr.Officer / Executive - Internal Audit,0.783333333,0.6903816072883805
"System Administrator (Operation & Maintenance of Server, Storage & Service Desk System)",0.65,0.6903268618202376
Sr.Officer / Executive - Internal Audit,0.683333333,0.6903104829550032
Asst. Manager/ Manger (Administrative),0.683333333,0.6902821325616224
Management Trainee - Mechanical,0.65,0.6902599099395476
Sr.Officer / Executive - Internal Audit,0.75,0.6902276351325644
Network Support Engineer,0.76,0.690210835545371
Data Engineer,0.716666667,0.6902029527689586
HR Officer,0.65,0.6902025450199375
Executive/ Sr. Executive -IT,0.65,0.6901675951481459
Data Engineer,0.716666667,0.6901542487424531
Management Trainee - Mechanical,0.65,0.6900695590454922
Marketing Officer,0.65,0.6900634634758565
Management Trainee - Mechanical,0.716666667,0.6900361801410982
"Manager- Human Resource Management (HRM)
",0.75,0.6900322924835554
Executive/ Sr. Executive -IT,0.816666667,0.6900259191014878
Intern (Generative AI Engineering - 2D/3D Image Generation),0.683333333,0.6899799340271096
Intern (Generative AI Engineering - 2D/3D Image Generation),0.65,0.6899689223551572
Head of Internal Control & Compliance (ICC) - SEVP/DMD,0.76,0.6899609818240273
"Executive/ Senior Executive- Trade Marketing, Hygiene Products",0.783333333,0.6899542025785487
DevOps Engineer,0.816666667,0.6899430955106841
"Manager- Human Resource Management (HRM)
",0.55,0.6898494945182833
"Full Stack Developer (Python,React js)",0.65,0.6898180788543294
AI Engineer,0.783333333,0.6897815222114543
Data Engineer,0.75,0.6897805223536381
Network Support Engineer,0.583333333,0.6897688564661284
Senior iOS Engineer,0.683333333,0.6897500728711867
AI Engineer,0.683333333,0.689721329418347
Senior Software Engineer,0.75,0.6896993706878962
Executive/ Sr. Executive -IT,0.683333333,0.689668010101146
"System Administrator (Operation & Maintenance of Server, Storage & Service Desk System)",0.65,0.6896576653785919
"Manager- Human Resource Management (HRM)
",0.826666667,0.6896485109779611
"System Administrator (Operation & Maintenance of Server, Storage & Service Desk System)",0.816666667,0.6896303573169553
DevOps Engineer,0.75,0.6895674880861627
Management Trainee - Mechanical,0.693333333,0.6895117811021746
Data Science Engineer,0.85,0.689505674542629
Data Science Engineer,0.693333333,0.6894222624983553
AI Engineer,0.676666667,0.689336296773903
Executive/ Sr. Executive -IT,0.683333333,0.6893263380084934
Project Coordinator (Civil),0.65,0.6893262770694732
Data Engineer,0.716666667,0.6893036372250945
Site Engineer,0.716666667,0.689216697261635
"Executive/ Senior Executive- Trade Marketing, Hygiene Products",0.683333333,0.6892068252060038
Asst. Manager/ Manger (Administrative),0.65,0.6891910840664484
Data Science Engineer,0.716666667,0.6891843540085776
Executive - VAT,0.716666667,0.6891348944799406
Senior Software Engineer,0.65,0.6891308565788763
Site Engineer,0.683333333,0.6890898058880762
DevOps Engineer,0.816666667,0.689054787956016
Senior Software Engineer,0.783333333,0.6890469044204963
Asst. Manager/ Manger (Administrative),0.65,0.6890033575652814
Executive - VAT,0.716666667,0.688990700255539
Asst. Manager/ Manger (Administrative),0.683333333,0.6889791117506175
"Executive/ Senior Executive- Trade Marketing, Hygiene Products",0.683333333,0.688912971108119
Data Engineer,0.716666667,0.6888979461416838
"System Administrator (Operation & Maintenance of Server, Storage & Service Desk System)",0.703333333,0.688730410500595
"Executive/ Senior Executive- Trade Marketing, Hygiene Products",0.716666667,0.6887147741333849
"System Administrator (Operation & Maintenance of Server, Storage & Service Desk System)",0.686666667,0.688662727475014
Mechanical Designer,0.716666667,0.6886492930902326
Data Engineer,0.716666667,0.6886339706424209
"Full Stack Developer (Python,React js)",0.62,0.6886334098328646
DevOps Engineer,0.75,0.6885783020486461
Management Trainee - Mechanical,0.683333333,0.6885157987281271
DevOps Engineer,0.783333333,0.6884851231306034
Asst. Manager/ Manger (Administrative),0.716666667,0.6884818530237564
Executive/ Sr. Executive -IT,0.796333333,0.6884092889450577
Management Trainee - Mechanical,0.65,0.6883800726482432
Senior iOS Engineer,0.716666667,0.6882698869500185
Senior iOS Engineer,0.55,0.6882379803330652
Machine Learning (ML) Engineer,0.716666667,0.6882228540334238
Project Coordinator (Civil),0.606666667,0.6881716649107583
HR Officer,0.65,0.6881394915362778
"System Administrator (Operation & Maintenance of Server, Storage & Service Desk System)",0.65,0.6880946284455849
"System Administrator (Operation & Maintenance of Server, Storage & Service Desk System)",0.643333333,0.6880351194382259
"Executive/ Senior Executive- Trade Marketing, Hygiene Products",0.716666667,0.68802855374475
Mechanical Designer,0.816666667,0.6880222288070295
AI Engineer,0.816666667,0.6880048532595917
Senior Software Engineer,0.683333333,0.6880030919366171
AI Engineer,0.53,0.6879079466174437
AI Engineer,0.6,0.687894594076466
Management Trainee - Mechanical,0.716666667,0.6878505256330896
"System Administrator (Operation & Maintenance of Server, Storage & Service Desk System)",0.65,0.6878420698771173
Business Development Executive,0.613333,0.6877859717470629
AI Engineer,0.533333333,0.6877284025674953
Senior iOS Engineer,0.85,0.6877278977102057
Asst. Manager/ Manger (Administrative),0.65,0.6876999054887062
Senior iOS Engineer,0.716666667,0.6876954099146737
Asst. Manager/ Manger (Administrative),0.65,0.6876632328638733
Intern (Generative AI Engineering - 2D/3D Image Generation),0.683333333,0.6876307483722868
Mechanical Designer,0.65,0.6874982081068073
Data Science Engineer,0.65,0.6873884870696542
Network Support Engineer,0.65,0.6872867548197551
Executive/ Sr. Executive -IT,0.683333333,0.6872298580505659
"Manager- Human Resource Management (HRM)
",0.603333333,0.6872230600334536
HR Officer,0.62,0.6872201428607762
Executive - VAT,0.75,0.6870903870080325
"Manager- Human Resource Management (HRM)
",0.683333333,0.6870755838058288
DevOps Engineer,0.65,0.6870715742638209
Sr.Officer / Executive - Internal Audit,0.85,0.6870203553719988
Asst. Manager/ Manger (Administrative),0.683333333,0.687015109110203
Data Engineer,0.683333333,0.6869857110725012
Management Trainee - Mechanical,0.65,0.686959748435881
Asst. Manager/ Manger (Administrative),0.676666667,0.6869524111656944
Senior Software Engineer,0.816666667,0.6869509145554611
Executive/ Sr. Executive -IT,0.65,0.6869109185232414
Senior Software Engineer,0.816666667,0.6869050244690463
Intern (Generative AI Engineering - 2D/3D Image Generation),0.85,0.6869018149132203
"Executive/ Senior Executive- Trade Marketing, Hygiene Products",0.58,0.6868878455987044
Network Support Engineer,0.65,0.6868797552578927
Senior iOS Engineer,0.726666667,0.6868753545421534
Site Engineer,0.716666667,0.6868406298858659
Project Coordinator (Civil),0.65,0.6868342478853586
Data Engineer,0.716666667,0.6868302614760313
Executive/ Sr. Executive -IT,0.683333333,0.6868239326516461
Data Engineer,0.783333333,0.6868152719998833
Network Support Engineer,0.65,0.6867427294252246
Data Engineer,0.65,0.6866938416136443
Senior Software Engineer,0.65,0.6866849497137918
DevOps Engineer,0.783333333,0.6866847266018445
Marketing Officer,0.783333333,0.6866835514985106
"System Administrator (Operation & Maintenance of Server, Storage & Service Desk System)",0.65,0.6866431801194018
"System Administrator (Operation & Maintenance of Server, Storage & Service Desk System)",0.683333333,0.6866129523453415
DevOps Engineer,0.65,0.6865731629429696
Civil Engineer,0.75,0.6865371713052117
"System Administrator (Operation & Maintenance of Server, Storage & Service Desk System)",0.683333333,0.6865179476687135
Management Trainee - Mechanical,0.683333333,0.6864891289835164
Data Science Engineer,0.65,0.6864579968722585
"Full Stack Developer (Python,React js)",0.716666667,0.6864552016857361
Executive/ Sr. Executive -IT,0.65,0.6864447578387558
Senior iOS Engineer,0.683333333,0.6864338959420855
Head of Internal Control & Compliance (ICC) - SEVP/DMD,0.86,0.686391796004123
Executive/ Sr. Executive -IT,0.55,0.6863592005289262
Machine Learning (ML) Engineer,0.45,0.6863420117926752
Data Engineer,0.726666667,0.6863088891669077
Management Trainee - Mechanical,0.683333333,0.6862843687720156
Asst. Manager/ Manger (Administrative),0.65,0.6862534828756307
Executive/ Sr. Executive -IT,0.65,0.6862174803078004
Project Coordinator (Civil),0.55,0.6862094706283283
DevOps Engineer,0.783333333,0.6861914574615467
AI Engineer,0.65,0.6861668997642993
DevOps Engineer,0.616666667,0.6861346103968067
Machine Learning (ML) Engineer,0.85,0.6861324042570475
Project Coordinator (Civil),0.65,0.6861265129966364
"Full Stack Developer (Python,React js)",0.55,0.6860726553339407
Data Science Engineer,0.75,0.6860343438735969
Data Engineer,0.75,0.6860326050839439
Management Trainee - Mechanical,0.716666667,0.6860079933744667
DevOps Engineer,0.716666667,0.6859859115199088
"Executive/ Senior Executive- Trade Marketing, Hygiene Products",0.65,0.6859492030367035
Senior iOS Engineer,0.65,0.6859124885581617
Data Science Engineer,0.683333333,0.685861004263553
Asst. Manager/ Manger (Administrative),0.75,0.6858367636190156
Data Engineer,0.716666667,0.6858288985611907
Mechanical Engineer,0.85,0.6858236893541418
"System Administrator (Operation & Maintenance of Server, Storage & Service Desk System)",0.65,0.6857897311722162
Sr.Officer / Executive - Internal Audit,0.716666667,0.6857524709979043
Asst. Manager/ Manger (Administrative),0.683333333,0.6857172551514616
Data Engineer,0.673333333,0.6856993569784667
Data Science Engineer,0.65,0.6856698213618194
AI Engineer,0.716666667,0.685596451574988
Project Coordinator (Civil),0.55,0.6855841880679786
Management Trainee - Mechanical,0.683333333,0.6855751485282784
Senior Software Engineer,0.716666667,0.6855438575801925
Project Coordinator (Civil),0.65,0.6855142935540127
Executive/ Sr. Executive -IT,0.75,0.6854911160166114
Management Trainee - Mechanical,0.62,0.6854860038542328
Data Engineer,0.65,0.6854827275161725
HR Officer,0.65,0.6854490056230605
Data Engineer,0.716666667,0.6854337005037342
"System Administrator (Operation & Maintenance of Server, Storage & Service Desk System)",0.71,0.6853923078665297
Marketing Officer,0.716666667,0.6853677481026303
Senior Software Engineer,0.716666667,0.6853520125287608
Project Coordinator (Civil),0.693333333,0.6853068229477105
Management Trainee - Mechanical,0.683333333,0.6853055286183594
Executive - VAT,0.65,0.6852412113918213
"Executive/ Senior Executive- Trade Marketing, Hygiene Products",0.55,0.6851511637897592
AI Engineer,0.65,0.6851102411444192
Management Trainee - Mechanical,0.61,0.6850859073229101
Data Science Engineer,0.683333333,0.6850375354138003
"Full Stack Developer (Python,React js)",0.65,0.6850092817086542
Network Support Engineer,0.683333,0.6850090564305973
HR Officer,0.65,0.6849184854472798
Project Coordinator (Civil),0.573333333,0.6849181621634864
Senior iOS Engineer,0.626666,0.6849035576713162
Project Coordinator (Civil),0.65,0.6848958537158867
Executive - VAT,0.75,0.6848846085238312
Executive/ Sr. Executive -IT,0.673333333,0.684875420298
Management Trainee - Mechanical,0.65,0.6848604077813586
"System Administrator (Operation & Maintenance of Server, Storage & Service Desk System)",0.716666667,0.6848230256703752
DevOps Engineer,0.65,0.6848011331465539
AI Engineer,0.683333333,0.6847916368285046
Asst. Manager/ Manger (Administrative),0.683333333,0.6847707142518448
Machine Learning (ML) Engineer,0.65,0.6847688300632022
Senior Software Engineer,0.693333333,0.684735539672638
Sr.Officer / Executive - Internal Audit,0.85,0.6847154785440491
HR Officer,0.633333,0.6847137438947063
HR Officer,0.716666667,0.6846715884578914
Site Engineer,0.716666667,0.684587701525285
Data Engineer,0.783333333,0.6845339514542986
Data Science Engineer,0.583333333,0.6845150051348252
DevOps Engineer,0.716666667,0.6844774309526646
"Executive/ Senior Executive- Trade Marketing, Hygiene Products",0.716666667,0.6844687381972759
Executive/ Sr. Executive -IT,0.716666667,0.6844270774461954
DevOps Engineer,0.716666667,0.6843959517452759
"Executive/ Senior Executive- Trade Marketing, Hygiene Products",0.716666667,0.6843225809571089
"Executive/ Senior Executive- Trade Marketing, Hygiene Products",0.683333333,0.6842431798913858
"Manager- Human Resource Management (HRM)
",0.716666667,0.6842170246912954
"System Administrator (Operation & Maintenance of Server, Storage & Service Desk System)",0.65,0.6842154686886202
"Full Stack Developer (Python,React js)",0.85,0.6841372086883343
Data Engineer,0.683333333,0.6840702544689199
Project Coordinator (Civil),0.643333333,0.6840341704602879
Executive/ Sr. Executive -IT,0.65,0.6840058475176725
Executive/ Sr. Executive -IT,0.65,0.6839479145653253
Network Support Engineer,0.65,0.6839194104875791
"Manager- Human Resource Management (HRM)
",0.75,0.683904268397198
"System Administrator (Operation & Maintenance of Server, Storage & Service Desk System)",0.65,0.6839038239491408
DevOps Engineer,0.683333333,0.6838472581636111
Executive/ Sr. Executive -IT,0.85,0.6838296642386943
Network Support Engineer,0.65,0.683813980048857
"System Administrator (Operation & Maintenance of Server, Storage & Service Desk System)",0.65,0.6838055879897144
Data Engineer,0.683333333,0.683793086547603
Data Engineer,0.716666667,0.6837718449825938
Marketing Officer,0.683333333,0.6837020295751057
Executive/ Sr. Executive -IT,0.65,0.6836936902244611
Data Science Engineer,0.65,0.683655241403889
Data Science Engineer,0.683333333,0.6836085935623099
Senior Software Engineer,0.656666667,0.6834812866794275
Marketing Officer,0.826666667,0.683463715675526
Data Engineer,0.35,0.683445605665414
Data Engineer,0.783333333,0.6834437730589175
"System Administrator (Operation & Maintenance of Server, Storage & Service Desk System)",0.65,0.6834245201077432
Senior iOS Engineer,0.65,0.6834011527248244
Project Coordinator (Civil),0.716666667,0.6833956491183786
Executive/ Sr. Executive -IT,0.683333333,0.6833696384025287
Senior iOS Engineer,0.683333333,0.6832958774705324
"Executive/ Senior Executive- Trade Marketing, Hygiene Products",0.683333333,0.6832638842077151
Asst. Manager/ Manger (Administrative),0.65,0.6832460941000836
"System Administrator (Operation & Maintenance of Server, Storage & Service Desk System)",0.65,0.6832290852926982
"Full Stack Developer (Python,React js)",0.65,0.6832262673591583
Senior iOS Engineer,0.716666667,0.6832004861706638
Mechanical Designer,0.783333333,0.6831444223199133
"Full Stack Developer (Python,React js)",0.816666667,0.6831390921475783
Marketing Officer,0.783333333,0.6831377509625524
Management Trainee - Mechanical,0.716666667,0.6831241738717148
Management Trainee - Mechanical,0.683333333,0.6830779148136209
Project Coordinator (Civil),0.65,0.6830426772160031
"Manager- Human Resource Management (HRM)
",0.45,0.6829566697588273
DevOps Engineer,0.716666667,0.6828384156102257
"Full Stack Developer (Python,React js)",0.65,0.6828205038283738
Executive - VAT,0.616666667,0.6826767909862855
Project Coordinator (Civil),0.556666667,0.682672919125249
Asst. Manager/ Manger (Administrative),0.683333333,0.6826638198320731
DevOps Engineer,0.716666667,0.6826565054775322
Management Trainee - Mechanical,0.716666667,0.6826158644023989
Marketing Officer,0.65,0.6826054263517837
Project Coordinator (Civil),0.65,0.6825692075870808
"Executive/ Senior Executive- Trade Marketing, Hygiene Products",0.59,0.6825595278566662
Senior iOS Engineer,0.683333333,0.6824643833197155
Senior Software Engineer,0.716666667,0.6824394740254104
DevOps Engineer,0.65,0.6824124968669653
"System Administrator (Operation & Maintenance of Server, Storage & Service Desk System)",0.65,0.6823423643781499
Project Coordinator (Civil),0.716666667,0.6823341725347069
Senior iOS Engineer,0.683333333,0.6823301400762161
Data Engineer,0.683333333,0.6822504857286368
DevOps Engineer,0.683333333,0.6822365988143142
Executive/ Sr. Executive -IT,0.716666667,0.6822239560102697
Senior iOS Engineer,0.683333333,0.6822141586192898
Data Engineer,0.683333333,0.6821543769807504
Executive/ Sr. Executive -IT,0.65,0.6821368657017446
"System Administrator (Operation & Maintenance of Server, Storage & Service Desk System)",0.65,0.6820539957890766
HR Officer,0.65,0.6820395097698264
"System Administrator (Operation & Maintenance of Server, Storage & Service Desk System)",0.85,0.6820318985704601
Executive - VAT,0.716666667,0.6820309842901751
DevOps Engineer,0.783333333,0.681915386565453
Executive/ Sr. Executive -IT,0.693333333,0.6819126085716158
Data Engineer,0.85,0.6818777189219558
Civil Engineer,0.65,0.6818385761647779
Project Coordinator (Civil),0.738333333,0.6818288161225716
Data Engineer,0.75,0.6818120162330191
Senior iOS Engineer,0.75,0.6817653003302777
Head of Internal Control & Compliance (ICC) - SEVP/DMD,0.85,0.6816960543662222
"Executive/ Senior Executive- Trade Marketing, Hygiene Products",0.65,0.681687806962656
Head of Internal Control & Compliance (ICC) - SEVP/DMD,0.783333333,0.6816299134601638
"Executive/ Senior Executive- Trade Marketing, Hygiene Products",0.75,0.6815970023474369
Mechanical Designer,0.65,0.6815762493870147
Executive/ Sr. Executive -IT,0.75,0.6815753991798069
"Full Stack Developer (Python,React js)",0.65,0.6815705751758039
Management Trainee - Mechanical,0.683333333,0.681527229811683
Head of Internal Control & Compliance (ICC) - SEVP/DMD,0.85,0.6814910828635825
"Executive/ Senior Executive- Trade Marketing, Hygiene Products",0.65,0.6814489374724656
DevOps Engineer,0.65,0.6814326502253089
"System Administrator (Operation & Maintenance of Server, Storage & Service Desk System)",0.683333333,0.6813811416248483
"Full Stack Developer (Python,React js)",0.683333333,0.6812527176091074
Data Engineer,0.716666667,0.6812470064351888
Data Engineer,0.783333333,0.681205518830867
Marketing Officer,0.85,0.6811967032160273
"Full Stack Developer (Python,React js)",0.5,0.6811466416459672
AI Engineer,0.65,0.6809554360596524
Asst. Manager/ Manger (Administrative),0.716666667,0.6809268575898121
Management Trainee - Mechanical,0.85,0.6809115851911768
Data Engineer,0.783333333,0.6808787909159265
Executive - VAT,0.683333333,0.6808119667929222
Executive/ Sr. Executive -IT,0.85,0.6808114929598817
Senior iOS Engineer,0.45,0.6808100885782084
Data Engineer,0.65,0.6806957660967706
Intern (Generative AI Engineering - 2D/3D Image Generation),0.683333333,0.6806945071751314
Management Trainee - Mechanical,0.466666667,0.6806808902485246
Machine Learning (ML) Engineer,0.683333333,0.6806636638386039
Asst. Manager/ Manger (Administrative),0.716666667,0.6806614942308814
Executive/ Sr. Executive -IT,0.65,0.6806163139505231
Intern (Generative AI Engineering - 2D/3D Image Generation),0.85,0.6806053194419408
AI Engineer,0.783333333,0.6805152873773247
"System Administrator (Operation & Maintenance of Server, Storage & Service Desk System)",0.65,0.6804804310042829
DevOps Engineer,0.726666667,0.6804348252923508
Senior Software Engineer,0.6,0.6804245715927983
Senior Software Engineer,0.716666667,0.6803826382983228
HR Officer,0.55,0.6803274843660543
"Full Stack Developer (Python,React js)",0.65,0.6803260082667069
AI Engineer,0.683333333,0.6803209981928862
AI Engineer,0.556666667,0.6802907237996653
Executive - VAT,0.65,0.680290569662509
"System Administrator (Operation & Maintenance of Server, Storage & Service Desk System)",0.683333333,0.6802898636709785
Data Engineer,0.75,0.6802039304505695
"Executive/ Senior Executive- Trade Marketing, Hygiene Products",0.716666667,0.6801916226975265
Senior Software Engineer,0.643333333,0.6801884548069538
Data Science Engineer,0.85,0.680169436839263
Project Coordinator (Civil),0.75,0.680098751897785
Executive/ Sr. Executive -IT,0.65,0.6800420223428005
Head of Internal Control & Compliance (ICC) - SEVP/DMD,0.75,0.6800004769975762
Management Trainee - Mechanical,0.683333333,0.6799751880078287
Marketing Officer,0.443333333,0.6799371893401549
Sr.Officer / Executive - Internal Audit,0.543333333,0.679908844715555
Senior iOS Engineer,0.65,0.6798883002699766
Data Engineer,0.65,0.6798869404238468
Senior Software Engineer,0.66,0.6798293944451224
Mechanical Designer,0.65,0.6797969868571793
Senior iOS Engineer,0.783333333,0.67978300757143
Data Engineer,0.716666667,0.6797456085624719
Intern (Generative AI Engineering - 2D/3D Image Generation),0.683333333,0.6797447046157665
DevOps Engineer,0.783333333,0.6796890593510291
Asst. Manager/ Manger (Administrative),0.683333333,0.6796715636360392
"Manager- Human Resource Management (HRM)
",0.75,0.6796702030106144
Executive/ Sr. Executive -IT,0.65,0.679631235814524
Project Coordinator (Civil),0.65,0.6796182044131276
"Full Stack Developer (Python,React js)",0.666666667,0.6796179659165208
Data Science Engineer,0.65,0.679590071264621
Management Trainee - Mechanical,0.516666667,0.6795867894866735
Data Engineer,0.483333333,0.6795800185659219
"Full Stack Developer (Python,React js)",0.716666667,0.6795403395568768
"Executive/ Senior Executive- Trade Marketing, Hygiene Products",0.626666667,0.6795262119860243
Data Engineer,0.65,0.6795162714194369
"System Administrator (Operation & Maintenance of Server, Storage & Service Desk System)",0.683333333,0.679475822094034
Data Science Engineer,0.65,0.6794574890159979
HR Officer,0.683333333,0.6794267877550635
Senior iOS Engineer,0.6,0.6793630770235778
Asst. Manager/ Manger (Administrative),0.683333333,0.6793416849597766
Executive/ Sr. Executive -IT,0.65,0.6792448203927008
Machine Learning (ML) Engineer,0.55,0.6792409371350242
Data Engineer,0.65,0.6791516048911265
AI Engineer,0.65,0.6791441547607083
Head of Internal Control & Compliance (ICC) - SEVP/DMD,0.893333333,0.6791187375982133
Data Engineer,0.693333333,0.6791025751184394
HR Officer,0.716666667,0.6790959349654413
"Full Stack Developer (Python,React js)",0.533333333,0.6790709389737826
"Manager- Human Resource Management (HRM)
",0.576666667,0.679053791808995
Project Coordinator (Civil),0.6,0.6790464250827896
Data Science Engineer,0.626666667,0.6790226843348066
Data Engineer,0.65,0.6790194404442661
Management Trainee - Mechanical,0.783333333,0.6789749853948156
"Full Stack Developer (Python,React js)",0.483333333,0.6788961267269371
Executive/ Sr. Executive -IT,0.65,0.6788846445061973
Head of Internal Control & Compliance (ICC) - SEVP/DMD,0.683333333,0.6788548700906557
Data Engineer,0.75,0.6788542049999621
Senior iOS Engineer,0.62,0.6787366193592862
Data Engineer,0.816666667,0.6787093175048876
AI Engineer,0.783333333,0.678709070533519
Senior iOS Engineer,0.65,0.6787040698477386
"Executive/ Senior Executive- Trade Marketing, Hygiene Products",0.573333333,0.6786118040704047
Management Trainee - Mechanical,0.683333333,0.6786116081798027
Sr.Officer / Executive - Internal Audit,0.65,0.6785567180031185
Network Support Engineer,0.65,0.6785485920507084
Senior Software Engineer,0.54,0.6784673419248142
Executive - VAT,0.65,0.6784282987846861
Head of Internal Control & Compliance (ICC) - SEVP/DMD,0.85,0.678323686227348
Data Engineer,0.583333333,0.678234452745372
"System Administrator (Operation & Maintenance of Server, Storage & Service Desk System)",0.65,0.6781892124634892
Sr.Officer / Executive - Internal Audit,0.693333333,0.6781820430509338
Sr.Officer / Executive - Internal Audit,0.783333333,0.6781442831399421
Data Engineer,0.683333333,0.678122738727694
"Executive/ Senior Executive- Trade Marketing, Hygiene Products",0.683333333,0.6781112969221247
Intern (Generative AI Engineering - 2D/3D Image Generation),0.626666667,0.678087374366163
Executive/ Sr. Executive -IT,0.65,0.6780420551549812
Data Engineer,0.683333333,0.678013514750948
Machine Learning (ML) Engineer,0.643333333,0.6779737177081134
AI Engineer,0.676666667,0.677964509820924
Intern (Generative AI Engineering - 2D/3D Image Generation),0.383333333,0.6779329452639409
Executive/ Sr. Executive -IT,0.683333333,0.6779010887119893
DevOps Engineer,0.783333333,0.6778312096986772
DevOps Engineer,0.516666667,0.6778266627912511
Sr.Officer / Executive - Internal Audit,0.65,0.6778237033797773
Executive - VAT,0.693333333,0.6777816972394226
Management Trainee - Mechanical,0.65,0.6777405782340576
"Executive/ Senior Executive- Trade Marketing, Hygiene Products",0.683333333,0.6777372061483714
Management Trainee - Mechanical,0.616666,0.6777293940516654
"System Administrator (Operation & Maintenance of Server, Storage & Service Desk System)",0.65,0.6777050436157327
HR Officer,0.716666667,0.6777038177532297
Network Support Engineer,0.566666667,0.6776708699056733
Asst. Manager/ Manger (Administrative),0.673333333,0.6776464941466444
Management Trainee - Mechanical,0.683333333,0.6776307944697868
Senior iOS Engineer,0.543333333,0.6775588796002185
DevOps Engineer,0.65,0.6775466895213432
Asst. Manager/ Manger (Administrative),0.683333333,0.6775062801784095
Data Engineer,0.683333333,0.6775060082648697
Senior iOS Engineer,0.65,0.6774490245842674
Senior iOS Engineer,0.683333333,0.6774202463211765
"System Administrator (Operation & Maintenance of Server, Storage & Service Desk System)",0.65,0.6774081730189355
Management Trainee - Mechanical,0.716666667,0.6774023472146418
Data Engineer,0.683333333,0.6773883133254128
Marketing Officer,0.826666667,0.6773691784034411
Data Science Engineer,0.716666667,0.677362705815747
DevOps Engineer,0.85,0.6773410184076741
AI Engineer,0.55,0.6771741362248375
AI Engineer,0.65,0.6771685026001908
"System Administrator (Operation & Maintenance of Server, Storage & Service Desk System)",0.65,0.677165152480356
Executive - VAT,0.65,0.6771508414870675
Senior Software Engineer,0.616666667,0.6770728432145581
Project Coordinator (Civil),0.65,0.6770685574080911
Senior iOS Engineer,0.683333333,0.6770541056068187
Senior iOS Engineer,0.65,0.677014806051948
Executive/ Sr. Executive -IT,0.683333333,0.6770107949046695
DevOps Engineer,0.683333333,0.6769818116215649
Management Trainee - Mechanical,0.65,0.6769244275054305
"Full Stack Developer (Python,React js)",0.65,0.676898840485693
Management Trainee - Mechanical,0.683333333,0.6768690382048929
"Executive/ Senior Executive- Trade Marketing, Hygiene Products",0.816666667,0.6768419519119444
Site Engineer,0.283333333,0.6767703488387837
Data Engineer,0.683333333,0.6767465786783843
Executive - VAT,0.683333333,0.6766993669135076
"Executive/ Senior Executive- Trade Marketing, Hygiene Products",0.65,0.676680629445968
"System Administrator (Operation & Maintenance of Server, Storage & Service Desk System)",0.643333333,0.6766455127153148
Head of Internal Control & Compliance (ICC) - SEVP/DMD,0.683333333,0.6766355229902263
Mechanical Engineer,0.726666667,0.6765800727963018
Machine Learning (ML) Engineer,0.716666667,0.6764790743497542
Senior iOS Engineer,0.683333333,0.6763580468546526
Asst. Manager/ Manger (Administrative),0.693333333,0.6763188139972037
Executive/ Sr. Executive -IT,0.65,0.6762914176614372
AI Engineer,0.85,0.6762602021422731
Civil Engineer,0.816666667,0.6762559617359355
"System Administrator (Operation & Maintenance of Server, Storage & Service Desk System)",0.65,0.6762176405758512
Management Trainee - Mechanical,0.85,0.6762169898802942
Intern (Generative AI Engineering - 2D/3D Image Generation),0.716666667,0.6761998548369856
Data Engineer,0.683333333,0.6761977871894211
Executive - VAT,0.736666667,0.6761819671372625
Senior Software Engineer,0.683333333,0.676133676027676
DevOps Engineer,0.75,0.6761301728879715
"Executive/ Senior Executive- Trade Marketing, Hygiene Products",0.716666667,0.6761247957615903
Asst. Manager/ Manger (Administrative),0.65,0.6761178174514191
DevOps Engineer,0.453333333,0.6760991642106854
Sr.Officer / Executive - Internal Audit,0.716666667,0.6760600461856744
Executive/ Sr. Executive -IT,0.45,0.676027192352566
Head of Internal Control & Compliance (ICC) - SEVP/DMD,0.85,0.6759064219834657
Executive/ Sr. Executive -IT,0.85,0.6758884886855006
AI Engineer,0.55,0.6758131092074051
"Executive/ Senior Executive- Trade Marketing, Hygiene Products",0.683333333,0.6757961399492658
AI Engineer,0.683333333,0.6757892194255098
Intern (Generative AI Engineering - 2D/3D Image Generation),0.816666667,0.675770253666306
Data Engineer,0.683333333,0.6757682178734398
Executive - VAT,0.716666667,0.675746980818066
Data Engineer,0.683333333,0.6757450586691087
"Executive/ Senior Executive- Trade Marketing, Hygiene Products",0.626666667,0.6756626899803169
Data Science Engineer,0.726666667,0.6756048759171217
Senior Software Engineer,0.683333333,0.6755119731455573
Data Science Engineer,0.716666667,0.6754549524211345
"System Administrator (Operation & Maintenance of Server, Storage & Service Desk System)",0.65,0.6754401678573578
Civil Engineer,0.76,0.6753625181763653
Executive - VAT,0.683333,0.6753385107651221
Management Trainee - Mechanical,0.683333333,0.6753075151010868
Intern (Generative AI Engineering - 2D/3D Image Generation),0.65,0.6752467961522105
Business Development Executive,0.583333333,0.6752321150963705
DevOps Engineer,0.716666667,0.6751736473153158
HR Officer,0.716666667,0.6751367268089637
DevOps Engineer,0.6,0.6751170633760676
"Full Stack Developer (Python,React js)",0.783333333,0.675107758128917
Executive/ Sr. Executive -IT,0.55,0.6750985746678342
Executive/ Sr. Executive -IT,0.806333333,0.6750940636598313
Executive/ Sr. Executive -IT,0.65,0.6750882501537607
Head of Internal Control & Compliance (ICC) - SEVP/DMD,0.55,0.6750790983791869
DevOps Engineer,0.783333333,0.675062818888953
Executive/ Sr. Executive -IT,0.65,0.6750318726345842
Senior iOS Engineer,0.61,0.6750294666554132
DevOps Engineer,0.626666667,0.6750264560023385
Marketing Officer,0.783333333,0.675023067448751
Intern (Generative AI Engineering - 2D/3D Image Generation),0.683333333,0.6750120669096398
"Full Stack Developer (Python,React js)",0.606666667,0.6750101294945339
Marketing Officer,0.65,0.6750007619493593
Data Engineer,0.716666667,0.6749979215344081
AI Engineer,0.65,0.6749720006977727
Asst. Manager/ Manger (Administrative),0.65,0.674949645538144
"System Administrator (Operation & Maintenance of Server, Storage & Service Desk System)",0.65,0.674938889608333
Network Support Engineer,0.716666667,0.6749063892243836
Management Trainee - Mechanical,0.726666667,0.6748996712110257
Data Engineer,0.65,0.6748793470842082
Project Coordinator (Civil),0.65,0.674768234336869
AI Engineer,0.65,0.6747451969530083
Asst. Manager/ Manger (Administrative),0.65,0.6747376667495136
Executive/ Sr. Executive -IT,0.65,0.6746951918279581
Executive - VAT,0.726666667,0.6746634519904623
Data Science Engineer,0.76,0.6746490260581102
Business Development Executive,0.583333333,0.6746190593704464
HR Officer,0.65,0.6746178349402242
"Full Stack Developer (Python,React js)",0.65,0.674611660818504
Executive/ Sr. Executive -IT,0.65,0.6746078120690717
Data Engineer,0.75,0.6745261955071368
"System Administrator (Operation & Maintenance of Server, Storage & Service Desk System)",0.55,0.6744766008720133
Data Engineer,0.85,0.6743893345576928
HR Officer,0.583333333,0.6743829427005276
DevOps Engineer,0.65,0.674376708770269
Senior Software Engineer,0.65,0.6742860834167018
"Executive/ Senior Executive- Trade Marketing, Hygiene Products",0.683333333,0.6742839222797203
DevOps Engineer,0.85,0.674266303691256
Data Engineer,0.65,0.6742250139410466
Project Coordinator (Civil),0.65,0.67422325337041
"System Administrator (Operation & Maintenance of Server, Storage & Service Desk System)",0.65,0.6742123209754495
Data Engineer,0.716666667,0.6741863138307285
Senior Software Engineer,0.75,0.6741641804536324
Marketing Officer,0.666666667,0.6741549145623419
Project Coordinator (Civil),0.76,0.6741366924016315
Management Trainee - Mechanical,0.62,0.6741289793070793
Data Science Engineer,0.693333333,0.6741058084864433
Sr.Officer / Executive - Internal Audit,0.75,0.6740799131204623
DevOps Engineer,0.573333333,0.6740045883484362
Intern (Generative AI Engineering - 2D/3D Image Generation),0.516666667,0.6739829932351004
AI Engineer,0.593333333,0.6739558940055541
DevOps Engineer,0.726666667,0.6739531403998638
Data Science Engineer,0.75,0.6738696325544484
Management Trainee - Mechanical,0.65,0.6737607982866743
DevOps Engineer,0.616666667,0.6737182094144861
Mechanical Engineer,0.65,0.6736650143903327
AI Engineer,0.65,0.6736424792343668
"Executive/ Senior Executive- Trade Marketing, Hygiene Products",0.583333333,0.673639311519814
Intern (Generative AI Engineering - 2D/3D Image Generation),0.65,0.673612301835778
Executive - VAT,0.65,0.6736022268645179
Management Trainee - Mechanical,0.52,0.6735863367452752
Management Trainee - Mechanical,0.646666667,0.6734126804785601
Asst. Manager/ Manger (Administrative),0.65,0.6733743897396213
Head of Internal Control & Compliance (ICC) - SEVP/DMD,0.85,0.6732325408808656
Intern (Generative AI Engineering - 2D/3D Image Generation),0.683333333,0.6732309491912754
HR Officer,0.716666667,0.6731679745235933
Project Coordinator (Civil),0.716666667,0.6730953378632138
Sr.Officer / Executive - Internal Audit,0.626666667,0.6730826351161557
DevOps Engineer,0.716666667,0.6730690581192369
Sr.Officer / Executive - Internal Audit,0.65,0.6730300850134732
"Manager- Human Resource Management (HRM)
",0.793333333,0.6729979251634267
Executive/ Sr. Executive -IT,0.65,0.6729969426366951
Executive/ Sr. Executive -IT,0.65,0.6729802539798161
HR Officer,0.716666667,0.6729794159964004
DevOps Engineer,0.693333333,0.6729577983681655
Asst. Manager/ Manger (Administrative),0.65,0.67292116424019
Data Science Engineer,0.683333333,0.6728745454852733
HR Officer,0.65,0.6728449684113375
"System Administrator (Operation & Maintenance of Server, Storage & Service Desk System)",0.65,0.6728253551521598
Management Trainee - Mechanical,0.683333333,0.6728071049182502
AI Engineer,0.65,0.6727586398524212
Marketing Officer,0.643333333,0.6727576343228195
Marketing Officer,0.826666667,0.6726993436504343
Executive/ Sr. Executive -IT,0.683333333,0.672671837250252
"Full Stack Developer (Python,React js)",0.65,0.6726087217271901
"Executive/ Senior Executive- Trade Marketing, Hygiene Products",0.65,0.6725746782628421
Executive/ Sr. Executive -IT,0.65,0.6725305472962737
HR Officer,0.65,0.6725066902653996
Data Engineer,0.683333333,0.6724758785844177
Project Coordinator (Civil),0.716666667,0.6724477519555184
Business Development Executive,0.75,0.6724141746369373
DevOps Engineer,0.783333,0.6723950950746191
DevOps Engineer,0.716666667,0.6723576767335872
Data Engineer,0.716666667,0.6722732491429704
Executive/ Sr. Executive -IT,0.65,0.6722717263979924
"Full Stack Developer (Python,React js)",0.6,0.6722654355584597
DevOps Engineer,0.65,0.6722275802051817
Intern (Generative AI Engineering - 2D/3D Image Generation),0.626666667,0.6722078666069242
"Full Stack Developer (Python,React js)",0.316666667,0.6721859596685553
Asst. Manager/ Manger (Administrative),0.65,0.6721797725353846
Project Coordinator (Civil),0.606666667,0.6721682853211145
"Executive/ Senior Executive- Trade Marketing, Hygiene Products",0.65,0.6721353739734932
"System Administrator (Operation & Maintenance of Server, Storage & Service Desk System)",0.65,0.6721111814727844
Management Trainee - Mechanical,0.716666667,0.6721025114686455
Management Trainee - Mechanical,0.65,0.6720807495450652
Management Trainee - Mechanical,0.616666667,0.6720655467227228
Asst. Manager/ Manger (Administrative),0.65,0.672056952572962
"Executive/ Senior Executive- Trade Marketing, Hygiene Products",0.716666667,0.6719911726108709
"Executive/ Senior Executive- Trade Marketing, Hygiene Products",0.716666667,0.6718723844202897
DevOps Engineer,0.583333333,0.6718456424877249
DevOps Engineer,0.85,0.6718301094412821
Senior Software Engineer,0.61,0.6718074968302842
Executive - VAT,0.65,0.6717988149308437
Executive - VAT,0.65,0.6717634882287887
"Executive/ Senior Executive- Trade Marketing, Hygiene Products",0.693333333,0.6717222183427062
Data Engineer,0.65,0.6717111629754186
Management Trainee - Mechanical,0.716666667,0.6717048801167497
Asst. Manager/ Manger (Administrative),0.65,0.6716943990147485
Senior iOS Engineer,0.65,0.6716882346099272
Business Development Executive,0.683333333,0.6716406619070565
Executive - VAT,0.556666667,0.6715978369773788
Data Engineer,0.65,0.671595263439755
Data Engineer,0.35,0.6715744747757043
Executive/ Sr. Executive -IT,0.65,0.6715714607741786
"Executive/ Senior Executive- Trade Marketing, Hygiene Products",0.626666667,0.671492885016645
Network Support Engineer,0.65,0.6714263161124279
Senior Software Engineer,0.65,0.6714203199856048
Senior iOS Engineer,0.75,0.6713862413532834
Executive/ Sr. Executive -IT,0.65,0.6713567037330935
Project Coordinator (Civil),0.683333333,0.6713374351354877
Data Science Engineer,0.283333333,0.6713245136662622
Data Engineer,0.716666667,0.6712961432359651
Data Engineer,0.65,0.6712851529089561
Executive/ Sr. Executive -IT,0.65,0.6712821684057858
Mechanical Engineer,0.75,0.6712493137063492
Asst. Manager/ Manger (Administrative),0.65,0.6712428903562897
Site Engineer,0.77,0.6712042085540607
Senior Software Engineer,0.65,0.6711989027751817
AI Engineer,0.65,0.671166600401725
"Executive/ Senior Executive- Trade Marketing, Hygiene Products",0.65,0.6711090044337525
AI Engineer,0.65,0.6711022881584908
Mechanical Designer,0.75,0.6710214217745865
Data Engineer,0.65,0.6710090822929127
Project Coordinator (Civil),0.65,0.6710067133101544
Senior iOS Engineer,0.623333333,0.6708848063567019
Data Engineer,0.65,0.6708699717128489
Intern (Generative AI Engineering - 2D/3D Image Generation),0.65,0.6708447703849736
Executive/ Sr. Executive -IT,0.65,0.6708258104105363
Mechanical Engineer,0.85,0.6708209975778946
Asst. Manager/ Manger (Administrative),0.643333333,0.6708158559827159
Executive/ Sr. Executive -IT,0.65,0.6707900795311994
"System Administrator (Operation & Maintenance of Server, Storage & Service Desk System)",0.643333333,0.6707422549769452
Marketing Officer,0.826666667,0.6706848815746366
DevOps Engineer,0.65,0.6706833924702356
"Full Stack Developer (Python,React js)",0.716666667,0.6706761290436137
DevOps Engineer,0.65,0.6706756922265685
Data Science Engineer,0.65,0.6706582454691863
Project Coordinator (Civil),0.716666667,0.6706403430626722
Management Trainee - Mechanical,0.783333333,0.6705420170697529
Senior Software Engineer,0.683333333,0.6705195166524763
Management Trainee - Mechanical,0.716666667,0.6704467398380436
Executive/ Sr. Executive -IT,0.65,0.6704466686755808
"Executive/ Senior Executive- Trade Marketing, Hygiene Products",0.65,0.6703802927469782
Sr.Officer / Executive - Internal Audit,0.716666667,0.6703499270068178
Senior Software Engineer,0.61,0.6703479707137663
Asst. Manager/ Manger (Administrative),0.65,0.6702994333477322
Senior Software Engineer,0.35,0.6702918631988588
Sr.Officer / Executive - Internal Audit,0.666666667,0.6702745110633415
DevOps Engineer,0.716666667,0.6702721925740787
Senior Software Engineer,0.616666667,0.6701854407743644
Executive/ Sr. Executive -IT,0.65,0.6701063695917904
Sr.Officer / Executive - Internal Audit,0.726666667,0.6700981757544615
Data Science Engineer,0.85,0.6700807855178245
Data Engineer,0.783333333,0.6700778620662128
Senior iOS Engineer,0.65,0.6700590308196985
Executive - VAT,0.65,0.6699031912024084
Project Coordinator (Civil),0.683333333,0.6698871811340655
Project Coordinator (Civil),0.77,0.6698851447010303
Network Support Engineer,0.65,0.669869335613565
Data Engineer,0.683333333,0.6698625303629832
DevOps Engineer,0.65,0.6698588582130436
"Manager- Human Resource Management (HRM)
",0.783333333,0.6698496144721842
Executive/ Sr. Executive -IT,0.716666,0.6697632303750924
Data Engineer,0.65,0.6697329836374948
Data Engineer,0.65,0.6696329619783475
Senior Software Engineer,0.65,0.6696320688373083
Senior Software Engineer,0.583333333,0.6696131877849403
HR Officer,0.65,0.6695935674469378
Project Coordinator (Civil),0.65,0.6695859856339879
Data Engineer,0.65,0.6695695244876896
Project Coordinator (Civil),0.716666667,0.669544348091589
Asst. Manager/ Manger (Administrative),0.676666667,0.6695304475217283
Project Coordinator (Civil),0.716666667,0.66950700674149
Project Coordinator (Civil),0.65,0.6695032905461237
Data Engineer,0.75,0.6694900583050334
Management Trainee - Mechanical,0.65,0.6694313251414622
Executive/ Sr. Executive -IT,0.65,0.6693544379459947
Project Coordinator (Civil),0.65,0.6693484840126543
Senior Software Engineer,0.716666667,0.6693132977263339
Executive/ Sr. Executive -IT,0.65,0.6692463988209546
AI Engineer,0.716666667,0.6692380113927786
HR Officer,0.65,0.6692256201664366
Senior Software Engineer,0.65,0.6691921547395671
Network Support Engineer,0.65,0.669157645354419
"Executive/ Senior Executive- Trade Marketing, Hygiene Products",0.65,0.6691034965566242
"Full Stack Developer (Python,React js)",0.85,0.6690650415709182
DevOps Engineer,0.75,0.6690487685352027
Project Coordinator (Civil),0.683333333,0.6689833952689392
Management Trainee - Mechanical,0.716666667,0.6689233646909588
Executive/ Sr. Executive -IT,0.65,0.6688586320283896
"Executive/ Senior Executive- Trade Marketing, Hygiene Products",0.85,0.6688127300661626
Asst. Manager/ Manger (Administrative),0.683333333,0.6687974746920391
DevOps Engineer,0.716666667,0.6687965806728488
"Executive/ Senior Executive- Trade Marketing, Hygiene Products",0.693333333,0.6687670015610382
Sr.Officer / Executive - Internal Audit,0.683333,0.668723541409623
"System Administrator (Operation & Maintenance of Server, Storage & Service Desk System)",0.643333333,0.6686984684678337
Executive/ Sr. Executive -IT,0.65,0.6686888672770064
Civil Engineer,0.55,0.6686761867583719
Data Engineer,0.65,0.6686564801928344
Marketing Officer,0.85,0.6686078855893111
Asst. Manager/ Manger (Administrative),0.716666667,0.6685827738020745
Asst. Manager/ Manger (Administrative),0.683333333,0.6685622623566799
Management Trainee - Mechanical,0.716666667,0.668550889949922
Management Trainee - Mechanical,0.65,0.6684622715346544
Mechanical Engineer,0.85,0.6683988162626583
"Executive/ Senior Executive- Trade Marketing, Hygiene Products",0.56,0.6683905821279281
Mechanical Engineer,0.816666667,0.6683526061448909
Machine Learning (ML) Engineer,0.816666667,0.6683445925701994
DevOps Engineer,0.85,0.668331629617858
"Manager- Human Resource Management (HRM)
",0.783333333,0.6683292488732337
Project Coordinator (Civil),0.716666667,0.6683280505900738
Site Engineer,0.683333333,0.6683015943537682
"Executive/ Senior Executive- Trade Marketing, Hygiene Products",0.683333333,0.6682794244815259
Senior iOS Engineer,0.65,0.6682313417747263
Marketing Officer,0.716666667,0.6681310290401252
"Full Stack Developer (Python,React js)",0.65,0.6680006477127803
"Manager- Human Resource Management (HRM)
",0.45,0.6679424833148324
Head of Internal Control & Compliance (ICC) - SEVP/DMD,0.636666667,0.6679236907009474
Intern (Generative AI Engineering - 2D/3D Image Generation),0.516666667,0.6678903288028987
Data Engineer,0.683333333,0.6678048934025808
Senior Software Engineer,0.56,0.667774458877757
"Executive/ Senior Executive- Trade Marketing, Hygiene Products",0.55,0.6677721002940163
Data Engineer,0.716666667,0.6677585980026924
"Executive/ Senior Executive- Trade Marketing, Hygiene Products",0.62,0.6677497782910067
HR Officer,0.683333333,0.6677490784525774
"Full Stack Developer (Python,React js)",0.716666667,0.6677319462736591
Management Trainee - Mechanical,0.65,0.6677282298877971
Data Engineer,0.683333333,0.667726436497154
Data Engineer,0.716666667,0.6677153826435462
Site Engineer,0.683333333,0.6677117880481712
Executive - VAT,0.683333333,0.6676967771437671
"Manager- Human Resource Management (HRM)
",0.736666667,0.6676823332074561
Executive/ Sr. Executive -IT,0.683333333,0.6676746870240254
Intern (Generative AI Engineering - 2D/3D Image Generation),0.683333333,0.6676064116342907
"Executive/ Senior Executive- Trade Marketing, Hygiene Products",0.716666667,0.6676001479204094
Senior iOS Engineer,0.626666667,0.6674977445843798
Executive - VAT,0.816666667,0.667478675011778
Head of Internal Control & Compliance (ICC) - SEVP/DMD,0.583333333,0.6674784247024563
DevOps Engineer,0.603333333,0.6674327012335347
DevOps Engineer,0.65,0.6673726890614845
Data Engineer,0.716666667,0.6673579460233554
Senior iOS Engineer,0.543333333,0.6673441459470073
Marketing Officer,0.65,0.6672595074413783
DevOps Engineer,0.55,0.66725064533243
Intern (Generative AI Engineering - 2D/3D Image Generation),0.6,0.667223827595028
"Full Stack Developer (Python,React js)",0.316666667,0.667205907070759
Senior iOS Engineer,0.65,0.6671435194646858
Data Engineer,0.75,0.667029532240184
Data Engineer,0.783333333,0.6669718563609695
Senior Software Engineer,0.683333333,0.6669625537317535
"Executive/ Senior Executive- Trade Marketing, Hygiene Products",0.65,0.6668571071220161
Data Science Engineer,0.693333333,0.6668411164189442
Senior iOS Engineer,0.65,0.6668214782171399
Management Trainee - Mechanical,0.65,0.6666961175849978
Project Coordinator (Civil),0.65,0.6666730184429894
"Executive/ Senior Executive- Trade Marketing, Hygiene Products",0.613333333,0.6666610292982887
"System Administrator (Operation & Maintenance of Server, Storage & Service Desk System)",0.65,0.666635562134059
Sr.Officer / Executive - Internal Audit,0.65,0.6666253854655361
Site Engineer,0.546666667,0.6665923761213555
Project Coordinator (Civil),0.716666667,0.6665718683547059
Asst. Manager/ Manger (Administrative),0.65,0.6665549965195429
Executive/ Sr. Executive -IT,0.65,0.6665521737459787
Marketing Officer,0.683333333,0.666546472830749
Management Trainee - Mechanical,0.75,0.6665435237181238
HR Officer,0.683333333,0.6665150234499785
Data Engineer,0.683333333,0.6664908023317101
DevOps Engineer,0.583333333,0.6664746014394273
Site Engineer,0.626666667,0.6664735958404228
DevOps Engineer,0.623333333,0.6664707232086967
Network Support Engineer,0.65,0.6664314345201887
"System Administrator (Operation & Maintenance of Server, Storage & Service Desk System)",0.65,0.666402013779456
DevOps Engineer,0.716666667,0.6662735474419482
Machine Learning (ML) Engineer,0.65,0.6662356440261425
Sr.Officer / Executive - Internal Audit,0.65,0.6662026719344195
Management Trainee - Mechanical,0.683333333,0.66615082316732
"System Administrator (Operation & Maintenance of Server, Storage & Service Desk System)",0.643333333,0.6660304461773424
"Full Stack Developer (Python,React js)",0.583333333,0.666026225873382
Asst. Manager/ Manger (Administrative),0.65,0.6660213413554928
Executive/ Sr. Executive -IT,0.65,0.6660131418421624
DevOps Engineer,0.55,0.6659974758054319
Senior Software Engineer,0.45,0.6659680043047651
Executive/ Sr. Executive -IT,0.726666667,0.665936401564209
HR Officer,0.75,0.6659159261872786
Intern (Generative AI Engineering - 2D/3D Image Generation),0.55,0.6659073891874191
Asst. Manager/ Manger (Administrative),0.45,0.6658469675825289
Management Trainee - Mechanical,0.55,0.6658455523656283
Executive - VAT,0.65,0.6656744571691335
Network Support Engineer,0.683333333,0.6656041645316566
Sr.Officer / Executive - Internal Audit,0.6,0.665562084596787
Asst. Manager/ Manger (Administrative),0.85,0.665475027881727
Executive/ Sr. Executive -IT,0.693333333,0.6654561435296741
Data Science Engineer,0.716666667,0.6654550588594147
Project Coordinator (Civil),0.61,0.6654151336029108
Civil Engineer,0.716666667,0.6653913667168787
Senior iOS Engineer,0.65,0.6653479417863506
"Manager- Human Resource Management (HRM)
",0.683333333,0.6653266506117347
Sr.Officer / Executive - Internal Audit,0.683333333,0.6652858202652183
Executive/ Sr. Executive -IT,0.65,0.6652730264974545
Data Science Engineer,0.736666667,0.665265516584006
Mechanical Designer,0.716666667,0.6652387452551846
"Executive/ Senior Executive- Trade Marketing, Hygiene Products",0.65,0.6652094122700002
"Full Stack Developer (Python,React js)",0.873333333,0.6651920517319178
Data Engineer,0.683333333,0.6651710365235775
Executive - VAT,0.75,0.6650872148513348
Senior Software Engineer,0.783333333,0.6649396852663761
Data Engineer,0.65,0.6649265840582921
DevOps Engineer,0.6,0.664843486169874
Data Science Engineer,0.65,0.664838275349651
Intern (Generative AI Engineering - 2D/3D Image Generation),0.65,0.664829921654908
Intern (Generative AI Engineering - 2D/3D Image Generation),0.683333333,0.6648203566375519
"System Administrator (Operation & Maintenance of Server, Storage & Service Desk System)",0.65,0.6648034810624686
"Manager- Human Resource Management (HRM)
",0.716666667,0.6647293305048825
DevOps Engineer,0.65,0.6647158984066193
Senior iOS Engineer,0.556666667,0.664715703133136
Data Engineer,0.683333333,0.6646904354777244
"Full Stack Developer (Python,React js)",0.783333333,0.6646489081056756
Data Engineer,0.65,0.6646131111824856
Civil Engineer,0.85,0.6645835189211282
Asst. Manager/ Manger (Administrative),0.65,0.6645715182236739
Executive/ Sr. Executive -IT,0.65,0.6645183604714812
HR Officer,0.76,0.6645161358935798
Executive/ Sr. Executive -IT,0.65,0.6644725405376095
Head of Internal Control & Compliance (ICC) - SEVP/DMD,0.606666667,0.6644688078231886
"System Administrator (Operation & Maintenance of Server, Storage & Service Desk System)",0.65,0.664467756820104
Business Development Executive,0.75,0.6644622995992743
Executive - VAT,0.716666667,0.6644341169230865
Data Science Engineer,0.85,0.6644138827929847
Data Science Engineer,0.55,0.6643508840994469
Data Science Engineer,0.716666667,0.664335212015319
HR Officer,0.6,0.6642926658270789
Management Trainee - Mechanical,0.683333333,0.6642490046095414
Management Trainee - Mechanical,0.65,0.6642484958741957
Senior iOS Engineer,0.65,0.6642295711557427
"Manager- Human Resource Management (HRM)
",0.816666667,0.664206067433051
Data Engineer,0.683333333,0.6641431600220246
Data Engineer,0.716666667,0.6641018128818447
DevOps Engineer,0.683333333,0.6640506280902059
Executive - VAT,0.693333333,0.6640408483184684
Mechanical Engineer,0.85,0.6640315008873819
Management Trainee - Mechanical,0.65,0.6640197502432249
Mechanical Engineer,0.65,0.6640134774345663
Data Engineer,0.65,0.6639586606811373
Network Support Engineer,0.606666667,0.6639140514276582
"System Administrator (Operation & Maintenance of Server, Storage & Service Desk System)",0.65,0.6639052644169074
HR Officer,0.65,0.663887306819523
DevOps Engineer,0.683333333,0.6638770773001106
Project Coordinator (Civil),0.716666667,0.6638585927619612
Civil Engineer,0.683333333,0.6638534954660189
"System Administrator (Operation & Maintenance of Server, Storage & Service Desk System)",0.643333333,0.6638492462739196
Senior iOS Engineer,0.6,0.6638383181594791
Asst. Manager/ Manger (Administrative),0.65,0.6638126224878862
"Executive/ Senior Executive- Trade Marketing, Hygiene Products",0.56,0.6636190501500042
"Executive/ Senior Executive- Trade Marketing, Hygiene Products",0.383333333,0.663588507845645
HR Officer,0.65,0.6635726798646798
Network Support Engineer,0.65,0.6635681590613518
Project Coordinator (Civil),0.55,0.6635448716408983
Senior Software Engineer,0.783333333,0.6635436088005001
Asst. Manager/ Manger (Administrative),0.683333333,0.6634960588081487
"Executive/ Senior Executive- Trade Marketing, Hygiene Products",0.556666667,0.6634479250157626
Business Development Executive,0.46,0.6634300002953626
Management Trainee - Mechanical,0.85,0.6634251980471377
Senior iOS Engineer,0.65,0.6633891727098191
"Full Stack Developer (Python,React js)",0.643333333,0.6633678027112826
Data Engineer,0.716666667,0.6633118296942101
Mechanical Designer,0.826666667,0.6633085534451836
DevOps Engineer,0.683333333,0.6632970514175295
DevOps Engineer,0.75,0.6632856194460424
"Manager- Human Resource Management (HRM)
",0.693333333,0.6632525522567049
Sr.Officer / Executive - Internal Audit,0.62,0.6632146642549973
Executive/ Sr. Executive -IT,0.65,0.6631895091195741
"System Administrator (Operation & Maintenance of Server, Storage & Service Desk System)",0.65,0.6631496290338936
Asst. Manager/ Manger (Administrative),0.583333333,0.6631473203188165
Senior iOS Engineer,0.683333333,0.6631357704192735
DevOps Engineer,0.65,0.6631163378087925
Sr.Officer / Executive - Internal Audit,0.65,0.6629707662063113
DevOps Engineer,0.783333333,0.6628910855595832
Management Trainee - Mechanical,0.65,0.6628541873535535
Asst. Manager/ Manger (Administrative),0.716666667,0.6628512230228051
Project Coordinator (Civil),0.736666667,0.6628398309252076
Mechanical Engineer,0.683333333,0.6627298546237057
"System Administrator (Operation & Maintenance of Server, Storage & Service Desk System)",0.643333333,0.6627221881188299
Data Engineer,0.65,0.6626993915544032
Project Coordinator (Civil),0.583333333,0.6626847240225027
Asst. Manager/ Manger (Administrative),0.65,0.6626642347429896
Data Science Engineer,0.826666667,0.6625819437750682
Machine Learning (ML) Engineer,0.35,0.662566372636609
Executive - VAT,0.65,0.6625394990557945
Executive - VAT,0.65,0.6625285840767279
Executive/ Sr. Executive -IT,0.683333333,0.66250025322381
Network Support Engineer,0.516666667,0.6624330216513701
Intern (Generative AI Engineering - 2D/3D Image Generation),0.416666667,0.6623954120653155
"Manager- Human Resource Management (HRM)
",0.736666667,0.6623795389721073
Senior Software Engineer,0.75,0.6623715788559825
Senior Software Engineer,0.75,0.6623638971768381
Management Trainee - Mechanical,0.65,0.6623419283911715
Management Trainee - Mechanical,0.65,0.6623231774891626
Asst. Manager/ Manger (Administrative),0.683333333,0.6622573001414884
Management Trainee - Mechanical,0.65,0.6622559459494407
"Full Stack Developer (Python,React js)",0.583333333,0.6621650999763838
Senior iOS Engineer,0.65,0.6621382868932092
Data Engineer,0.683333333,0.6620938357379215
Senior iOS Engineer,0.35,0.6620450820253729
Data Engineer,0.716666667,0.6620275606760415
Data Engineer,0.716666667,0.6619476277671609
Management Trainee - Mechanical,0.65,0.6618568992154741
Sr.Officer / Executive - Internal Audit,0.716666667,0.6617391062659385
Executive - VAT,0.85,0.6617116888743575
"Executive/ Senior Executive- Trade Marketing, Hygiene Products",0.65,0.6616930607615384
Head of Internal Control & Compliance (ICC) - SEVP/DMD,0.55,0.6616906879764287
Asst. Manager/ Manger (Administrative),0.483333333,0.6616679721450758
"Executive/ Senior Executive- Trade Marketing, Hygiene Products",0.683333333,0.6615882017815221
"Executive/ Senior Executive- Trade Marketing, Hygiene Products",0.65,0.6615107125145838
Data Engineer,0.683333333,0.6614412981953257
Senior iOS Engineer,0.683333333,0.6613766720673823
Executive/ Sr. Executive -IT,0.65,0.6613750000336241
Site Engineer,0.816666667,0.6613712938332459
Sr.Officer / Executive - Internal Audit,0.65,0.6613131340993108
HR Officer,0.716666667,0.6613083248817467
Executive/ Sr. Executive -IT,0.65,0.6612877258047208
Civil Engineer,0.683333333,0.6612856589179021
Data Engineer,0.65,0.6612445811468136
Civil Engineer,0.803333333,0.6612344481876818
DevOps Engineer,0.75,0.6612116842841196
Management Trainee - Mechanical,0.65,0.6611956732159189
AI Engineer,0.75,0.6611276437214576
"Executive/ Senior Executive- Trade Marketing, Hygiene Products",0.683333333,0.6610944664904589
Management Trainee - Mechanical,0.65,0.6610795105118475
Data Engineer,0.683333333,0.6610115831728737
Data Engineer,0.65,0.6610028302867811
Marketing Officer,0.85,0.660968379344147
Executive - VAT,0.816666667,0.6609477707770494
"Executive/ Senior Executive- Trade Marketing, Hygiene Products",0.65,0.6608923330353036
Machine Learning (ML) Engineer,0.693333333,0.6608749999496732
"Full Stack Developer (Python,React js)",0.753333333,0.6607752204252403
HR Officer,0.656666667,0.6607409691115421
Data Engineer,0.683333333,0.6606778470894309
Executive/ Sr. Executive -IT,0.683333333,0.6606757562720993
Data Science Engineer,0.726666667,0.6606693288985149
Asst. Manager/ Manger (Administrative),0.65,0.660641403089169
Executive/ Sr. Executive -IT,0.65,0.6606013066016706
Data Engineer,0.716666667,0.6605037593069109
"Executive/ Senior Executive- Trade Marketing, Hygiene Products",0.65,0.6604484724650874
Data Engineer,0.35,0.6603476511109757
"Executive/ Senior Executive- Trade Marketing, Hygiene Products",0.65,0.6603226316159947
Head of Internal Control & Compliance (ICC) - SEVP/DMD,0.65,0.660317333119746
Business Development Executive,0.483333333,0.6602924745243145
Mechanical Engineer,0.683333333,0.6602366768769973
Head of Internal Control & Compliance (ICC) - SEVP/DMD,0.55,0.6602337388023243
Management Trainee - Mechanical,0.683333333,0.6602106896463981
Data Engineer,0.65,0.66020269285876
Sr.Officer / Executive - Internal Audit,0.596666667,0.6601863290914366
Business Development Executive,0.716666667,0.660148243895775
Executive/ Sr. Executive -IT,0.65,0.6601076335432444
Executive - VAT,0.783333333,0.6600724219778262
Data Engineer,0.65,0.6600534781599172
DevOps Engineer,0.626666667,0.6600425980809458
Site Engineer,0.65,0.6599887622311278
Business Development Executive,0.65,0.6599844480628353
Senior Software Engineer,0.65,0.6598546779496689
Intern (Generative AI Engineering - 2D/3D Image Generation),0.716666667,0.659847325824271
DevOps Engineer,0.65,0.6598426769489562
"Executive/ Senior Executive- Trade Marketing, Hygiene Products",0.65,0.6598121175175179
"Executive/ Senior Executive- Trade Marketing, Hygiene Products",0.65,0.6598002396644268
DevOps Engineer,0.75,0.6597789485512918
Sr.Officer / Executive - Internal Audit,0.683333333,0.6597291222004982
Project Coordinator (Civil),0.45,0.659713266804113
DevOps Engineer,0.65,0.659705443064497
AI Engineer,0.683333333,0.6596592293268432
Business Development Executive,0.693333333,0.659623792470056
"System Administrator (Operation & Maintenance of Server, Storage & Service Desk System)",0.65,0.659600997279055
Data Engineer,0.35,0.6595920843342763
"Full Stack Developer (Python,React js)",0.606666667,0.6595695568376375
Executive/ Sr. Executive -IT,0.65,0.6595201260892826
Data Science Engineer,0.65,0.6594592963584167
Project Coordinator (Civil),0.65,0.6594404404444663
DevOps Engineer,0.75,0.659399856042105
Data Engineer,0.683333333,0.6593182205727447
"Full Stack Developer (Python,React js)",0.716666667,0.6593123296689464
Data Engineer,0.683333333,0.6592180445663325
Sr.Officer / Executive - Internal Audit,0.683333333,0.6592106860821145
Executive/ Sr. Executive -IT,0.65,0.6591817696717484
Civil Engineer,0.783333333,0.659164749708155
DevOps Engineer,0.85,0.6591366713344423
Data Engineer,0.683333333,0.6590791785380413
Executive/ Sr. Executive -IT,0.65,0.6590184182425527
DevOps Engineer,0.683333333,0.658971905763691
"System Administrator (Operation & Maintenance of Server, Storage & Service Desk System)",0.45,0.658945619411798
Site Engineer,0.483333333,0.6588798935164216
Sr.Officer / Executive - Internal Audit,0.566666667,0.6588689599801018
Head of Internal Control & Compliance (ICC) - SEVP/DMD,0.683333333,0.6588339475277307
DevOps Engineer,0.65,0.6587969251738077
Project Coordinator (Civil),0.726666667,0.6587091054022135
DevOps Engineer,0.6,0.6587087332032654
Senior Software Engineer,0.583333333,0.6586589450111543
Senior Software Engineer,0.816666667,0.658599588441188
DevOps Engineer,0.716666667,0.6585904447658956
Head of Internal Control & Compliance (ICC) - SEVP/DMD,0.183333333,0.6585691232133604
HR Officer,0.816666667,0.658558876528048
HR Officer,0.75,0.6585425357636463
DevOps Engineer,0.626666667,0.6584829712131411
"Manager- Human Resource Management (HRM)
",0.85,0.6584823371694756
DevOps Engineer,0.683333333,0.6584513363821504
DevOps Engineer,0.716666667,0.658437549053003
Senior Software Engineer,0.65,0.6584036121689625
Project Coordinator (Civil),0.716666667,0.6583939756002807
DevOps Engineer,0.716666667,0.6583529486003415
"Executive/ Senior Executive- Trade Marketing, Hygiene Products",0.65,0.6583366995478402
Data Engineer,0.683333333,0.6582895114255176
HR Officer,0.75,0.6582844450027228
"Full Stack Developer (Python,React js)",0.5,0.6582275815795708
Asst. Manager/ Manger (Administrative),0.683333333,0.6582048793575938
Sr.Officer / Executive - Internal Audit,0.716666667,0.6582032638061369
"Executive/ Senior Executive- Trade Marketing, Hygiene Products",0.65,0.6581630973264668
Senior iOS Engineer,0.603333333,0.6581598082369683
Sr.Officer / Executive - Internal Audit,0.683333333,0.6581270887268259
DevOps Engineer,0.85,0.6581087957126449
"Executive/ Senior Executive- Trade Marketing, Hygiene Products",0.6,0.6580846756649041
Senior Software Engineer,0.77,0.6580428238859921
DevOps Engineer,0.416666667,0.6580361558959186
Intern (Generative AI Engineering - 2D/3D Image Generation),0.75,0.6580327225538033
Data Science Engineer,0.75,0.6580114148641499
Civil Engineer,0.65,0.6579403041239326
Asst. Manager/ Manger (Administrative),0.65,0.6579217345193984
"Manager- Human Resource Management (HRM)
",0.61,0.6578774654326025
Mechanical Engineer,0.76,0.6578615941848195
Senior iOS Engineer,0.76,0.6577823035863406
"Full Stack Developer (Python,React js)",0.65,0.6576673639573226
Senior iOS Engineer,0.65,0.6576197790015984
DevOps Engineer,0.75,0.657614242190194
Management Trainee - Mechanical,0.616666667,0.6575992806042084
Sr.Officer / Executive - Internal Audit,0.716666667,0.6575896008263062
"Executive/ Senior Executive- Trade Marketing, Hygiene Products",0.65,0.6575048950756801
Sr.Officer / Executive - Internal Audit,0.716666667,0.657501454412357
"Executive/ Senior Executive- Trade Marketing, Hygiene Products",0.65,0.6573880702162509
"Executive/ Senior Executive- Trade Marketing, Hygiene Products",0.683333333,0.6573507187266509
Asst. Manager/ Manger (Administrative),0.65,0.6573352891961202
DevOps Engineer,0.716666667,0.6573098159902884
Executive/ Sr. Executive -IT,0.65,0.6572404750808647
Mechanical Engineer,0.55,0.6571535652078185
Senior iOS Engineer,0.633333333,0.6571262641849588
"System Administrator (Operation & Maintenance of Server, Storage & Service Desk System)",0.693333333,0.6571198307476769
"Executive/ Senior Executive- Trade Marketing, Hygiene Products",0.683333333,0.6570938312869363
Project Coordinator (Civil),0.65,0.6570706744695392
Mechanical Engineer,0.65,0.6570648837732589
"Manager- Human Resource Management (HRM)
",0.826666667,0.6569936087029431
Project Coordinator (Civil),0.85,0.656979002466245
AI Engineer,0.683333333,0.656914592295629
Asst. Manager/ Manger (Administrative),0.65,0.656871000974684
Executive/ Sr. Executive -IT,0.65,0.6568570900047868
Executive/ Sr. Executive -IT,0.65,0.6568397988952218
Project Coordinator (Civil),0.716666667,0.6568362225661986
Mechanical Engineer,0.35,0.6568317399096133
Management Trainee - Mechanical,0.683333333,0.6567558899091918
HR Officer,0.65,0.6566960801393316
Project Coordinator (Civil),0.65,0.6566863011349318
DevOps Engineer,0.783333333,0.6566818028758341
Sr.Officer / Executive - Internal Audit,0.65,0.6566773428324343
Executive/ Sr. Executive -IT,0.65,0.6566594387400015
Management Trainee - Mechanical,0.716666667,0.6566324893203848
Asst. Manager/ Manger (Administrative),0.716666667,0.6565431576820063
Data Engineer,0.75,0.6565154739135632
Mechanical Designer,0.716666667,0.6564114001626771
Executive - VAT,0.623333333,0.6564097431359033
DevOps Engineer,0.65,0.6563165233044604
Management Trainee - Mechanical,0.65,0.6562981924894629
Executive/ Sr. Executive -IT,0.65,0.6562807942810047
Intern (Generative AI Engineering - 2D/3D Image Generation),0.65,0.6562174834831632
Data Engineer,0.65,0.6562035444798245
Civil Engineer,0.683333333,0.6561954793283403
HR Officer,0.65,0.6561806188120748
Mechanical Designer,0.76,0.6561655654468366
Intern (Generative AI Engineering - 2D/3D Image Generation),0.85,0.6561212655031213
Executive - VAT,0.683333333,0.6559652917405766
Project Coordinator (Civil),0.65,0.6558687354191278
AI Engineer,0.716666667,0.6558509093553433
Executive/ Sr. Executive -IT,0.65,0.6558368870336622
Executive - VAT,0.85,0.6558168491102776
Senior iOS Engineer,0.65,0.6557470589044876
Data Engineer,0.716666667,0.6557200839147165
Intern (Generative AI Engineering - 2D/3D Image Generation),0.65,0.6557053955155003
Civil Engineer,0.65,0.6556817269391817
Management Trainee - Mechanical,0.6,0.6556761615737586
Sr.Officer / Executive - Internal Audit,0.683333333,0.6556694532405646
Head of Internal Control & Compliance (ICC) - SEVP/DMD,0.716666667,0.6555934828575543
Mechanical Designer,0.816666667,0.655559248662906
Executive/ Sr. Executive -IT,0.693333333,0.6555542568853697
Data Science Engineer,0.65,0.6554777716867013
Executive/ Sr. Executive -IT,0.626666667,0.6554082175315519
Executive/ Sr. Executive -IT,0.65,0.6554002093292045
Management Trainee - Mechanical,0.6,0.6553785945445053
Senior Software Engineer,0.65,0.6551841985818273
Data Science Engineer,0.533333333,0.6551127076140256
Sr.Officer / Executive - Internal Audit,0.65,0.6551054076895202
Data Engineer,0.65,0.6550857245331112
Asst. Manager/ Manger (Administrative),0.65,0.6550357277421602
Project Coordinator (Civil),0.726666667,0.6550127767528541
Senior Software Engineer,0.683333333,0.6549805238118066
"Executive/ Senior Executive- Trade Marketing, Hygiene Products",0.683333333,0.6549744948457973
Project Coordinator (Civil),0.45,0.6549185379206226
"Executive/ Senior Executive- Trade Marketing, Hygiene Products",0.65,0.654859054462816
"Manager- Human Resource Management (HRM)
",0.75,0.6548569072123243
Project Coordinator (Civil),0.65,0.6548436411519846
Site Engineer,0.55,0.6547990958368396
Data Engineer,0.65,0.6547691365970363
Intern (Generative AI Engineering - 2D/3D Image Generation),0.616666667,0.6547427511772268
Data Science Engineer,0.65,0.6547392099871258
Sr.Officer / Executive - Internal Audit,0.716666667,0.6547046722710097
Executive - VAT,0.75,0.6546869035498858
Data Engineer,0.65,0.6546102873257162
Civil Engineer,0.783333333,0.6545933647208478
Mechanical Engineer,0.65,0.6545639589149264
Data Engineer,0.45,0.6544686011795555
Management Trainee - Mechanical,0.65,0.6544139034055422
"Manager- Human Resource Management (HRM)
",0.65,0.654313875068882
Management Trainee - Mechanical,0.65,0.6542323781574698
DevOps Engineer,0.593333333,0.6541986259462407
Project Coordinator (Civil),0.683333333,0.6541368413818809
"Executive/ Senior Executive- Trade Marketing, Hygiene Products",0.62,0.6541358365380657
Civil Engineer,0.55,0.6540910754152287
"Executive/ Senior Executive- Trade Marketing, Hygiene Products",0.626666667,0.6540705344739985
DevOps Engineer,0.593333333,0.6540378020746023
DevOps Engineer,0.583333333,0.6540364464396844
Machine Learning (ML) Engineer,0.483333333,0.654027783346296
Marketing Officer,0.65,0.6539581855799078
Data Science Engineer,0.6,0.6539180088051679
Marketing Officer,0.793333333,0.6539070977687118
Head of Internal Control & Compliance (ICC) - SEVP/DMD,0.716666667,0.6537647460629437
HR Officer,0.75,0.6537383381656205
AI Engineer,0.683333333,0.653733045973364
Network Support Engineer,0.583333333,0.6537180393811182
Senior Software Engineer,0.77,0.6537045054598323
Executive - VAT,0.683333333,0.6537028535422735
Data Engineer,0.65,0.6536512059583706
Project Coordinator (Civil),0.65,0.6536144633851659
Sr.Officer / Executive - Internal Audit,0.75,0.6535758216841872
Executive/ Sr. Executive -IT,0.65,0.6535265120152827
Sr.Officer / Executive - Internal Audit,0.65,0.6535067201800558
Senior Software Engineer,0.65,0.6534571357550236
"Full Stack Developer (Python,React js)",0.65,0.6534488087458289
DevOps Engineer,0.54,0.6534262564106893
Head of Internal Control & Compliance (ICC) - SEVP/DMD,0.75,0.6534239772438268
Executive/ Sr. Executive -IT,0.65,0.6533745302065921
DevOps Engineer,0.613333333,0.6533592557610025
Data Science Engineer,0.65,0.6533273216618201
Sr.Officer / Executive - Internal Audit,0.61,0.6532500882189582
"Executive/ Senior Executive- Trade Marketing, Hygiene Products",0.65,0.6532472997170992
Senior iOS Engineer,0.45,0.6531885275932937
Sr.Officer / Executive - Internal Audit,0.683333333,0.6531583874989041
Data Science Engineer,0.65,0.6531560977006637
Sr.Officer / Executive - Internal Audit,0.683333333,0.6531346633219851
Sr.Officer / Executive - Internal Audit,0.61,0.6530834671448172
Data Engineer,0.65,0.653082413918051
Machine Learning (ML) Engineer,0.65,0.6530804464306315
Data Engineer,0.65,0.6530735850693924
Data Engineer,0.65,0.6529722119590307
"Full Stack Developer (Python,React js)",0.55,0.6529227221498262
Management Trainee - Mechanical,0.85,0.6528113403010536
"Manager- Human Resource Management (HRM)
",0.716666667,0.6527613354194897
Intern (Generative AI Engineering - 2D/3D Image Generation),0.716666667,0.6527451291019424
Data Engineer,0.6,0.6527064383865165
Sr.Officer / Executive - Internal Audit,0.65,0.6526986811420219
Management Trainee - Mechanical,0.65,0.6526602191718462
Data Engineer,0.65,0.6526598913714826
"Executive/ Senior Executive- Trade Marketing, Hygiene Products",0.65,0.6526546972069799
Sr.Officer / Executive - Internal Audit,0.683333333,0.6525930294524349
"Full Stack Developer (Python,React js)",0.606666667,0.6525881698692767
Data Science Engineer,0.716666667,0.6525563709419382
Project Coordinator (Civil),0.65,0.6525532846043465
Project Coordinator (Civil),0.65,0.6524696034807
HR Officer,0.65,0.6524403182182795
Executive - VAT,0.65,0.6524398816954906
Mechanical Engineer,0.65,0.6524282923712906
DevOps Engineer,0.75,0.6523979306618438
DevOps Engineer,0.783333333,0.6522987114228911
Senior Software Engineer,0.65,0.652250438472022
Project Coordinator (Civil),0.65,0.6522286237682422
Machine Learning (ML) Engineer,0.65,0.6521092412481168
Data Engineer,0.65,0.6520962804750255
Business Development Executive,0.65,0.6520563453798643
Executive - VAT,0.65,0.6520245389140902
"Executive/ Senior Executive- Trade Marketing, Hygiene Products",0.53,0.6520197569898045
Intern (Generative AI Engineering - 2D/3D Image Generation),0.65,0.6518692937324786
Data Engineer,0.583333333,0.6518549884357643
DevOps Engineer,0.6,0.6518372240057037
Sr.Officer / Executive - Internal Audit,0.683333333,0.651800278006936
Project Coordinator (Civil),0.3,0.651749101911239
Asst. Manager/ Manger (Administrative),0.683333333,0.6517415833005668
AI Engineer,0.633333333,0.651731899288732
Senior iOS Engineer,0.55,0.6517274689863732
Mechanical Engineer,0.693333333,0.6516828924901386
Mechanical Engineer,0.75,0.6516400429044141
DevOps Engineer,0.65,0.651627308317573
Senior iOS Engineer,0.52,0.651579283215904
Management Trainee - Mechanical,0.683333333,0.6515677353051945
HR Officer,0.75,0.6514901368578034
Marketing Officer,0.716666667,0.651489728103921
DevOps Engineer,0.65,0.6514572518486151
DevOps Engineer,0.65,0.6514478181150472
Data Engineer,0.75,0.6514385074351273
Senior iOS Engineer,0.526666667,0.6514159325731003
"Manager- Human Resource Management (HRM)
",0.683333333,0.6514101066251364
Executive - VAT,0.606666667,0.6513700188313071
Sr.Officer / Executive - Internal Audit,0.65,0.6513325616856497
Civil Engineer,0.75,0.6513243025717059
Data Science Engineer,0.543333333,0.6512736941199581
Management Trainee - Mechanical,0.65,0.6512672777594508
DevOps Engineer,0.683333333,0.6512643736774952
Data Engineer,0.716666667,0.6512156552057332
Management Trainee - Mechanical,0.65,0.6512147782520384
Data Engineer,0.683333333,0.6511945489297044
HR Officer,0.58,0.6511458289968185
"Executive/ Senior Executive- Trade Marketing, Hygiene Products",0.65,0.651104927190268
Sr.Officer / Executive - Internal Audit,0.65,0.6511041738161953
Mechanical Designer,0.75,0.6511026544772552
DevOps Engineer,0.793333333,0.6510813778690738
Executive - VAT,0.6,0.6510682397886336
"Manager- Human Resource Management (HRM)
",0.77,0.651039328366401
"System Administrator (Operation & Maintenance of Server, Storage & Service Desk System)",0.65,0.6509009314335428
Data Science Engineer,0.45,0.6508444785765451
Data Science Engineer,0.54,0.6507885696115778
DevOps Engineer,0.583333333,0.6507345126198151
Data Engineer,0.643333333,0.6506651813513306
DevOps Engineer,0.623333333,0.6506581208046586
Management Trainee - Mechanical,0.683333333,0.6506542638413887
Mechanical Designer,0.55,0.6505824614034244
Executive/ Sr. Executive -IT,0.65,0.6505489057185687
AI Engineer,0.6,0.6504509320552272
Intern (Generative AI Engineering - 2D/3D Image Generation),0.563333333,0.6504483034281038
DevOps Engineer,0.65,0.6503920085186788
Data Science Engineer,0.65,0.6503363706676424
"System Administrator (Operation & Maintenance of Server, Storage & Service Desk System)",0.65,0.6502373180384716
DevOps Engineer,0.65,0.650149865413055
Sr.Officer / Executive - Internal Audit,0.626666667,0.6501288454565022
Data Engineer,0.65,0.6500909667277173
Site Engineer,0.75,0.6500591396922689
Sr.Officer / Executive - Internal Audit,0.65,0.6500553479567752
Sr.Officer / Executive - Internal Audit,0.683333333,0.650023348136944
Data Engineer,0.65,0.649981040782016
Senior Software Engineer,0.75,0.6499521274058996
Business Development Executive,0.65,0.6499461998706832
Data Engineer,0.65,0.6498630430101077
"Full Stack Developer (Python,React js)",0.85,0.6498292681884159
Sr.Officer / Executive - Internal Audit,0.65,0.6498007417168592
Data Engineer,0.583333333,0.6497834876413572
Data Science Engineer,0.55,0.6497323212174468
Management Trainee - Mechanical,0.65,0.6496057219419821
DevOps Engineer,0.683333333,0.6495929738759934
Civil Engineer,0.683333333,0.649576752504668
AI Engineer,0.716666667,0.6495551060038666
"Executive/ Senior Executive- Trade Marketing, Hygiene Products",0.5,0.6495230802664955
Executive - VAT,0.566666667,0.6495117471687967
Sr.Officer / Executive - Internal Audit,0.606666667,0.6494218696053934
Project Coordinator (Civil),0.65,0.6494092941399582
Data Engineer,0.65,0.649297031901254
Management Trainee - Mechanical,0.683333333,0.6492769660728195
Management Trainee - Mechanical,0.65,0.6491963776658423
DevOps Engineer,0.65,0.6491819008453541
Sr.Officer / Executive - Internal Audit,0.683333333,0.6491281145563532
Head of Internal Control & Compliance (ICC) - SEVP/DMD,0.65,0.6491080961095977
Management Trainee - Mechanical,0.55,0.6490999849445038
HR Officer,0.65,0.6490741552608782
Management Trainee - Mechanical,0.44,0.649053221228934
Data Science Engineer,0.77,0.6489975245836819
Data Engineer,0.65,0.6489711446760115
Data Science Engineer,0.55,0.648943888780796
DevOps Engineer,0.65,0.6489337691408243
Data Science Engineer,0.683333333,0.6489165285556956
Project Coordinator (Civil),0.516666667,0.6488772059155277
Executive - VAT,0.65,0.6487676650479989
Data Engineer,0.65,0.6486445833135932
Machine Learning (ML) Engineer,0.683333333,0.6486055526761372
DevOps Engineer,0.716666667,0.6485070175647041
DevOps Engineer,0.716666667,0.6483627719444669
Head of Internal Control & Compliance (ICC) - SEVP/DMD,0.616666667,0.6483107980487633
Executive/ Sr. Executive -IT,0.65,0.6483067628375676
Civil Engineer,0.683333,0.6482916132936493
Executive - VAT,0.576666,0.6482112084481603
Data Engineer,0.6,0.6481573540956762
Head of Internal Control & Compliance (ICC) - SEVP/DMD,0.65,0.6481358554740455
Sr.Officer / Executive - Internal Audit,0.65,0.6481290682825503
Data Science Engineer,0.583333333,0.6481275358564896
DevOps Engineer,0.383333333,0.6480959194945091
"Manager- Human Resource Management (HRM)
",0.35,0.6480517868783329
DevOps Engineer,0.65,0.6480403630540961
Executive - VAT,0.65,0.6480323305047608
AI Engineer,0.563333333,0.6479136552194463
Executive/ Sr. Executive -IT,0.55,0.6478954133570576
Intern (Generative AI Engineering - 2D/3D Image Generation),0.5,0.6478419424118808
Marketing Officer,0.783333333,0.6478318567035471
Data Science Engineer,0.76,0.6478055968298112
DevOps Engineer,0.85,0.6478043248670364
Marketing Officer,0.683333333,0.6477959293642152
Executive/ Sr. Executive -IT,0.65,0.6477853561512507
DevOps Engineer,0.65,0.6477732191824284
Civil Engineer,0.75,0.6477717621844956
Management Trainee - Mechanical,0.683333333,0.6476595432328746
Head of Internal Control & Compliance (ICC) - SEVP/DMD,0.35,0.6476012143432766
Management Trainee - Mechanical,0.65,0.6475800853165296
Machine Learning (ML) Engineer,0.716666667,0.6475798453429965
Senior Software Engineer,0.35,0.6475632811369006
Data Science Engineer,0.736666667,0.6475448891487671
DevOps Engineer,0.546666667,0.6474671225320439
DevOps Engineer,0.65,0.6474349561377186
"Executive/ Senior Executive- Trade Marketing, Hygiene Products",0.65,0.6473825393503044
Data Science Engineer,0.513333333,0.6473370883598596
HR Officer,0.583333333,0.647300551954191
DevOps Engineer,0.65,0.6472704641042665
"Full Stack Developer (Python,React js)",0.57,0.6472577750787664
Sr.Officer / Executive - Internal Audit,0.6,0.6472120736720064
Management Trainee - Mechanical,0.5,0.6472014803725077
"Executive/ Senior Executive- Trade Marketing, Hygiene Products",0.423333333,0.6471925412119961
"Full Stack Developer (Python,React js)",0.55,0.6471874969196402
Data Engineer,0.65,0.6471467028429154
Management Trainee - Mechanical,0.65,0.6471128429750947
Machine Learning (ML) Engineer,0.583333333,0.6470719189062373
Site Engineer,0.65,0.6470450060921301
Sr.Officer / Executive - Internal Audit,0.65,0.6469913540762576
HR Officer,0.65,0.6469827318618191
DevOps Engineer,0.65,0.6469706556167716
Data Engineer,0.533333333,0.6468768877086173
Head of Internal Control & Compliance (ICC) - SEVP/DMD,0.716666667,0.6468588377728742
Management Trainee - Mechanical,0.716666667,0.6468389781780688
Project Coordinator (Civil),0.65,0.6467890260342584
"Executive/ Senior Executive- Trade Marketing, Hygiene Products",0.65,0.6467243886172847
Senior Software Engineer,0.6,0.6466655108686737
Sr.Officer / Executive - Internal Audit,0.65,0.6466256693304695
Sr.Officer / Executive - Internal Audit,0.65,0.6466134310525095
"Full Stack Developer (Python,React js)",0.576666667,0.6465973872657237
Data Engineer,0.693333333,0.6465864063293337
Project Coordinator (Civil),0.65,0.6465861736287012
Mechanical Engineer,0.65,0.6465118099472407
Executive/ Sr. Executive -IT,0.65,0.6464469902493942
Data Engineer,0.65,0.6464285502922017
Executive - VAT,0.626666667,0.6464134385320998
Executive - VAT,0.726666667,0.6463951999286984
Machine Learning (ML) Engineer,0.683333333,0.6463240364865178
"Executive/ Senior Executive- Trade Marketing, Hygiene Products",0.783333333,0.6463131307747609
Intern (Generative AI Engineering - 2D/3D Image Generation),0.516666667,0.6462434156700446
HR Officer,0.683333333,0.6462347007356655
DevOps Engineer,0.466666667,0.6462297987064
Executive/ Sr. Executive -IT,0.65,0.6462044547507102
DevOps Engineer,0.716666667,0.6461824482403398
Data Engineer,0.683333333,0.6461554079161179
Business Development Executive,0.62,0.6461409160334781
Project Coordinator (Civil),0.65,0.6460522671061902
Mechanical Designer,0.783333333,0.6460220596744866
DevOps Engineer,0.683333333,0.6460151747004989
"Full Stack Developer (Python,React js)",0.75,0.6459277582432277
AI Engineer,0.65,0.6459229976507316
Data Science Engineer,0.65,0.6459191946273475
Site Engineer,0.666666667,0.645889334970249
Civil Engineer,0.626666667,0.6458283991555083
Sr.Officer / Executive - Internal Audit,0.65,0.6458147395869016
AI Engineer,0.613333333,0.645794256255404
DevOps Engineer,0.65,0.6457750089573335
Executive - VAT,0.683333333,0.64565487265065
Machine Learning (ML) Engineer,0.643333333,0.645515868830087
Management Trainee - Mechanical,0.65,0.64546075095341
Asst. Manager/ Manger (Administrative),0.55,0.6454355477283618
HR Officer,0.716666667,0.6453765349345479
"System Administrator (Operation & Maintenance of Server, Storage & Service Desk System)",0.55,0.6452642237880053
Executive/ Sr. Executive -IT,0.65,0.6452361145298002
"System Administrator (Operation & Maintenance of Server, Storage & Service Desk System)",0.383333333,0.645201229522256
Management Trainee - Mechanical,0.683333333,0.6451728248679595
Management Trainee - Mechanical,0.683333333,0.6450827722129506
Management Trainee - Mechanical,0.65,0.6450630063386625
"Full Stack Developer (Python,React js)",0.516666667,0.6450467862621122
Mechanical Designer,0.45,0.6450084705725717
"Executive/ Senior Executive- Trade Marketing, Hygiene Products",0.553333333,0.6449982736014616
Asst. Manager/ Manger (Administrative),0.693333333,0.6449841546762772
DevOps Engineer,0.65,0.6449231286703848
Executive - VAT,0.716666667,0.6449093814366642
DevOps Engineer,0.65,0.6448947440154437
Intern (Generative AI Engineering - 2D/3D Image Generation),0.716666667,0.6448808910843876
Executive - VAT,0.6,0.6448803578093021
DevOps Engineer,0.556666667,0.6448696561376392
Civil Engineer,0.55,0.6448658538595201
"Executive/ Senior Executive- Trade Marketing, Hygiene Products",0.65,0.6448358325700955
Management Trainee - Mechanical,0.65,0.6447471100844938
Sr.Officer / Executive - Internal Audit,0.65,0.644701505120737
"System Administrator (Operation & Maintenance of Server, Storage & Service Desk System)",0.45,0.6446851094704183
Site Engineer,0.816666667,0.6446282961792016
Project Coordinator (Civil),0.65,0.6446064001523045
Intern (Generative AI Engineering - 2D/3D Image Generation),0.65,0.6445973420153628
Executive - VAT,0.533333333,0.6445833251867851
Data Engineer,0.65,0.6445536844338625
Data Engineer,0.583333333,0.644515334482771
"Executive/ Senior Executive- Trade Marketing, Hygiene Products",0.613333333,0.6445024825689127
HR Officer,0.66,0.6444701176022982
Sr.Officer / Executive - Internal Audit,0.65,0.6444335480830415
"Executive/ Senior Executive- Trade Marketing, Hygiene Products",0.65,0.6444319160457037
DevOps Engineer,0.65,0.644418226150191
Senior Software Engineer,0.583333333,0.6443487854977435
DevOps Engineer,0.583333333,0.6443436323502277
Data Engineer,0.65,0.6443247236709817
Data Engineer,0.716666667,0.6443013987011583
Senior Software Engineer,0.31,0.6443013732536322
Business Development Executive,0.66,0.6442886509742971
Executive/ Sr. Executive -IT,0.65,0.6442599246509593
"Executive/ Senior Executive- Trade Marketing, Hygiene Products",0.626666667,0.6442455414045698
Sr.Officer / Executive - Internal Audit,0.55,0.6442286697233964
DevOps Engineer,0.783333333,0.6441521502660746
DevOps Engineer,0.65,0.644138782113512
"Executive/ Senior Executive- Trade Marketing, Hygiene Products",0.65,0.6441219809145833
Business Development Executive,0.58,0.6440479624044089
DevOps Engineer,0.633333333,0.644019218352104
Intern (Generative AI Engineering - 2D/3D Image Generation),0.65,0.644006402240225
"Executive/ Senior Executive- Trade Marketing, Hygiene Products",0.683333333,0.6439821220349667
Site Engineer,0.65,0.643890036615905
"Manager- Human Resource Management (HRM)
",0.75,0.6438897805608024
Site Engineer,0.583333333,0.6438828460233845
Data Engineer,0.683333333,0.6438819388642906
Sr.Officer / Executive - Internal Audit,0.65,0.643822608853089
DevOps Engineer,0.65,0.6438094779636934
"Full Stack Developer (Python,React js)",0.65,0.6438054805636354
"Executive/ Senior Executive- Trade Marketing, Hygiene Products",0.65,0.6437724907818235
Executive - VAT,0.683333333,0.6437691951370254
Sr.Officer / Executive - Internal Audit,0.816666667,0.6437683795808699
Data Engineer,0.75,0.6437226034579047
"Full Stack Developer (Python,React js)",0.46,0.6437219802543711
Project Coordinator (Civil),0.45,0.6435893181506074
Management Trainee - Mechanical,0.716666667,0.6435316715262558
Marketing Officer,0.65,0.6434993234025803
Machine Learning (ML) Engineer,0.533333333,0.6434882952788816
"Manager- Human Resource Management (HRM)
",0.726666667,0.6434811338035703
Data Engineer,0.683333333,0.6434425983321825
Sr.Officer / Executive - Internal Audit,0.65,0.6434399956432336
Executive/ Sr. Executive -IT,0.65,0.6434199082626313
Project Coordinator (Civil),0.65,0.643239304090754
DevOps Engineer,0.65,0.6432318762664716
Data Science Engineer,0.683333333,0.6432093354329032
Executive - VAT,0.626666667,0.6431948818056615
Project Coordinator (Civil),0.65,0.6431362007712202
Data Engineer,0.65,0.643133797975359
"Full Stack Developer (Python,React js)",0.65,0.6430502163918118
"Executive/ Senior Executive- Trade Marketing, Hygiene Products",0.65,0.6430447345921564
Sr.Officer / Executive - Internal Audit,0.65,0.6430429875166443
Marketing Officer,0.75,0.6430354813458857
Data Engineer,0.65,0.6430344912244627
Executive/ Sr. Executive -IT,0.65,0.64303057947759
Executive/ Sr. Executive -IT,0.65,0.643000149127878
Project Coordinator (Civil),0.65,0.6429182801337125
Executive - VAT,0.626666667,0.6429037135849406
AI Engineer,0.65,0.6428241945894246
Sr.Officer / Executive - Internal Audit,0.65,0.6427997375060672
Project Coordinator (Civil),0.683333333,0.6427926675595372
Senior Software Engineer,0.716666667,0.6427284388584354
Sr.Officer / Executive - Internal Audit,0.683333333,0.642551599158462
Project Coordinator (Civil),0.65,0.642520761318306
Management Trainee - Mechanical,0.783333333,0.6425191902110692
Mechanical Engineer,0.65,0.6424927543399775
Site Engineer,0.65,0.6424785589393087
Data Science Engineer,0.683333333,0.6424592652131864
Executive - VAT,0.65,0.6424302639216197
Management Trainee - Mechanical,0.716666667,0.6423065408469909
Senior Software Engineer,0.65,0.6422987435395304
Senior Software Engineer,0.6,0.6422929470146442
Project Coordinator (Civil),0.65,0.642195690731355
Executive - VAT,0.65,0.642186815130935
Data Engineer,0.6,0.6421586792890251
"Executive/ Senior Executive- Trade Marketing, Hygiene Products",0.65,0.6420747258649058
DevOps Engineer,0.85,0.6420051141988469
Sr.Officer / Executive - Internal Audit,0.606666667,0.641995522989805
"Manager- Human Resource Management (HRM)
",0.573333333,0.6419684756351394
"Full Stack Developer (Python,React js)",0.523333333,0.6419240216340858
Marketing Officer,0.683333333,0.641916456957768
"Manager- Human Resource Management (HRM)
",0.506666667,0.6418744848268941
DevOps Engineer,0.683333333,0.6418313611208784
"Executive/ Senior Executive- Trade Marketing, Hygiene Products",0.65,0.6417730428106128
Mechanical Engineer,0.65,0.6417470961344797
"Executive/ Senior Executive- Trade Marketing, Hygiene Products",0.683333333,0.6416541757291832
HR Officer,0.716666667,0.6416231125089144
DevOps Engineer,0.716666667,0.6415598406918427
DevOps Engineer,0.783333333,0.6414761994185266
Executive - VAT,0.65,0.6414467720638966
DevOps Engineer,0.75,0.6414427772595448
DevOps Engineer,0.65,0.6414063286876049
"Manager- Human Resource Management (HRM)
",0.693333333,0.6413894190237415
Executive - VAT,0.633333333,0.6413699858200286
Civil Engineer,0.716666667,0.6412342953599945
Data Engineer,0.65,0.64117695616475
Sr.Officer / Executive - Internal Audit,0.423333333,0.6411157312934913
Site Engineer,0.726666667,0.6410685423827664
Executive/ Sr. Executive -IT,0.683333333,0.6410269622880187
Project Coordinator (Civil),0.5,0.6409966046031443
Management Trainee - Mechanical,0.716666667,0.640980591642688
Sr.Officer / Executive - Internal Audit,0.65,0.6409727373576394
Executive - VAT,0.65,0.6409626133945879
"Executive/ Senior Executive- Trade Marketing, Hygiene Products",0.516666667,0.6409210596106862
Executive - VAT,0.822222,0.6408445039886297
"Full Stack Developer (Python,React js)",0.65,0.6408322150444945
"Full Stack Developer (Python,React js)",0.65,0.6408296281616909
DevOps Engineer,0.683333333,0.6407588679835394
Management Trainee - Mechanical,0.683333333,0.6407270527280741
HR Officer,0.816666667,0.6406195628459732
HR Officer,0.65,0.6405430279059
Sr.Officer / Executive - Internal Audit,0.683333333,0.6405192399826269
Civil Engineer,0.65,0.6404832920865643
Data Engineer,0.65,0.6403845248783475
Marketing Officer,0.45,0.6403302535226564
Management Trainee - Mechanical,0.626666667,0.6401372099825711
"Executive/ Senior Executive- Trade Marketing, Hygiene Products",0.65,0.6401328685683175
Sr.Officer / Executive - Internal Audit,0.65,0.6401314094536636
Intern (Generative AI Engineering - 2D/3D Image Generation),0.65,0.6400931296845898
"Manager- Human Resource Management (HRM)
",0.65,0.6399813678920521
Project Coordinator (Civil),0.643333333,0.6399572041614712
"Executive/ Senior Executive- Trade Marketing, Hygiene Products",0.55,0.6398706805724685
Marketing Officer,0.783333333,0.6397976205423385
DevOps Engineer,0.65,0.6397727687982565
Project Coordinator (Civil),0.65,0.639738745326417
Project Coordinator (Civil),0.65,0.6396820709323077
Management Trainee - Mechanical,0.583333333,0.6395355993168216
Sr.Officer / Executive - Internal Audit,0.65,0.639472593342679
Senior iOS Engineer,0.563333333,0.6393831054310293
Mechanical Designer,0.783333333,0.6393788735638583
Asst. Manager/ Manger (Administrative),0.65,0.6393459804358129
Network Support Engineer,0.516666667,0.6393247754889628
Sr.Officer / Executive - Internal Audit,0.623333333,0.6393092514669817
Executive - VAT,0.65,0.6392734988612676
Mechanical Designer,0.65,0.6392642367899698
Civil Engineer,0.673333333,0.6392497323436536
Business Development Executive,0.716666667,0.6392187090921782
Executive - VAT,0.65,0.6392040742668926
Data Engineer,0.683333333,0.6391170797772786
DevOps Engineer,0.65,0.639090997211188
Executive - VAT,0.65,0.639073288891674
HR Officer,0.616666667,0.6390025910166074
Management Trainee - Mechanical,0.626666667,0.638999821415922
Project Coordinator (Civil),0.55,0.6389813918047523
Management Trainee - Mechanical,0.62,0.6389128578097475
Data Engineer,0.716666667,0.6388619422775644
Project Coordinator (Civil),0.65,0.6388615372132106
DevOps Engineer,0.683333333,0.6387858344620888
DevOps Engineer,0.6,0.6387363427611138
Mechanical Designer,0.716666667,0.6387348152867874
"Executive/ Senior Executive- Trade Marketing, Hygiene Products",0.596666667,0.638691810384977
Head of Internal Control & Compliance (ICC) - SEVP/DMD,0.693333333,0.6386717031039589
DevOps Engineer,0.683333333,0.6386534968394466
Senior iOS Engineer,0.6,0.6386321936673967
"Full Stack Developer (Python,React js)",0.683333333,0.6386062655775485
"Full Stack Developer (Python,React js)",0.683333333,0.6385307034525418
Head of Internal Control & Compliance (ICC) - SEVP/DMD,0.666666667,0.6384664388547173
"Manager- Human Resource Management (HRM)
",0.683333333,0.6384516443094763
"Manager- Human Resource Management (HRM)
",0.683333333,0.6382535469449113
Management Trainee - Mechanical,0.506666667,0.6382458459387257
Marketing Officer,0.65,0.638226935251885
Sr.Officer / Executive - Internal Audit,0.65,0.6382089121698596
Management Trainee - Mechanical,0.636666667,0.6382083483142045
"Executive/ Senior Executive- Trade Marketing, Hygiene Products",0.583333333,0.6380888010510162
Mechanical Engineer,0.783333333,0.6379472604243662
Site Engineer,0.6,0.637943686398092
Senior Software Engineer,0.35,0.6379369027126937
HR Officer,0.6,0.6379166441717802
Senior Software Engineer,0.683333333,0.6379123301054905
Data Engineer,0.65,0.6378867366135998
"Executive/ Senior Executive- Trade Marketing, Hygiene Products",0.623333333,0.6378865284815536
Data Science Engineer,0.683333333,0.637882946721439
HR Officer,0.606666667,0.6378800194240258
Executive/ Sr. Executive -IT,0.65,0.6378542110532149
"Executive/ Senior Executive- Trade Marketing, Hygiene Products",0.613333333,0.6378325690380036
Data Engineer,0.683333333,0.6377809842170674
Project Coordinator (Civil),0.683333333,0.6377668123126459
Site Engineer,0.726666667,0.6377622699943173
HR Officer,0.6,0.6377507365675666
Management Trainee - Mechanical,0.61,0.6377415821329638
Mechanical Engineer,0.693333333,0.6376233047298734
Data Engineer,0.65,0.6376073844800103
"Manager- Human Resource Management (HRM)
",0.75,0.637449068450317
HR Officer,0.563333333,0.637419431781372
Project Coordinator (Civil),0.65,0.6373123953717907
HR Officer,0.65,0.6373031566956845
Machine Learning (ML) Engineer,0.25,0.6371520380164896
DevOps Engineer,0.65,0.6371338065408861
Data Science Engineer,0.45,0.6370188388422742
Sr.Officer / Executive - Internal Audit,0.65,0.6370115901676113
Executive - VAT,0.64,0.6369567542501497
Intern (Generative AI Engineering - 2D/3D Image Generation),0.683333333,0.6369342617882887
Sr.Officer / Executive - Internal Audit,0.65,0.63692490241699
Executive - VAT,0.65,0.6369183037696746
Project Coordinator (Civil),0.693333333,0.636914122742377
Civil Engineer,0.75,0.6367924907866087
Project Coordinator (Civil),0.65,0.6367791755343093
Marketing Officer,0.783333333,0.6367671087034715
HR Officer,0.65,0.6367608802949063
"Executive/ Senior Executive- Trade Marketing, Hygiene Products",0.596666667,0.6367580184291487
Senior iOS Engineer,0.606666667,0.6366613043341569
Mechanical Engineer,0.65,0.6366465164613928
Head of Internal Control & Compliance (ICC) - SEVP/DMD,0.676666667,0.636641796110748
Machine Learning (ML) Engineer,0.55,0.6366163229666832
Business Development Executive,0.77,0.6366138519116898
Intern (Generative AI Engineering - 2D/3D Image Generation),0.61,0.6365738632827778
Executive/ Sr. Executive -IT,0.55,0.6364991442925169
Senior iOS Engineer,0.6,0.6364914084999455
Sr.Officer / Executive - Internal Audit,0.65,0.6364826386997737
Executive - VAT,0.493333333,0.6364531231819446
Data Science Engineer,0.65,0.6364130108891638
Site Engineer,0.75,0.6361303258433482
Management Trainee - Mechanical,0.716666667,0.6361245148333071
Executive - VAT,0.65,0.6360203171007509
Data Engineer,0.65,0.6359646611967855
Sr.Officer / Executive - Internal Audit,0.65,0.6359382243756138
Data Engineer,0.683333333,0.6358916678259251
Executive - VAT,0.716666667,0.6358116014749501
Executive/ Sr. Executive -IT,0.65,0.6358073185968232
"Full Stack Developer (Python,React js)",0.59,0.635769807842841
HR Officer,0.62,0.6357570635521906
Senior iOS Engineer,0.6,0.6357052206159842
HR Officer,0.716666667,0.6357045060493843
Executive - VAT,0.783333333,0.6356366143894292
Marketing Officer,0.5,0.6355912510081717
"Full Stack Developer (Python,React js)",0.65,0.6354943094986945
"Full Stack Developer (Python,React js)",0.466666667,0.6354840723379126
Data Engineer,0.683333333,0.6354089875633071
Executive - VAT,0.516666667,0.6353906942197118
"Manager- Human Resource Management (HRM)
",0.75,0.6352955808178279
Head of Internal Control & Compliance (ICC) - SEVP/DMD,0.65,0.6352700263458018
Sr.Officer / Executive - Internal Audit,0.626666667,0.6352637493712022
Senior Software Engineer,0.576666,0.6352401862863256
Civil Engineer,0.683333333,0.6352359813583169
Machine Learning (ML) Engineer,0.683333333,0.6351961463036736
Executive - VAT,0.65,0.6351684740586194
HR Officer,0.65,0.6351595727362848
Sr.Officer / Executive - Internal Audit,0.62,0.6350667238044587
Sr.Officer / Executive - Internal Audit,0.683333333,0.6350494861063728
"Executive/ Senior Executive- Trade Marketing, Hygiene Products",0.62,0.6349281450364604
Senior Software Engineer,0.55,0.6348553198186372
Project Coordinator (Civil),0.65,0.634664964167524
"System Administrator (Operation & Maintenance of Server, Storage & Service Desk System)",0.65,0.634579777721413
Executive - VAT,0.683333333,0.6345781520252637
Senior Software Engineer,0.546666667,0.6345234115966696
Intern (Generative AI Engineering - 2D/3D Image Generation),0.613333333,0.6345188726128134
Data Engineer,0.716666667,0.634492475955416
DevOps Engineer,0.683333333,0.634432473767829
DevOps Engineer,0.62,0.6344184675382303
"Manager- Human Resource Management (HRM)
",0.35,0.6343995272544625
Project Coordinator (Civil),0.65,0.6343325152442025
Data Engineer,0.65,0.6343088616671775
Sr.Officer / Executive - Internal Audit,0.62,0.6343008344078965
Marketing Officer,0.536666667,0.6342348074599808
Sr.Officer / Executive - Internal Audit,0.65,0.634234306701487
Business Development Executive,0.783333333,0.6341629246165302
Senior Software Engineer,0.633333333,0.6341109472158043
Data Engineer,0.65,0.6340834341522379
Sr.Officer / Executive - Internal Audit,0.62,0.6340701623416211
Data Engineer,0.65,0.6339694354169649
Management Trainee - Mechanical,0.683333333,0.6339610506447934
Business Development Executive,0.816666667,0.6339590272715094
DevOps Engineer,0.65,0.6339444979503109
"Executive/ Senior Executive- Trade Marketing, Hygiene Products",0.683333333,0.6338517500920517
Executive/ Sr. Executive -IT,0.736666667,0.6338455121556129
Asst. Manager/ Manger (Administrative),0.483333333,0.633831006440529
Project Coordinator (Civil),0.65,0.6338281751435723
"Full Stack Developer (Python,React js)",0.65,0.6337965094962417
Sr.Officer / Executive - Internal Audit,0.683333333,0.6337128197015328
Project Coordinator (Civil),0.65,0.6336176746064026
Senior Software Engineer,0.62,0.6335998138585078
Senior Software Engineer,0.65,0.6334368589837747
Management Trainee - Mechanical,0.65,0.6333818608546994
Machine Learning (ML) Engineer,0.583333333,0.6333573115054411
"Manager- Human Resource Management (HRM)
",0.77,0.6333447083188436
DevOps Engineer,0.75,0.633343778673627
Civil Engineer,0.716666667,0.6333340547733068
Business Development Executive,0.65,0.6333248372345305
Data Science Engineer,0.736666667,0.633321305942971
Network Support Engineer,0.43,0.6332793315466723
Management Trainee - Mechanical,0.556666667,0.6332658333416691
Executive - VAT,0.683333333,0.6332442300762015
Senior Software Engineer,0.65,0.6332429303359295
"System Administrator (Operation & Maintenance of Server, Storage & Service Desk System)",0.65,0.633216898398502
Machine Learning (ML) Engineer,0.583333333,0.6332125359256675
Site Engineer,0.57,0.6331546584699146
Executive - VAT,0.62,0.6331258092087938
Executive - VAT,0.683333333,0.6330483036100364
Management Trainee - Mechanical,0.65,0.6329967115041015
DevOps Engineer,0.65,0.6329909848276433
Executive - VAT,0.62,0.6329482259320023
Executive/ Sr. Executive -IT,0.65,0.6328171498277537
Data Science Engineer,0.65,0.6328101922316788
Data Science Engineer,0.516666667,0.6326727299041488
Executive/ Sr. Executive -IT,0.65,0.6326252764634308
DevOps Engineer,0.683333333,0.6326040509775922
Management Trainee - Mechanical,0.62,0.6325725629492842
Management Trainee - Mechanical,0.603333333,0.6324830509485304
DevOps Engineer,0.616666667,0.6324693766753948
DevOps Engineer,0.683333333,0.6324463804230259
Project Coordinator (Civil),0.65,0.6324303938786684
Data Engineer,0.683333333,0.6323930354639828
Data Science Engineer,0.726666667,0.6323523318269824
DevOps Engineer,0.803333333,0.6323176468883671
Executive - VAT,0.626666667,0.63230878957992
Data Engineer,0.75,0.6322845129681127
Sr.Officer / Executive - Internal Audit,0.526666667,0.6322697473542118
Data Engineer,0.716666667,0.6322223182057868
Marketing Officer,0.683333333,0.632195951319587
Marketing Officer,0.75,0.632109342460537
Senior Software Engineer,0.433333333,0.6321019608242174
DevOps Engineer,0.65,0.6320643498979109
Marketing Officer,0.75,0.6320557205396846
DevOps Engineer,0.683333333,0.6319239346966972
Management Trainee - Mechanical,0.58,0.6319223599575312
Project Coordinator (Civil),0.65,0.6319079823627696
Management Trainee - Mechanical,0.626666667,0.6318557029831056
"Manager- Human Resource Management (HRM)
",0.483333333,0.631844418586586
DevOps Engineer,0.6,0.6318076548215165
Sr.Officer / Executive - Internal Audit,0.716666667,0.6318012846269988
Executive - VAT,0.613333333,0.6317932531173313
Business Development Executive,0.716666667,0.6317894759500812
"System Administrator (Operation & Maintenance of Server, Storage & Service Desk System)",0.55,0.6317231055296468
HR Officer,0.583333333,0.6316577992507756
Sr.Officer / Executive - Internal Audit,0.623333333,0.6316283288493051
Intern (Generative AI Engineering - 2D/3D Image Generation),0.6,0.63154711048748
Machine Learning (ML) Engineer,0.65,0.6315173979382517
Sr.Officer / Executive - Internal Audit,0.65,0.6314858012558775
Marketing Officer,0.683333333,0.6314789619734376
Senior Software Engineer,0.65,0.63135477254004
Marketing Officer,0.75,0.6312713812614412
Data Science Engineer,0.54,0.6312651449237847
Management Trainee - Mechanical,0.65,0.631257146254121
Data Engineer,0.583333333,0.6312244841443851
Project Coordinator (Civil),0.65,0.6312181105030312
Project Coordinator (Civil),0.683333333,0.6311794358556526
Sr.Officer / Executive - Internal Audit,0.75,0.6311421972185904
Sr.Officer / Executive - Internal Audit,0.65,0.6310709776379763
Executive - VAT,0.56,0.6309865224424596
Mechanical Engineer,0.76,0.6309603843088234
DevOps Engineer,0.716666667,0.6308620295594516
Machine Learning (ML) Engineer,0.45,0.6308366852452675
DevOps Engineer,0.65,0.6306924744050783
Network Support Engineer,0.55,0.6306918562532429
Asst. Manager/ Manger (Administrative),0.35,0.6305797082253227
DevOps Engineer,0.65,0.6304676570331514
Management Trainee - Mechanical,0.75,0.6303783826854018
"Manager- Human Resource Management (HRM)
",0.783333333,0.6303588114874835
HR Officer,0.616666667,0.6303234344904475
Marketing Officer,0.68,0.6302990571108608
Management Trainee - Mechanical,0.58,0.6302825271704716
Data Engineer,0.616666667,0.6302729874566453
Senior iOS Engineer,0.65,0.6302714560096843
DevOps Engineer,0.75,0.6302433180611945
"Executive/ Senior Executive- Trade Marketing, Hygiene Products",0.65,0.6302366461486628
Sr.Officer / Executive - Internal Audit,0.65,0.6302222973271154
Mechanical Designer,0.793333333,0.6301770137048683
Asst. Manager/ Manger (Administrative),0.383333333,0.6301669495739969
Project Coordinator (Civil),0.483333333,0.6301140044158258
Business Development Executive,0.65,0.6300930368201639
Data Engineer,0.583333333,0.6300716583570718
Project Coordinator (Civil),0.65,0.6300515352812112
Executive/ Sr. Executive -IT,0.45,0.6300443309211765
Data Engineer,0.35,0.6300394268120002
Business Development Executive,0.736666667,0.6300248731327368
Management Trainee - Mechanical,0.716666667,0.6299803349802042
Head of Internal Control & Compliance (ICC) - SEVP/DMD,0.55,0.6299573447640486
Executive/ Sr. Executive -IT,0.483333333,0.629917706726214
"Full Stack Developer (Python,React js)",0.55,0.6298616872634085
Data Engineer,0.65,0.6297887037371235
"Executive/ Senior Executive- Trade Marketing, Hygiene Products",0.626666667,0.6297679613739211
"Full Stack Developer (Python,React js)",0.6,0.6297295966490806
Executive - VAT,0.65,0.6297259821741852
Data Engineer,0.683333333,0.629529534908153
Management Trainee - Mechanical,0.65,0.6294649042816608
Sr.Officer / Executive - Internal Audit,0.6,0.6294418809404358
Marketing Officer,0.62,0.6294265900802384
Project Coordinator (Civil),0.65,0.6293738889803532
Executive/ Sr. Executive -IT,0.716666667,0.6293478854298838
Management Trainee - Mechanical,0.61,0.6292688804866488
Site Engineer,0.583333333,0.6292173341931627
Marketing Officer,0.716666667,0.6292119946358922
Executive - VAT,0.65,0.629178403585503
Data Engineer,0.65,0.6291372509480426
Head of Internal Control & Compliance (ICC) - SEVP/DMD,0.583333333,0.6291169918191938
Senior iOS Engineer,0.85,0.6291067879967804
Senior Software Engineer,0.61,0.6291022591404722
"Executive/ Senior Executive- Trade Marketing, Hygiene Products",0.65,0.6291022429674796
Data Science Engineer,0.65,0.6290562803934703
Mechanical Designer,0.716666667,0.6290493432182642
Mechanical Engineer,0.683333333,0.629018588447955
AI Engineer,0.506666667,0.6290098489479681
Data Science Engineer,0.6,0.6289984205380088
Management Trainee - Mechanical,0.633333333,0.6288733614367421
DevOps Engineer,0.613333333,0.6288553214133601
Project Coordinator (Civil),0.65,0.6288364677457209
Mechanical Engineer,0.75,0.6287952329751394
Business Development Executive,0.683333333,0.6287756979574103
Network Support Engineer,0.55,0.628775358384106
Sr.Officer / Executive - Internal Audit,0.65,0.6287113624498212
Executive - VAT,0.65,0.6286877388447384
HR Officer,0.566666667,0.6286816903431743
HR Officer,0.5,0.6286812732022565
Data Engineer,0.55,0.6285056625546948
Sr.Officer / Executive - Internal Audit,0.623333333,0.6283762730398502
Data Engineer,0.583333333,0.6283618760617035
Senior Software Engineer,0.816666667,0.6283000052791549
DevOps Engineer,0.576666667,0.6281645786102157
Site Engineer,0.65,0.6280933942934566
Data Engineer,0.65,0.6280931044896167
Management Trainee - Mechanical,0.65,0.6280748432216171
DevOps Engineer,0.716666667,0.6280748178906929
Site Engineer,0.59,0.6280479185095719
"Executive/ Senior Executive- Trade Marketing, Hygiene Products",0.626666667,0.6280420094878021
Data Engineer,0.55,0.6279922306415541
Data Science Engineer,0.65,0.6279861045940868
Data Engineer,0.65,0.6279648275030029
Site Engineer,0.616666667,0.627942033762039
Sr.Officer / Executive - Internal Audit,0.62,0.6278815135124498
Management Trainee - Mechanical,0.623333333,0.6277698559450154
Business Development Executive,0.55,0.6277577158095392
"Manager- Human Resource Management (HRM)
",0.75,0.6277295774603031
Management Trainee - Mechanical,0.623333333,0.6277039685236412
Senior Software Engineer,0.35,0.6276436734298957
DevOps Engineer,0.556666667,0.6273973936004567
Project Coordinator (Civil),0.65,0.6273724291237441
Executive/ Sr. Executive -IT,0.483333333,0.6273300826157886
"Manager- Human Resource Management (HRM)
",0.583333333,0.6272639805243925
Project Coordinator (Civil),0.683333333,0.6271667769268122
Sr.Officer / Executive - Internal Audit,0.65,0.6270741347986246
Machine Learning (ML) Engineer,0.65,0.6270635958280184
"Executive/ Senior Executive- Trade Marketing, Hygiene Products",0.373333333,0.6270493458898742
DevOps Engineer,0.683333333,0.6270111905043847
Management Trainee - Mechanical,0.65,0.6269907019447986
Executive - VAT,0.65,0.6269443176826127
Network Support Engineer,0.65,0.6269370774634287
HR Officer,0.55,0.6269298165627378
"Full Stack Developer (Python,React js)",0.533333333,0.6269066084330823
Executive - VAT,0.693333333,0.6268525879157354
Sr.Officer / Executive - Internal Audit,0.55,0.6268137582525671
DevOps Engineer,0.65,0.6266853719255758
Data Engineer,0.693333333,0.626678534743886
Executive - VAT,0.716666667,0.6265870740273858
Project Coordinator (Civil),0.65,0.6265537186114787
Executive - VAT,0.65,0.6265495550071539
Senior Software Engineer,0.583333333,0.6262840715330754
DevOps Engineer,0.626666667,0.6262701032069496
DevOps Engineer,0.65,0.6262367937261589
Machine Learning (ML) Engineer,0.493333333,0.6261993672927286
Intern (Generative AI Engineering - 2D/3D Image Generation),0.45,0.6261837810936356
Data Engineer,0.65,0.6261300055322715
Sr.Officer / Executive - Internal Audit,0.65,0.6260746657968248
Data Engineer,0.65,0.6260184745368894
"System Administrator (Operation & Maintenance of Server, Storage & Service Desk System)",0.45,0.6259072760310551
Data Science Engineer,0.583333333,0.6259013680253994
"Manager- Human Resource Management (HRM)
",0.683333333,0.6258932054509699
Sr.Officer / Executive - Internal Audit,0.576666667,0.6258865827574588
Data Engineer,0.616666667,0.6258851314351858
Sr.Officer / Executive - Internal Audit,0.61,0.6257605256202388
DevOps Engineer,0.716666667,0.6254996784113942
Management Trainee - Mechanical,0.683333333,0.6254925195801722
Management Trainee - Mechanical,0.596666667,0.6254820226170122
Mechanical Engineer,0.283333333,0.6254728468492349
Civil Engineer,0.65,0.6253682281130526
Sr.Officer / Executive - Internal Audit,0.65,0.6253608945969708
Mechanical Engineer,0.45,0.6253383843691058
Marketing Officer,0.6,0.6252544844079934
Executive - VAT,0.693333333,0.6251531461135881
Senior Software Engineer,0.583333333,0.6250843322389107
Project Coordinator (Civil),0.283333333,0.625056747861345
Management Trainee - Mechanical,0.62,0.6249499302585639
Management Trainee - Mechanical,0.65,0.6249421540373764
Data Engineer,0.55,0.6249219371756347
Marketing Officer,0.716666667,0.6248902338441279
Project Coordinator (Civil),0.483333333,0.6248678971387299
Project Coordinator (Civil),0.65,0.6248317053458619
Marketing Officer,0.75,0.6247972726788439
Mechanical Designer,0.65,0.6245738745722953
Business Development Executive,0.716666667,0.6245679376137381
Head of Internal Control & Compliance (ICC) - SEVP/DMD,0.516666667,0.6245589714184772
Project Coordinator (Civil),0.65,0.6245335280260087
Sr.Officer / Executive - Internal Audit,0.65,0.6244811992311886
Head of Internal Control & Compliance (ICC) - SEVP/DMD,0.4,0.6244248917591471
Civil Engineer,0.716666667,0.6244175348807666
DevOps Engineer,0.55,0.624372818473129
Project Coordinator (Civil),0.616666667,0.6243481903799267
DevOps Engineer,0.54,0.6243088859126872
Management Trainee - Mechanical,0.62,0.6243053661839542
Sr.Officer / Executive - Internal Audit,0.556666667,0.6242714572621075
Business Development Executive,0.783333333,0.624139522357201
Senior iOS Engineer,0.35,0.624086097738657
AI Engineer,0.56,0.6240589639283386
Marketing Officer,0.643333333,0.6240056656769621
Sr.Officer / Executive - Internal Audit,0.536666667,0.6239972771677579
"Executive/ Senior Executive- Trade Marketing, Hygiene Products",0.65,0.6239674881202296
Project Coordinator (Civil),0.65,0.6239449745717116
HR Officer,0.816666667,0.6239412061624279
Mechanical Engineer,0.75,0.6238998522060774
Senior iOS Engineer,0.35,0.6238540532068771
Sr.Officer / Executive - Internal Audit,0.593333333,0.6238447386321746
"Executive/ Senior Executive- Trade Marketing, Hygiene Products",0.49,0.6238035346658787
Intern (Generative AI Engineering - 2D/3D Image Generation),0.55,0.6237234163720105
Executive - VAT,0.613333333,0.6237019385944707
Sr.Officer / Executive - Internal Audit,0.62,0.6236118273218941
Data Engineer,0.516666667,0.6235552461417428
Project Coordinator (Civil),0.65,0.6235012595286862
Machine Learning (ML) Engineer,0.43,0.6234521577014731
Marketing Officer,0.65,0.623433756066408
Civil Engineer,0.75,0.6233945745498872
Business Development Executive,0.716666667,0.6233526852405039
Management Trainee - Mechanical,0.516666667,0.6232793691518571
Executive - VAT,0.55,0.623271128033549
DevOps Engineer,0.556666667,0.6232164517550003
Executive - VAT,0.65,0.6232044900346212
Executive - VAT,0.65,0.6231969965962832
Project Coordinator (Civil),0.65,0.6231723401004936
"Executive/ Senior Executive- Trade Marketing, Hygiene Products",0.85,0.6230370750667203
Data Engineer,0.623333333,0.6229697310700811
Marketing Officer,0.643333333,0.6228877309886749
Executive - VAT,0.483333333,0.6228159827597426
"Manager- Human Resource Management (HRM)
",0.35,0.6227980536950517
DevOps Engineer,0.55,0.6226880764209715
Senior iOS Engineer,0.35,0.6226631150478015
Intern (Generative AI Engineering - 2D/3D Image Generation),0.5,0.622646643919842
Sr.Officer / Executive - Internal Audit,0.65,0.62264540224093
Project Coordinator (Civil),0.65,0.6226167942683097
Mechanical Engineer,0.673333333,0.6225373451904127
"Full Stack Developer (Python,React js)",0.45,0.6225302408303972
Project Coordinator (Civil),0.783333333,0.6224997184545344
Marketing Officer,0.583333,0.6224307247504318
Marketing Officer,0.65,0.6224064224882615
Civil Engineer,0.716666667,0.6223714926986219
Intern (Generative AI Engineering - 2D/3D Image Generation),0.583333333,0.6222454926270498
Data Engineer,0.65,0.6222429726469817
Executive - VAT,0.65,0.6222211875548812
DevOps Engineer,0.85,0.6222193375781218
"Manager- Human Resource Management (HRM)
",0.65,0.6221652586026732
Sr.Officer / Executive - Internal Audit,0.683333333,0.6219527944416792
"Full Stack Developer (Python,React js)",0.523333333,0.6219415020212276
HR Officer,0.75,0.6218117452106925
Senior iOS Engineer,0.5,0.6217813816302946
Project Coordinator (Civil),0.35,0.6217362272150678
Mechanical Engineer,0.716666667,0.6217016390263979
Business Development Executive,0.75,0.6215759655251811
DevOps Engineer,0.6,0.6215756312616482
HR Officer,0.65,0.6215745898832666
Data Engineer,0.55,0.6215214528788687
Civil Engineer,0.6,0.6214748165059774
Executive/ Sr. Executive -IT,0.45,0.6214603818249315
Sr.Officer / Executive - Internal Audit,0.576666667,0.6214087214945025
Executive - VAT,0.65,0.6214039021322957
Executive/ Sr. Executive -IT,0.606666667,0.6213578084739669
Sr.Officer / Executive - Internal Audit,0.683333333,0.6213234703785072
Executive - VAT,0.65,0.6211490311176457
DevOps Engineer,0.553333333,0.6211368890838123
DevOps Engineer,0.616666667,0.6211246636710616
Marketing Officer,0.66,0.6211037403454056
Executive - VAT,0.623333333,0.6208944719160372
Management Trainee - Mechanical,0.65,0.6208646337936059
Head of Internal Control & Compliance (ICC) - SEVP/DMD,0.716666667,0.6208474112307446
"Manager- Human Resource Management (HRM)
",0.76,0.6208310066020495
Senior Software Engineer,0.45,0.62078776418921
Executive - VAT,0.65,0.6206612057937412
DevOps Engineer,0.65,0.6206505931300677
Senior Software Engineer,0.45,0.6205772442481731
Head of Internal Control & Compliance (ICC) - SEVP/DMD,0.65,0.620556205548717
Intern (Generative AI Engineering - 2D/3D Image Generation),0.716666667,0.6205545392273842
HR Officer,0.583333333,0.6204844567666401
Project Coordinator (Civil),0.65,0.6204564480275417
Sr.Officer / Executive - Internal Audit,0.683333333,0.6204282122902899
Senior iOS Engineer,0.35,0.6204108034372274
Data Engineer,0.683333333,0.6204012803821973
Management Trainee - Mechanical,0.65,0.6203364972194026
"Executive/ Senior Executive- Trade Marketing, Hygiene Products",0.583333333,0.6202342785358665
Management Trainee - Mechanical,0.626666667,0.6201464668012232
Executive - VAT,0.65,0.6201056400770338
Mechanical Engineer,0.65,0.6200997053123166
Mechanical Designer,0.643333333,0.6200589233894295
Mechanical Engineer,0.55,0.6200208137845786
Data Engineer,0.546666667,0.6200091747804309
Project Coordinator (Civil),0.65,0.6199777551890333
Management Trainee - Mechanical,0.683333333,0.6199345750289925
Executive - VAT,0.683333333,0.6199141100711348
Executive - VAT,0.65,0.6197440684576775
Sr.Officer / Executive - Internal Audit,0.683333333,0.61973211710279
Executive/ Sr. Executive -IT,0.45,0.6196629708919782
Executive - VAT,0.55,0.6195859831372934
Sr.Officer / Executive - Internal Audit,0.623333333,0.6195550865261655
Marketing Officer,0.85,0.6195293713094612
Data Science Engineer,0.826666667,0.6195186365157334
AI Engineer,0.55,0.6194288724655311
Project Coordinator (Civil),0.65,0.6193799257548994
Sr.Officer / Executive - Internal Audit,0.65,0.6193486179430546
HR Officer,0.6,0.6192935910930768
Business Development Executive,0.75,0.6192780103504756
Mechanical Designer,0.683333333,0.6191454519773223
Machine Learning (ML) Engineer,0.483333333,0.6191408851403525
Senior Software Engineer,0.45,0.6190550279523825
Site Engineer,0.683333333,0.619054156917844
Data Science Engineer,0.263333333,0.619036914387413
"Manager- Human Resource Management (HRM)
",0.716666667,0.619028810682704
Management Trainee - Mechanical,0.543333333,0.6190079529295699
Data Engineer,0.65,0.618992606784467
DevOps Engineer,0.623333333,0.618989402771425
Sr.Officer / Executive - Internal Audit,0.44,0.6189776337613225
Business Development Executive,0.616666667,0.6188964610008637
Data Engineer,0.65,0.6187967059296645
Marketing Officer,0.65,0.6187419413838846
Business Development Executive,0.573333333,0.6187254135648217
"System Administrator (Operation & Maintenance of Server, Storage & Service Desk System)",0.443333333,0.6186625056856971
Mechanical Engineer,0.65,0.6186613497985551
Data Engineer,0.65,0.6186399535568011
Site Engineer,0.793333333,0.618532572670652
Head of Internal Control & Compliance (ICC) - SEVP/DMD,0.316666667,0.6185016896778062
Data Science Engineer,0.65,0.6184755013858169
Data Science Engineer,0.65,0.6184427666551088
Senior Software Engineer,0.61,0.6183975333358536
Marketing Officer,0.65,0.6183578588565287
Mechanical Engineer,0.45,0.618323043577547
Project Coordinator (Civil),0.56,0.6182739480616399
AI Engineer,0.65,0.61826824928168
Executive - VAT,0.65,0.618224918584402
Senior Software Engineer,0.76,0.6181945367268704
Senior iOS Engineer,0.676666667,0.618082549508917
Management Trainee - Mechanical,0.466666667,0.6180695514788827
Civil Engineer,0.6,0.6180542297548637
Management Trainee - Mechanical,0.576666667,0.618046145069001
Marketing Officer,0.64,0.6180388034013964
Sr.Officer / Executive - Internal Audit,0.623333333,0.6178416786229852
Head of Internal Control & Compliance (ICC) - SEVP/DMD,0.816666667,0.6177501766431565
Site Engineer,0.716666667,0.617707792387254
Management Trainee - Mechanical,0.65,0.6176608718257385
Mechanical Designer,0.65,0.6176184756867963
"Full Stack Developer (Python,React js)",0.613333333,0.6176112473759742
DevOps Engineer,0.75,0.617555568026702
"Executive/ Senior Executive- Trade Marketing, Hygiene Products",0.65,0.6175497310837824
Business Development Executive,0.693333333,0.6175058044321172
Senior Software Engineer,0.783333333,0.6174748507042291
"Executive/ Senior Executive- Trade Marketing, Hygiene Products",0.62,0.6174603800224331
Sr.Officer / Executive - Internal Audit,0.546666667,0.6173808651155578
Project Coordinator (Civil),0.683333333,0.6173441508862679
Network Support Engineer,0.316666667,0.6173263863934225
Head of Internal Control & Compliance (ICC) - SEVP/DMD,0.55,0.6173036924757456
Executive/ Sr. Executive -IT,0.683333333,0.6170996884983415
Senior iOS Engineer,0.676666667,0.6170374607136682
Senior Software Engineer,0.65,0.6169118481351481
Executive - VAT,0.533333333,0.616896860382857
Intern (Generative AI Engineering - 2D/3D Image Generation),0.533333333,0.6168123114695295
DevOps Engineer,0.75,0.6168100703840008
Business Development Executive,0.65,0.6168098148066098
"Full Stack Developer (Python,React js)",0.65,0.6167177683702018
"Manager- Human Resource Management (HRM)
",0.35,0.6166766855991994
Data Engineer,0.683333333,0.6165814043708896
Civil Engineer,0.65,0.616373558010722
Head of Internal Control & Compliance (ICC) - SEVP/DMD,0.683333333,0.6163628176056879
Management Trainee - Mechanical,0.65,0.6163309726018287
Marketing Officer,0.626666667,0.6162884316883817
Sr.Officer / Executive - Internal Audit,0.65,0.6162739495809313
Management Trainee - Mechanical,0.683333333,0.6162685782503515
Data Science Engineer,0.683333333,0.6161770902347243
Marketing Officer,0.65,0.6161582557195613
Project Coordinator (Civil),0.65,0.6161342290302768
"Full Stack Developer (Python,React js)",0.5,0.6161242932241487
Sr.Officer / Executive - Internal Audit,0.35,0.6161026052518109
DevOps Engineer,0.65,0.6160913256562266
Project Coordinator (Civil),0.65,0.6160821315059728
Executive - VAT,0.683333333,0.6160763747496468
Head of Internal Control & Compliance (ICC) - SEVP/DMD,0.65,0.6160597157592688
Sr.Officer / Executive - Internal Audit,0.683333333,0.6160393586950323
Executive - VAT,0.583333333,0.6159608082287609
"Full Stack Developer (Python,React js)",0.306666667,0.615883194342645
"Full Stack Developer (Python,React js)",0.65,0.6158635026562599
Data Science Engineer,0.683333333,0.6158571588019237
"Executive/ Senior Executive- Trade Marketing, Hygiene Products",0.62,0.6158086100407538
Marketing Officer,0.583333333,0.6157824208394278
Project Coordinator (Civil),0.65,0.6157417271775788
Data Engineer,0.65,0.6157179104102581
Senior Software Engineer,0.35,0.6156886786078113
Project Coordinator (Civil),0.65,0.6155771088806707
Project Coordinator (Civil),0.65,0.6154733282123052
Sr.Officer / Executive - Internal Audit,0.65,0.6154395394173773
Marketing Officer,0.473333333,0.6154007196652505
Sr.Officer / Executive - Internal Audit,0.65,0.6152535259253827
Senior iOS Engineer,0.65,0.6152272540048281
DevOps Engineer,0.6,0.615139367812637
AI Engineer,0.483333333,0.6150941071927815
Project Coordinator (Civil),0.683333333,0.6150724835955261
Data Engineer,0.683333333,0.6149421866539507
Senior Software Engineer,0.483333333,0.614906587051911
Senior Software Engineer,0.65,0.6148419383945745
Business Development Executive,0.516666667,0.6146427636274606
Civil Engineer,0.65,0.6146297585048114
"Executive/ Senior Executive- Trade Marketing, Hygiene Products",0.606666667,0.6145857661567992
Executive - VAT,0.623333333,0.6145735855006419
AI Engineer,0.783333333,0.6144709524698458
Sr.Officer / Executive - Internal Audit,0.65,0.614396105695947
Executive - VAT,0.65,0.614371472208944
Site Engineer,0.626666667,0.6142909962468085
HR Officer,0.616666667,0.614241527385581
"Full Stack Developer (Python,React js)",0.6,0.6142403067818074
"Executive/ Senior Executive- Trade Marketing, Hygiene Products",0.59,0.6141979909662684
Executive - VAT,0.65,0.6141586772337368
DevOps Engineer,0.49,0.6141186289027704
Executive - VAT,0.65,0.61409606354281
Executive - VAT,0.606666667,0.6140190305106592
Mechanical Designer,0.583333333,0.6139079903567167
Executive/ Sr. Executive -IT,0.65,0.6138356485820714
DevOps Engineer,0.683333333,0.6137779273605963
Management Trainee - Mechanical,0.643333333,0.6137428304430119
Data Engineer,0.55,0.6137084757204574
HR Officer,0.48,0.6136478425522963
DevOps Engineer,0.603333333,0.6136332937432818
Project Coordinator (Civil),0.693333333,0.6136119092348798
Executive - VAT,0.65,0.6132789663673983
Executive - VAT,0.65,0.6132429451971453
Mechanical Designer,0.416666667,0.6131619335599604
Executive - VAT,0.683333333,0.6130960125832032
Project Coordinator (Civil),0.65,0.6130900952112529
"System Administrator (Operation & Maintenance of Server, Storage & Service Desk System)",0.55,0.6129379512447053
Sr.Officer / Executive - Internal Audit,0.65,0.6128820095891128
HR Officer,0.45,0.6127027305760135
"Executive/ Senior Executive- Trade Marketing, Hygiene Products",0.596666667,0.6126081038396404
HR Officer,0.623333333,0.6125596603429891
Management Trainee - Mechanical,0.35,0.6125197883528863
Data Science Engineer,0.306666667,0.612438971994921
Executive - VAT,0.65,0.6124046448531375
"Manager- Human Resource Management (HRM)
",0.683333333,0.612363457366227
Data Engineer,0.5,0.6123423172203133
Marketing Officer,0.85,0.6123103682060793
Mechanical Designer,0.716666667,0.6122985170657149
Data Engineer,0.65,0.6121767956705766
Data Engineer,0.65,0.6121411633378844
Business Development Executive,0.563333333,0.6120867515563015
Sr.Officer / Executive - Internal Audit,0.65,0.6120721761420843
"System Administrator (Operation & Maintenance of Server, Storage & Service Desk System)",0.33,0.6120391936334961
DevOps Engineer,0.626666667,0.6120385219171567
DevOps Engineer,0.516666667,0.612011205608516
Sr.Officer / Executive - Internal Audit,0.65,0.6119334134802262
Marketing Officer,0.65,0.6119320447199367
Project Coordinator (Civil),0.65,0.6118982708552447
Mechanical Engineer,0.35,0.6118395418922882
Data Science Engineer,0.343333333,0.6118168588368907
Management Trainee - Mechanical,0.546666667,0.6116330234359253
Mechanical Designer,0.716666667,0.6115913070931347
Executive - VAT,0.546666667,0.6115790257667317
HR Officer,0.583333333,0.611572417231764
Marketing Officer,0.65,0.6114879231474915
"Manager- Human Resource Management (HRM)
",0.683333333,0.6114789268594437
Executive - VAT,0.583333333,0.6114542257434044
Management Trainee - Mechanical,0.51,0.6113227432450499
"System Administrator (Operation & Maintenance of Server, Storage & Service Desk System)",0.35,0.6113118361889063
Executive - VAT,0.62,0.6111661565229951
Marketing Officer,0.626666667,0.6110642798368049
Sr.Officer / Executive - Internal Audit,0.616666667,0.6110118664888863
"Executive/ Senior Executive- Trade Marketing, Hygiene Products",0.556666667,0.6110038029986179
Site Engineer,0.446666667,0.6108663121400911
Mechanical Engineer,0.75,0.6108459175011762
Data Engineer,0.583333333,0.6107765923442355
Management Trainee - Mechanical,0.626666667,0.6106170117021286
Project Coordinator (Civil),0.65,0.6105350819644947
Senior iOS Engineer,0.6,0.6104849011503007
Machine Learning (ML) Engineer,0.54,0.6104781400307285
Project Coordinator (Civil),0.65,0.6103978163626382
Executive - VAT,0.533333333,0.6103274560744635
Senior Software Engineer,0.583333333,0.6103043976371989
Management Trainee - Mechanical,0.61,0.6102932517777856
AI Engineer,0.683333333,0.610251454731942
Mechanical Engineer,0.55,0.610128779091026
Senior Software Engineer,0.75,0.610101363181762
Data Engineer,0.65,0.6100493677111976
Executive - VAT,0.683333333,0.6100177350715624
Project Coordinator (Civil),0.65,0.610015345346803
Business Development Executive,0.556666667,0.6097482428270011
"Executive/ Senior Executive- Trade Marketing, Hygiene Products",0.62,0.6095912464283022
Civil Engineer,0.65,0.6095879939595015
DevOps Engineer,0.65,0.6095108285285349
Head of Internal Control & Compliance (ICC) - SEVP/DMD,0.716666667,0.6094577989657894
Management Trainee - Mechanical,0.666666667,0.6094376441761409
Executive - VAT,0.683333333,0.6093085799665444
Data Engineer,0.45,0.6092851912952886
Head of Internal Control & Compliance (ICC) - SEVP/DMD,0.55,0.6092141167980849
Business Development Executive,0.65,0.6091236466297322
Executive - VAT,0.623333333,0.6090996667948261
DevOps Engineer,0.65,0.6090742019108147
Civil Engineer,0.55,0.6090068814243821
Executive - VAT,0.526666667,0.6090006729387473
Mechanical Designer,0.783333333,0.6089676815750785
Executive - VAT,0.62,0.6089411061613751
DevOps Engineer,0.493333333,0.6088585389165453
"Full Stack Developer (Python,React js)",0.75,0.6086806432842073
HR Officer,0.716666667,0.6086704722100258
Project Coordinator (Civil),0.716666667,0.6085558143107216
Data Science Engineer,0.583333333,0.6085234716053708
Data Engineer,0.45,0.6084026704374732
DevOps Engineer,0.62,0.6083354228511823
"Executive/ Senior Executive- Trade Marketing, Hygiene Products",0.65,0.6082988067547916
Data Engineer,0.473333333,0.6081646676948763
Business Development Executive,0.683333333,0.6081598191389219
"System Administrator (Operation & Maintenance of Server, Storage & Service Desk System)",0.333333333,0.608155724333797
HR Officer,0.62,0.6080736617277804
Sr.Officer / Executive - Internal Audit,0.683333333,0.6080634848196503
Executive/ Sr. Executive -IT,0.65,0.6080605820013119
Site Engineer,0.76,0.6080590136463513
Project Coordinator (Civil),0.55,0.6080362475033764
Sr.Officer / Executive - Internal Audit,0.6,0.6079596561777775
Management Trainee - Mechanical,0.583333333,0.6078536198898535
Executive/ Sr. Executive -IT,0.65,0.6078436846714561
Sr.Officer / Executive - Internal Audit,0.55,0.6077848730237352
Data Engineer,0.383333333,0.6075422396938822
Data Engineer,0.65,0.6074801042050947
Senior Software Engineer,0.473333333,0.6074277335936275
Intern (Generative AI Engineering - 2D/3D Image Generation),0.683333333,0.6074175806503346
Executive - VAT,0.65,0.607377285054433
HR Officer,0.65,0.6072775932687953
Executive/ Sr. Executive -IT,0.616666667,0.6072470783614572
Mechanical Designer,0.606666667,0.6072371848394417
Marketing Officer,0.716666667,0.607168941394459
DevOps Engineer,0.45,0.607119023621427
Mechanical Engineer,0.35,0.6071172702421728
"Manager- Human Resource Management (HRM)
",0.35,0.6070926779648504
Project Coordinator (Civil),0.65,0.6070350378870442
Executive - VAT,0.483333333,0.607015207087542
Executive - VAT,0.65,0.6069698897418727
AI Engineer,0.483333333,0.6069666267258318
Executive - VAT,0.613333333,0.6069451502260673
Sr.Officer / Executive - Internal Audit,0.6,0.6069371277631401
Executive - VAT,0.65,0.6068505858778276
Executive - VAT,0.606666667,0.6067493993132776
Mechanical Designer,0.75,0.6065942824532484
Intern (Generative AI Engineering - 2D/3D Image Generation),0.516666667,0.6064169213375973
Marketing Officer,0.65,0.6063959511871339
Management Trainee - Mechanical,0.45,0.6063123456594064
HR Officer,0.65,0.6062769980238883
HR Officer,0.583333333,0.6062340234932482
Executive/ Sr. Executive -IT,0.716666667,0.606190860250529
Marketing Officer,0.583333333,0.6061606005622534
Data Engineer,0.473333333,0.6061574251479895
Executive - VAT,0.65,0.6061177735743968
DevOps Engineer,0.683333333,0.6060946488120829
Executive - VAT,0.626666667,0.6059582298248128
Executive - VAT,0.6,0.6059488610384113
"Manager- Human Resource Management (HRM)
",0.78,0.605859021405306
Civil Engineer,0.6,0.6058290811114397
Management Trainee - Mechanical,0.69,0.6057916323447845
Data Science Engineer,0.526666667,0.6057805676952586
HR Officer,0.716666667,0.6056770558055561
Executive - VAT,0.626666667,0.605445361583114
Machine Learning (ML) Engineer,0.35,0.6053772726376433
Project Coordinator (Civil),0.65,0.6053489893270595
Project Coordinator (Civil),0.65,0.6053458896213695
Business Development Executive,0.626666667,0.6052428448780878
Project Coordinator (Civil),0.65,0.6051168016010257
DevOps Engineer,0.516666667,0.6051076027220003
Data Science Engineer,0.736666667,0.6050560735618875
Asst. Manager/ Manger (Administrative),0.446666667,0.6050548514864996
"Manager- Human Resource Management (HRM)
",0.566666667,0.6050522024453402
Mechanical Engineer,0.716666667,0.605041048264746
Head of Internal Control & Compliance (ICC) - SEVP/DMD,0.35,0.6049713940486373
DevOps Engineer,0.62,0.6049324766142369
Senior Software Engineer,0.45,0.6048983210064427
Head of Internal Control & Compliance (ICC) - SEVP/DMD,0.65,0.6048363054973561
DevOps Engineer,0.483333333,0.6047731048837045
"Executive/ Senior Executive- Trade Marketing, Hygiene Products",0.65,0.6046569572067968
Marketing Officer,0.75,0.6046343066257746
Executive - VAT,0.486666667,0.604596876497225
Civil Engineer,0.643333333,0.6045674971079972
Data Science Engineer,0.6,0.6045136260634779
"Manager- Human Resource Management (HRM)
",0.493333333,0.6043635161321371
HR Officer,0.55,0.6043327104282671
Management Trainee - Mechanical,0.56,0.6042887533942957
Head of Internal Control & Compliance (ICC) - SEVP/DMD,0.783333333,0.6042368399119855
Sr.Officer / Executive - Internal Audit,0.62,0.6039336993617535
Data Engineer,0.346666667,0.6039323216838642
Project Coordinator (Civil),0.583333333,0.6038216981663044
Mechanical Designer,0.65,0.6037825510146151
Data Engineer,0.483333333,0.6037120481578686
Project Coordinator (Civil),0.65,0.6037024561769052
Executive - VAT,0.65,0.6036855559593669
Project Coordinator (Civil),0.55,0.6036019231201875
Data Engineer,0.683333333,0.6035899295648137
Executive - VAT,0.65,0.6035824111869891
"Executive/ Senior Executive- Trade Marketing, Hygiene Products",0.563333333,0.6034407675182729
DevOps Engineer,0.596666667,0.6034070767043169
"Executive/ Senior Executive- Trade Marketing, Hygiene Products",0.466666667,0.6034055955148045
Executive - VAT,0.543333333,0.6033712636581712
Data Engineer,0.616666667,0.6033111603195302
Sr.Officer / Executive - Internal Audit,0.5,0.6032596058734218
Sr.Officer / Executive - Internal Audit,0.683333333,0.6031761787555936
AI Engineer,0.726666667,0.6031556212358835
Civil Engineer,0.55,0.6031089292443712
Management Trainee - Mechanical,0.65,0.6029984724008258
Civil Engineer,0.783333333,0.602926554952051
Marketing Officer,0.626666667,0.6028778582258694
Sr.Officer / Executive - Internal Audit,0.603333333,0.6028722452205945
Senior Software Engineer,0.483333333,0.6028704545723561
Machine Learning (ML) Engineer,0.683333333,0.6028266786519059
Marketing Officer,0.626666667,0.6026759550577837
Management Trainee - Mechanical,0.583333333,0.6025804370513028
Marketing Officer,0.716666667,0.6025297809180558
Marketing Officer,0.65,0.6024232170473159
Senior iOS Engineer,0.35,0.6024162693572174
Senior Software Engineer,0.383333333,0.6024112434883836
Executive - VAT,0.463333333,0.6022817353320146
Executive - VAT,0.62,0.6022799507569061
Marketing Officer,0.65,0.6022233867559736
DevOps Engineer,0.483333333,0.6022174244337334
Senior Software Engineer,0.566666667,0.6021792578258317
Executive - VAT,0.65,0.6021400042238139
Data Engineer,0.44,0.6021089094525265
HR Officer,0.343333333,0.6020436925668287
Management Trainee - Mechanical,0.65,0.6020407576068298
Data Science Engineer,0.546666667,0.6020070698581468
Project Coordinator (Civil),0.65,0.6019100816153036
Project Coordinator (Civil),0.65,0.601879066706031
"Manager- Human Resource Management (HRM)
",0.65,0.6018788751524067
Sr.Officer / Executive - Internal Audit,0.65,0.6016176767918346
Civil Engineer,0.6,0.6016145660439378
Data Engineer,0.476666667,0.6015302934302127
Head of Internal Control & Compliance (ICC) - SEVP/DMD,0.593333333,0.6013995349228898
Executive - VAT,0.526666667,0.6013368753585822
HR Officer,0.65,0.6012964590481196
Marketing Officer,0.65,0.6012686740774653
Marketing Officer,0.683333333,0.6012035800041948
Executive - VAT,0.6,0.6011532842662598
HR Officer,0.65,0.6010790123379969
Marketing Officer,0.65,0.6010162326503781
HR Officer,0.65,0.6009099481763519
Marketing Officer,0.65,0.6009045968626525
Marketing Officer,0.65,0.6008603686706454
Mechanical Designer,0.65,0.6008488001580427
Executive - VAT,0.65,0.6006426542901866
AI Engineer,0.566666667,0.6006167532151097
Sr.Officer / Executive - Internal Audit,0.65,0.6006114496866835
Machine Learning (ML) Engineer,0.683333333,0.6005198738177597
Sr.Officer / Executive - Internal Audit,0.65,0.600488280215594
HR Officer,0.65,0.6003717813139577
"Full Stack Developer (Python,React js)",0.526666667,0.6003233839304363
Civil Engineer,0.516666667,0.6003001425554234
HR Officer,0.593333333,0.600297114605437
Executive - VAT,0.58,0.6002728981983393
Project Coordinator (Civil),0.55,0.6002114866860453
Project Coordinator (Civil),0.65,0.6001745787763746
Project Coordinator (Civil),0.65,0.6001680573968463
Mechanical Engineer,0.65,0.5999802752199405
Marketing Officer,0.816666667,0.5999483043983741
Intern (Generative AI Engineering - 2D/3D Image Generation),0.216666667,0.599892913757546
Executive - VAT,0.65,0.5996607910940261
Marketing Officer,0.65,0.5996458694529387
Project Coordinator (Civil),0.55,0.5996453366325503
"Manager- Human Resource Management (HRM)
",0.726666667,0.5995812290838571
Marketing Officer,0.683333333,0.5995592690157675
"Full Stack Developer (Python,React js)",0.65,0.5994045765798064
"Manager- Human Resource Management (HRM)
",0.75,0.5992824839735388
Site Engineer,0.606666667,0.599250592543136
Business Development Executive,0.65,0.599220155645247
Senior iOS Engineer,0.34,0.5992157451812447
Senior Software Engineer,0.576666667,0.5991561053787262
DevOps Engineer,0.683333333,0.5991096732869045
Senior Software Engineer,0.65,0.599102671223151
Executive - VAT,0.583333333,0.5989151325413653
Project Coordinator (Civil),0.673333333,0.5988808201943814
Senior Software Engineer,0.45,0.5988105187224606
Head of Internal Control & Compliance (ICC) - SEVP/DMD,0.643333333,0.5987883495679216
HR Officer,0.583333333,0.5987783911284376
Management Trainee - Mechanical,0.543333333,0.5987593891608866
Executive - VAT,0.5,0.5986205698562075
Executive - VAT,0.616666667,0.5985825705331865
Data Engineer,0.44,0.5984910922439803
Management Trainee - Mechanical,0.616666667,0.5982740536610522
"Manager- Human Resource Management (HRM)
",0.55,0.5982516354928789
"Executive/ Senior Executive- Trade Marketing, Hygiene Products",0.626666667,0.5981877023554927
HR Officer,0.483333333,0.5981855624042367
Data Science Engineer,0.516666667,0.5981735503812485
Marketing Officer,0.816666667,0.5981340971031276
Marketing Officer,0.65,0.5981000754296197
Sr.Officer / Executive - Internal Audit,0.826666667,0.5979326835403287
Mechanical Engineer,0.75,0.5976838442052362
Management Trainee - Mechanical,0.716666667,0.5975460305042034
Business Development Executive,0.683333333,0.5974614779201808
"Executive/ Senior Executive- Trade Marketing, Hygiene Products",0.493333333,0.5974526991867948
Mechanical Designer,0.683333333,0.5974509119742903
"Executive/ Senior Executive- Trade Marketing, Hygiene Products",0.46,0.5974335288506022
HR Officer,0.52,0.5972251547830281
Marketing Officer,0.683333333,0.5971219480477724
Project Coordinator (Civil),0.45,0.596978854992238
Executive - VAT,0.49,0.5968238523562749
AI Engineer,0.4,0.5965529534702918
Management Trainee - Mechanical,0.683333333,0.5964924527850617
Project Coordinator (Civil),0.65,0.5963006025005394
Site Engineer,0.76,0.5962762010117219
Mechanical Engineer,0.65,0.5961466189083632
Project Coordinator (Civil),0.65,0.5960711382203466
Project Coordinator (Civil),0.65,0.5960553587100008
Management Trainee - Mechanical,0.65,0.5960197998481184
Senior Software Engineer,0.616666667,0.5959826977876496
Project Coordinator (Civil),0.65,0.5959042696987485
Marketing Officer,0.65,0.595898927950493
Sr.Officer / Executive - Internal Audit,0.65,0.5958363498826033
Intern (Generative AI Engineering - 2D/3D Image Generation),0.55,0.5957363895389767
Management Trainee - Mechanical,0.65,0.5957046876162535
Mechanical Designer,0.716666667,0.5956295587437086
"Full Stack Developer (Python,React js)",0.566666667,0.5956138559959573
Marketing Officer,0.61,0.5955925221485806
Business Development Executive,0.65,0.595562104052517
Civil Engineer,0.65,0.5955267313297609
Senior Software Engineer,0.45,0.5954145411154751
HR Officer,0.65,0.5952916549968825
Management Trainee - Mechanical,0.65,0.5952406524513815
Civil Engineer,0.683333333,0.5952318090847052
Sr.Officer / Executive - Internal Audit,0.65,0.595179514183454
Head of Internal Control & Compliance (ICC) - SEVP/DMD,0.693333333,0.5951512631097424
Senior Software Engineer,0.65,0.595120695619788
HR Officer,0.62,0.5950443281636398
Executive - VAT,0.626666667,0.5950169658578318
Management Trainee - Mechanical,0.383333333,0.595001947735861
HR Officer,0.55,0.5949547384578454
Head of Internal Control & Compliance (ICC) - SEVP/DMD,0.583333333,0.5949441224785669
Executive/ Sr. Executive -IT,0.316666667,0.5949350220432925
Sr.Officer / Executive - Internal Audit,0.35,0.5949083363296971
Marketing Officer,0.683333333,0.5948920744952191
Project Coordinator (Civil),0.65,0.5948034435155609
Management Trainee - Mechanical,0.466666667,0.5945056488569703
"Manager- Human Resource Management (HRM)
",0.683333333,0.5944379734971873
Data Science Engineer,0.45,0.594413618774291
Executive - VAT,0.516666667,0.5942569326839992
Mechanical Designer,0.65,0.5942536861451165
Sr.Officer / Executive - Internal Audit,0.48,0.5941895154621518
Mechanical Engineer,0.683333,0.5940376322197067
DevOps Engineer,0.683333333,0.5940141399784397
Business Development Executive,0.44,0.5940098973052043
Mechanical Engineer,0.65,0.5938427907851672
Data Engineer,0.416666667,0.5937741719057085
Executive - VAT,0.65,0.5937527525838127
Executive - VAT,0.626666667,0.5937454366830339
Data Engineer,0.506666667,0.5937422871528617
Executive - VAT,0.506666667,0.5937074428942399
Data Engineer,0.483333333,0.593585156243935
Executive - VAT,0.56,0.5935683147656576
Project Coordinator (Civil),0.55,0.5935173587900153
Executive - VAT,0.57,0.5934432443280402
Project Coordinator (Civil),0.5,0.593354118274003
Project Coordinator (Civil),0.683333333,0.5931622990629253
Sr.Officer / Executive - Internal Audit,0.65,0.5930543721288534
HR Officer,0.65,0.5930279673638027
"Manager- Human Resource Management (HRM)
",0.583333333,0.592974681100668
Civil Engineer,0.526666667,0.5929631900695859
DevOps Engineer,0.783333333,0.5929430093864853
Site Engineer,0.716666667,0.5928517581603115
Sr.Officer / Executive - Internal Audit,0.65,0.5927981993482908
Marketing Officer,0.65,0.5927053253730423
DevOps Engineer,0.626666667,0.5926713115738462
Executive - VAT,0.583333333,0.592649925210809
Project Coordinator (Civil),0.65,0.5923990963183335
Executive - VAT,0.57,0.5923928953742785
Executive - VAT,0.48,0.5923389110179049
Data Engineer,0.583333333,0.5922973518527441
Executive - VAT,0.65,0.5922861508990155
Marketing Officer,0.726666667,0.5922818420524955
Executive - VAT,0.613333333,0.5922494564384752
HR Officer,0.65,0.5922168476747645
Head of Internal Control & Compliance (ICC) - SEVP/DMD,0.416666667,0.5921221311755569
Senior Software Engineer,0.283333333,0.5920672905194654
Marketing Officer,0.566666667,0.5920442474278681
Business Development Executive,0.583333333,0.5919850345496249
Management Trainee - Mechanical,0.543333333,0.5919056600550106
Site Engineer,0.65,0.591712083425559
Executive - VAT,0.5,0.5915931125556817
Sr.Officer / Executive - Internal Audit,0.65,0.5915239014315319
Marketing Officer,0.55,0.5914736069898702
Head of Internal Control & Compliance (ICC) - SEVP/DMD,0.85,0.5914556580629482
Executive - VAT,0.45,0.5914448149868451
Data Science Engineer,0.546666667,0.591435883409481
"Full Stack Developer (Python,React js)",0.716666667,0.5913879083228759
Executive - VAT,0.65,0.5913189745682139
Site Engineer,0.683333333,0.591246438544234
Project Coordinator (Civil),0.65,0.5912208051121918
Site Engineer,0.763,0.591201941480487
Management Trainee - Mechanical,0.54,0.591083440500538
Civil Engineer,0.716666,0.5909661163315044
Mechanical Designer,0.76,0.5908467402629695
Intern (Generative AI Engineering - 2D/3D Image Generation),0.383333333,0.5908174984686723
Head of Internal Control & Compliance (ICC) - SEVP/DMD,0.473333333,0.5908087461104458
Intern (Generative AI Engineering - 2D/3D Image Generation),0.65,0.5907495488005228
Executive - VAT,0.593333333,0.5907361210836329
Sr.Officer / Executive - Internal Audit,0.65,0.5906030828862234
Marketing Officer,0.45,0.5904477765090472
Marketing Officer,0.593333333,0.5903898039015851
Mechanical Designer,0.683333333,0.5903818990645686
Business Development Executive,0.603333333,0.5903772140983422
"Manager- Human Resource Management (HRM)
",0.716666667,0.5902751240148979
Mechanical Designer,0.75,0.5902529814593068
Marketing Officer,0.57,0.5902367486711491
Executive - VAT,0.533333333,0.5902208203343492
Management Trainee - Mechanical,0.556666667,0.590214198647581
Intern (Generative AI Engineering - 2D/3D Image Generation),0.383333333,0.5902121096920564
HR Officer,0.65,0.5901363542437976
Marketing Officer,0.46,0.5900689831982155
AI Engineer,0.45,0.5900582274672715
Data Engineer,0.35,0.590028934440556
Mechanical Engineer,0.683333333,0.5899725482082668
Mechanical Designer,0.683333333,0.5899544960627211
"Manager- Human Resource Management (HRM)
",0.55,0.5897684288068
Data Engineer,0.35,0.5897471828212755
Data Science Engineer,0.506666667,0.5897437035657974
HR Officer,0.433333333,0.5897301092262482
Marketing Officer,0.643333333,0.5897169644028734
Senior Software Engineer,0.406666667,0.5894002440691278
Marketing Officer,0.633333333,0.5893989381124674
Business Development Executive,0.553333333,0.5893876224514436
Executive/ Sr. Executive -IT,0.35,0.5893359636451321
Project Coordinator (Civil),0.65,0.589254854460051
Project Coordinator (Civil),0.65,0.5892368936699824
Data Engineer,0.35,0.589202271744574
Executive - VAT,0.583333333,0.5891734996956216
Marketing Officer,0.576666667,0.5890087068182541
Intern (Generative AI Engineering - 2D/3D Image Generation),0.473333333,0.5889986182487477
DevOps Engineer,0.55,0.588861763619577
Head of Internal Control & Compliance (ICC) - SEVP/DMD,0.716666667,0.5887865737923019
"Manager- Human Resource Management (HRM)
",0.45,0.5886763311711432
Mechanical Engineer,0.683333333,0.5886741908382866
Business Development Executive,0.416666667,0.5886620767836545
Project Coordinator (Civil),0.6,0.5884600513854272
DevOps Engineer,0.65,0.5884276850004382
Marketing Officer,0.65,0.5884226623143287
DevOps Engineer,0.34,0.5884041819259901
HR Officer,0.596666667,0.5883630742072893
Executive - VAT,0.553333333,0.5882939429487493
Marketing Officer,0.623333333,0.5882841109081592
Executive - VAT,0.62,0.5882685290169196
Data Science Engineer,0.35,0.5882298157832715
Executive - VAT,0.583333333,0.5882252535879957
Data Science Engineer,0.77,0.588165937122476
DevOps Engineer,0.45,0.5880922486269591
Head of Internal Control & Compliance (ICC) - SEVP/DMD,0.85,0.587866873694199
Sr.Officer / Executive - Internal Audit,0.58,0.5878529822824882
DevOps Engineer,0.65,0.5876847731402439
"Manager- Human Resource Management (HRM)
",0.793333333,0.5876505355934931
HR Officer,0.52,0.5875304822249988
HR Officer,0.583333333,0.5875107802413972
Mechanical Designer,0.35,0.587447913758114
Site Engineer,0.606666,0.587432856249899
Site Engineer,0.526666667,0.5874052961218188
HR Officer,0.55,0.5874006000340511
Intern (Generative AI Engineering - 2D/3D Image Generation),0.25,0.5873710575156847
Marketing Officer,0.65,0.5873678419903541
Head of Internal Control & Compliance (ICC) - SEVP/DMD,0.716666667,0.5871955817625635
"Manager- Human Resource Management (HRM)
",0.65,0.5871877180547316
Project Coordinator (Civil),0.65,0.5871668977413396
Head of Internal Control & Compliance (ICC) - SEVP/DMD,0.683333333,0.587127258570317
Data Engineer,0.45,0.5870225685725532
Site Engineer,0.65,0.5869629404280642
HR Officer,0.623333333,0.5869560759992647
Data Science Engineer,0.606666667,0.5869441802608227
Project Coordinator (Civil),0.533333333,0.5869220769934751
DevOps Engineer,0.85,0.5868880751879805
"Manager- Human Resource Management (HRM)
",0.75,0.5867815109594081
Sr.Officer / Executive - Internal Audit,0.45,0.5867488337746232
Head of Internal Control & Compliance (ICC) - SEVP/DMD,0.65,0.5866929904014605
Data Science Engineer,0.693333333,0.5865715025905466
Civil Engineer,0.6,0.5865503376114013
Marketing Officer,0.616666667,0.5863203768334141
Intern (Generative AI Engineering - 2D/3D Image Generation),0.283333333,0.5862779692852782
Mechanical Engineer,0.683333333,0.5862555341258701
Marketing Officer,0.77,0.5862349134424504
Marketing Officer,0.493333333,0.5862160212116954
Marketing Officer,0.583333333,0.5861925330573402
Civil Engineer,0.5,0.5860162400893835
Site Engineer,0.6,0.5858618974578855
Mechanical Designer,0.77,0.5858277340388984
Civil Engineer,0.726666667,0.5858017215087847
Mechanical Engineer,0.65,0.5857496213016243
Mechanical Designer,0.6,0.585709020125592
Mechanical Designer,0.45,0.5856905565832565
Management Trainee - Mechanical,0.583333333,0.5855556504787065
Data Science Engineer,0.65,0.5855361298585033
Senior iOS Engineer,0.593333333,0.5855211768403024
Project Coordinator (Civil),0.55,0.585457402379802
DevOps Engineer,0.383333333,0.585365930928799
Executive - VAT,0.466666667,0.5852851182303188
Head of Internal Control & Compliance (ICC) - SEVP/DMD,0.55,0.5851681524989015
Mechanical Engineer,0.75,0.5851302681239713
Senior iOS Engineer,0.6,0.5851148768973676
Executive/ Sr. Executive -IT,0.416666667,0.5850480125552816
Marketing Officer,0.65,0.585009864872959
"Executive/ Senior Executive- Trade Marketing, Hygiene Products",0.59,0.5849438715188164
Marketing Officer,0.65,0.5849346016133713
Head of Internal Control & Compliance (ICC) - SEVP/DMD,0.683333333,0.584828225023328
Data Science Engineer,0.55,0.5847944456773916
Sr.Officer / Executive - Internal Audit,0.483333333,0.5847607017778745
Sr.Officer / Executive - Internal Audit,0.61,0.5846191535573287
Senior Software Engineer,0.65,0.584614017840116
Mechanical Engineer,0.55,0.5845240816404487
Intern (Generative AI Engineering - 2D/3D Image Generation),0.45,0.5845072461948934
"Full Stack Developer (Python,React js)",0.65,0.5844968983760526
Site Engineer,0.65,0.5844954826207586
"Manager- Human Resource Management (HRM)
",0.55,0.5844749726853812
Sr.Officer / Executive - Internal Audit,0.65,0.5843741284930737
Asst. Manager/ Manger (Administrative),0.416666667,0.584333888217988
"Manager- Human Resource Management (HRM)
",0.35,0.5843245330346761
Mechanical Designer,0.683333333,0.5843125690112133
Executive - VAT,0.556666667,0.5842008907334705
Marketing Officer,0.61,0.5841355572154622
HR Officer,0.62,0.5841235572778839
"Executive/ Senior Executive- Trade Marketing, Hygiene Products",0.416666667,0.5840588803345608
Project Coordinator (Civil),0.65,0.5840543876924188
Head of Internal Control & Compliance (ICC) - SEVP/DMD,0.783333333,0.5840525181323901
Data Science Engineer,0.583333333,0.5840404253835599
HR Officer,0.6,0.5839770245735314
Network Support Engineer,0.44,0.5839695452123582
Marketing Officer,0.483333333,0.5838930744951436
HR Officer,0.783333333,0.5838786212122913
Site Engineer,0.65,0.58377562776008
Mechanical Engineer,0.55,0.5837466710944462
Mechanical Engineer,0.683333333,0.5836695552273784
Executive - VAT,0.55,0.583669470706694
Project Coordinator (Civil),0.55,0.583651682431527
HR Officer,0.613333333,0.5836343672594791
DevOps Engineer,0.62,0.5835857653510349
Executive - VAT,0.65,0.5835664560560354
Intern (Generative AI Engineering - 2D/3D Image Generation),0.516666667,0.5835319041394201
DevOps Engineer,0.516666667,0.5835255265199042
Executive - VAT,0.546666667,0.5834962257486197
Mechanical Designer,0.85,0.5834461300126597
Data Science Engineer,0.38,0.5833766891279436
Mechanical Engineer,0.716666667,0.5833569964108876
Marketing Officer,0.556666667,0.5832412848627103
HR Officer,0.646666667,0.5832368123230659
Executive - VAT,0.623333333,0.5831998818113426
Executive - VAT,0.65,0.5831682316566484
Project Coordinator (Civil),0.55,0.5831342149629668
Project Coordinator (Civil),0.683333333,0.583114020028431
Mechanical Engineer,0.45,0.5831010225938775
Marketing Officer,0.35,0.583003988098746
Executive - VAT,0.583333333,0.5829940992993605
Business Development Executive,0.583333333,0.5829598851743498
Site Engineer,0.55,0.5829266866401738
Executive - VAT,0.57,0.5828606051870574
Marketing Officer,0.66,0.5827560513443527
Marketing Officer,0.65,0.5827352013330406
Civil Engineer,0.85,0.5826967830440983
Executive/ Sr. Executive -IT,0.35,0.5825715916706057
Mechanical Engineer,0.55,0.5825472383890296
"Full Stack Developer (Python,React js)",0.716666667,0.5823768464691336
Executive - VAT,0.526666667,0.5823334445446868
Asst. Manager/ Manger (Administrative),0.45,0.5822669586714744
Project Coordinator (Civil),0.65,0.5822601037299949
Project Coordinator (Civil),0.65,0.5821837806932464
Marketing Officer,0.65,0.5821500565811565
Sr.Officer / Executive - Internal Audit,0.683333333,0.5821256359231024
"Manager- Human Resource Management (HRM)
",0.523333333,0.5821242398036589
"Manager- Human Resource Management (HRM)
",0.35,0.5820148026064641
HR Officer,0.65,0.5819812315213021
Management Trainee - Mechanical,0.783333333,0.581958284077135
HR Officer,0.62,0.58193002310236
Mechanical Designer,0.716666667,0.5819208098365275
Head of Internal Control & Compliance (ICC) - SEVP/DMD,0.683333333,0.5818651972377288
Data Science Engineer,0.61,0.5818132323751461
Mechanical Designer,0.716666667,0.5817810892283721
Sr.Officer / Executive - Internal Audit,0.65,0.5817083812975418
HR Officer,0.6,0.5816740582043045
HR Officer,0.65,0.5816209888822202
Marketing Officer,0.656666667,0.5815924374793763
Marketing Officer,0.583333333,0.5814952934010876
Mechanical Designer,0.65,0.5814723709948629
Head of Internal Control & Compliance (ICC) - SEVP/DMD,0.383333333,0.5813871583511301
Sr.Officer / Executive - Internal Audit,0.65,0.5813435250991437
Sr.Officer / Executive - Internal Audit,0.45,0.5813166487641462
Executive/ Sr. Executive -IT,0.65,0.5812854886551817
Marketing Officer,0.373333333,0.5811626012679361
Marketing Officer,0.666666667,0.5811432874374296
Civil Engineer,0.55,0.5811412780554592
Senior iOS Engineer,0.406666667,0.5810276957453024
Executive - VAT,0.523333333,0.5809065677350714
Project Coordinator (Civil),0.55,0.5809051695447521
"Manager- Human Resource Management (HRM)
",0.76,0.5808794713395851
Sr.Officer / Executive - Internal Audit,0.6,0.5808216039582001
Executive - VAT,0.616666667,0.5808195907394543
Senior Software Engineer,0.45,0.5806859600775638
Project Coordinator (Civil),0.65,0.5806682132849028
Business Development Executive,0.483333333,0.5806549173201813
DevOps Engineer,0.483333333,0.580422607338992
Project Coordinator (Civil),0.45,0.5803967701169422
Executive/ Sr. Executive -IT,0.35,0.5802857985401456
DevOps Engineer,0.623333333,0.5802646266670595
DevOps Engineer,0.416666667,0.5800393235285691
HR Officer,0.513333333,0.5800218536226823
Mechanical Engineer,0.683333333,0.5799923939464943
Marketing Officer,0.6,0.5799158830563088
Senior Software Engineer,0.55,0.5798181118223957
Senior Software Engineer,0.65,0.5797227482192451
DevOps Engineer,0.543333333,0.579695099014384
Intern (Generative AI Engineering - 2D/3D Image Generation),0.55,0.5795993106705795
Project Coordinator (Civil),0.373333333,0.579471839055314
Marketing Officer,0.626666667,0.5794056883009046
Data Engineer,0.65,0.5793746667367302
Marketing Officer,0.626666667,0.5793479989217523
Executive - VAT,0.65,0.5793186986325013
Marketing Officer,0.516666667,0.5791507668400718
Marketing Officer,0.623333333,0.5791009991207171
Head of Internal Control & Compliance (ICC) - SEVP/DMD,0.3,0.5789841493873545
Data Engineer,0.576666667,0.5789062559443224
Site Engineer,0.683333333,0.5788890353622066
Site Engineer,0.65,0.5788438462215274
Head of Internal Control & Compliance (ICC) - SEVP/DMD,0.816666667,0.5785236583060186
Data Science Engineer,0.683333333,0.5785176585386395
Data Science Engineer,0.59,0.5784773993411828
Senior iOS Engineer,0.466666667,0.5784353425909936
Marketing Officer,0.516666667,0.5783646092678998
HR Officer,0.62,0.5783630291779441
Intern (Generative AI Engineering - 2D/3D Image Generation),0.383333333,0.5783348983032821
HR Officer,0.616666667,0.5783239497990441
Management Trainee - Mechanical,0.45,0.5783173974246987
Network Support Engineer,0.28,0.5782966404201046
Civil Engineer,0.65,0.5780866639003337
Marketing Officer,0.61,0.5780631166167178
"Executive/ Senior Executive- Trade Marketing, Hygiene Products",0.416666667,0.5780136555939411
Data Engineer,0.85,0.5780044975124462
Data Engineer,0.716666667,0.5778500344691476
Senior Software Engineer,0.35,0.5778497760621163
HR Officer,0.65,0.5778187989384684
Marketing Officer,0.65,0.5777093718664585
HR Officer,0.613333333,0.5773178512758007
"Full Stack Developer (Python,React js)",0.433333333,0.5772167031945395
Data Science Engineer,0.45,0.5771948298014296
HR Officer,0.616666667,0.5771772970764157
Project Coordinator (Civil),0.65,0.577152635214771
HR Officer,0.516666667,0.5770636583468365
HR Officer,0.516666667,0.5769591803865973
Intern (Generative AI Engineering - 2D/3D Image Generation),0.45,0.5769451915809711
Sr.Officer / Executive - Internal Audit,0.65,0.5768985630110024
Marketing Officer,0.55,0.5768887012229199
Civil Engineer,0.316666667,0.5768880399045281
Business Development Executive,0.666666667,0.5768504115559222
HR Officer,0.62,0.5768297375774549
Business Development Executive,0.65,0.5767499024561862
Marketing Officer,0.583333333,0.5766839723109592
Management Trainee - Mechanical,0.583333333,0.5766249691465508
Project Coordinator (Civil),0.433333333,0.5766061993159952
"Manager- Human Resource Management (HRM)
",0.716666667,0.5765738692403267
Data Engineer,0.35,0.576559458304976
Marketing Officer,0.65,0.5765268747428332
Intern (Generative AI Engineering - 2D/3D Image Generation),0.45,0.576433630636959
Marketing Officer,0.583333333,0.5764068844111594
Executive - VAT,0.383333333,0.5763964382749592
Management Trainee - Mechanical,0.476666667,0.5763860261180175
Head of Internal Control & Compliance (ICC) - SEVP/DMD,0.55,0.5763637657531127
"Executive/ Senior Executive- Trade Marketing, Hygiene Products",0.486666667,0.5763443111818279
Civil Engineer,0.633333333,0.5763401618306032
Business Development Executive,0.65,0.576285672752877
DevOps Engineer,0.506666667,0.576283316031228
Executive - VAT,0.553333333,0.5762734701130113
AI Engineer,0.483333333,0.5762632991345267
Executive - VAT,0.576666667,0.5761970416637213
Data Engineer,0.35,0.5761900010663156
Executive - VAT,0.523333333,0.5761873628961004
Civil Engineer,0.65,0.5761828250272804
Mechanical Engineer,0.65,0.5761801256853881
Mechanical Designer,0.643333333,0.5760574711338741
Intern (Generative AI Engineering - 2D/3D Image Generation),0.683333333,0.5759975330849677
Mechanical Designer,0.55,0.5759367336972647
Civil Engineer,0.65,0.5758861422817536
Sr.Officer / Executive - Internal Audit,0.35,0.5757054293901566
Mechanical Engineer,0.793333333,0.5754326633999947
HR Officer,0.553333333,0.5754048267968016
Mechanical Designer,0.683333333,0.5752666816034394
Executive - VAT,0.616666667,0.5751667941623901
Project Coordinator (Civil),0.65,0.5751630407929798
Marketing Officer,0.683333333,0.5750492592373319
Executive - VAT,0.65,0.575023331093366
Business Development Executive,0.586666667,0.574972369449296
HR Officer,0.583333333,0.5748862002122128
Mechanical Engineer,0.45,0.5748643647214933
Business Development Executive,0.683333333,0.5747451265960613
Business Development Executive,0.65,0.5745630817501276
Marketing Officer,0.65,0.5742946451325727
Asst. Manager/ Manger (Administrative),0.583333333,0.5742790135487076
"Manager- Human Resource Management (HRM)
",0.77,0.5742570537770404
"Manager- Human Resource Management (HRM)
",0.55,0.5742370188191642
Business Development Executive,0.65,0.5742105479954001
Project Coordinator (Civil),0.45,0.5741867228712279
Executive - VAT,0.75,0.5741450841277855
Management Trainee - Mechanical,0.516666667,0.5741254343473553
Marketing Officer,0.65,0.5739340433844523
Head of Internal Control & Compliance (ICC) - SEVP/DMD,0.55,0.5739323272076456
HR Officer,0.6,0.573761350352323
Mechanical Designer,0.716666667,0.5737099606292954
Executive - VAT,0.56,0.5736402935086068
HR Officer,0.623333333,0.5736052331985172
Data Engineer,0.48,0.5734818354885308
Site Engineer,0.573333333,0.5733390000299801
Sr.Officer / Executive - Internal Audit,0.52,0.5733379382731159
Executive/ Sr. Executive -IT,0.55,0.5733287774002543
Civil Engineer,0.683333333,0.5732569443285795
Management Trainee - Mechanical,0.516666667,0.5731893917473389
Civil Engineer,0.65,0.5731815269138038
Mechanical Designer,0.716666667,0.5731613752522893
HR Officer,0.6,0.5731028794454441
Intern (Generative AI Engineering - 2D/3D Image Generation),0.55,0.5730362663766669
Marketing Officer,0.65,0.5728165552220496
Head of Internal Control & Compliance (ICC) - SEVP/DMD,0.683333333,0.57275641523246
Project Coordinator (Civil),0.55,0.5727295559563822
Mechanical Engineer,0.683333333,0.5727032029178561
Marketing Officer,0.613333333,0.5724633029530378
Management Trainee - Mechanical,0.516666667,0.5724431911335047
Site Engineer,0.716666667,0.5724311711197805
Senior iOS Engineer,0.35,0.5722237945261303
Executive - VAT,0.55,0.5722027651101631
Machine Learning (ML) Engineer,0.283333333,0.5721943234166655
Project Coordinator (Civil),0.616666667,0.5721740589911033
Intern (Generative AI Engineering - 2D/3D Image Generation),0.433333333,0.5721535855144395
Executive - VAT,0.65,0.5721473125915536
Civil Engineer,0.346666667,0.5720903087192469
Marketing Officer,0.716666667,0.5720776534052644
Project Coordinator (Civil),0.45,0.5720603423786706
Marketing Officer,0.62,0.5720490668008439
Management Trainee - Mechanical,0.483333333,0.5720157530022213
Executive - VAT,0.6,0.5719901301704112
Business Development Executive,0.583333333,0.5719754730037488
DevOps Engineer,0.433333333,0.5718933416073018
Project Coordinator (Civil),0.65,0.5718242027938862
Marketing Officer,0.493333333,0.5718202543110054
HR Officer,0.483333333,0.5718100312502634
Mechanical Engineer,0.45,0.5717991912679586
Mechanical Engineer,0.65,0.5716594863846065
Data Engineer,0.38,0.5715458878542758
HR Officer,0.383333333,0.5714614946849038
Site Engineer,0.116666667,0.5714193246233333
Marketing Officer,0.65,0.57136135348527
Data Science Engineer,0.65,0.5713340874315214
"Manager- Human Resource Management (HRM)
",0.41,0.5710724201703563
Executive - VAT,0.65,0.5710451959040486
Intern (Generative AI Engineering - 2D/3D Image Generation),0.416666667,0.5710352705085129
Executive - VAT,0.65,0.5708735352756524
"Manager- Human Resource Management (HRM)
",0.76,0.57084828840921
Sr.Officer / Executive - Internal Audit,0.333333333,0.5706129449045656
Project Coordinator (Civil),0.65,0.5705888399644498
Sr.Officer / Executive - Internal Audit,0.65,0.5704516574423546
Marketing Officer,0.4,0.5704274397878982
Civil Engineer,0.716666667,0.5703889610162606
DevOps Engineer,0.35,0.5701548439156061
Intern (Generative AI Engineering - 2D/3D Image Generation),0.65,0.5701132792492943
Marketing Officer,0.613333333,0.5699472897503224
Project Coordinator (Civil),0.65,0.5698762953288614
Marketing Officer,0.6,0.5698424081246115
Data Engineer,0.35,0.5698218004195208
Executive - VAT,0.65,0.5698192010706945
Head of Internal Control & Compliance (ICC) - SEVP/DMD,0.643333333,0.5697715840512418
HR Officer,0.563333333,0.5697402171864319
Site Engineer,0.85,0.5695999371900401
Head of Internal Control & Compliance (ICC) - SEVP/DMD,0.65,0.5695458729469581
Head of Internal Control & Compliance (ICC) - SEVP/DMD,0.65,0.5694713479151349
Project Coordinator (Civil),0.65,0.5693891613235569
Site Engineer,0.516666667,0.5692993061480888
Project Coordinator (Civil),0.45,0.5692684938168424
Data Science Engineer,0.716666667,0.569241202973584
Marketing Officer,0.603333333,0.569220051752991
Marketing Officer,0.55,0.5690540163063925
Mechanical Designer,0.55,0.5690286464770328
HR Officer,0.62,0.5689882314125957
Mechanical Designer,0.65,0.5689708434753009
Sr.Officer / Executive - Internal Audit,0.55,0.5688870555896516
Management Trainee - Mechanical,0.493333333,0.5688333387553609
HR Officer,0.533333333,0.568758152532541
Intern (Generative AI Engineering - 2D/3D Image Generation),0.4,0.5687497187942173
Data Science Engineer,0.35,0.5684229023898933
Marketing Officer,0.516666667,0.5684175859080242
Sr.Officer / Executive - Internal Audit,0.316666667,0.5682696252233789
Senior iOS Engineer,0.35,0.5681730175711107
Executive - VAT,0.416666667,0.5680063348387686
Asst. Manager/ Manger (Administrative),0.35,0.5679483266123025
Network Support Engineer,0.306666667,0.5678875238204001
Management Trainee - Mechanical,0.52,0.5678736173632664
Site Engineer,0.596666667,0.5678044574700527
Senior Software Engineer,0.45,0.5677642991944208
Marketing Officer,0.41,0.5677168855767757
Project Coordinator (Civil),0.65,0.5676478663668023
Executive - VAT,0.546666667,0.5675391512171886
"Full Stack Developer (Python,React js)",0.383333333,0.5674720531196913
Site Engineer,0.683333333,0.56745558669998
Mechanical Engineer,0.683333333,0.5673060053905697
Mechanical Engineer,0.48,0.5673039397493679
Mechanical Engineer,0.6,0.5671120232552015
Civil Engineer,0.583333333,0.5669909261322289
Marketing Officer,0.58,0.5669412426576806
Executive - VAT,0.516666667,0.5668727352037259
HR Officer,0.6,0.56684793742266
Site Engineer,0.516666667,0.5668254793530428
"Full Stack Developer (Python,React js)",0.6,0.5668209547913444
"Manager- Human Resource Management (HRM)
",0.333333333,0.5667974486023689
Senior Software Engineer,0.816666667,0.5667442715877749
Intern (Generative AI Engineering - 2D/3D Image Generation),0.383333333,0.5666529194535705
"Manager- Human Resource Management (HRM)
",0.55,0.5666343572282041
Mechanical Engineer,0.55,0.5665115025754757
Executive - VAT,0.583333333,0.5664716871507981
DevOps Engineer,0.466666667,0.5662383269908363
Sr.Officer / Executive - Internal Audit,0.433333333,0.5661706048441083
Business Development Executive,0.316666667,0.5659993035987965
Executive - VAT,0.583333333,0.5659394340396512
Marketing Officer,0.65,0.5658416872616242
Project Coordinator (Civil),0.65,0.5658157961605528
Mechanical Engineer,0.6,0.5657920740387624
"Manager- Human Resource Management (HRM)
",0.35,0.5657165517038504
AI Engineer,0.566666667,0.5656617981690171
Civil Engineer,0.65,0.5656555687296934
Mechanical Engineer,0.45,0.5656152745358515
Mechanical Engineer,0.55,0.5655693564623461
AI Engineer,0.55,0.5655031547228703
Executive - VAT,0.48,0.5653539680684172
HR Officer,0.65,0.5653407115569334
Marketing Officer,0.55,0.5652737757847839
"Full Stack Developer (Python,React js)",0.316666667,0.5652225081759633
"Manager- Human Resource Management (HRM)
",0.683333333,0.565221645087734
Data Engineer,0.45,0.565215772345856
Marketing Officer,0.62,0.5652047568544699
Mechanical Engineer,0.76,0.5652007444000858
"Manager- Human Resource Management (HRM)
",0.35,0.5651735550381921
Mechanical Designer,0.683333333,0.5651004771552233
Civil Engineer,0.683333333,0.5650528038206439
Civil Engineer,0.14,0.5649870053715503
Sr.Officer / Executive - Internal Audit,0.526666667,0.5649848236160008
HR Officer,0.583333333,0.5649473073854065
Marketing Officer,0.613333333,0.5648593356943913
Sr.Officer / Executive - Internal Audit,0.65,0.5647791209656559
HR Officer,0.483333333,0.5647325355570811
Mechanical Engineer,0.783333333,0.5646156320182292
Data Engineer,0.35,0.5644002040874176
Mechanical Designer,0.6,0.5643086650910132
Business Development Executive,0.516666667,0.5642989707204531
Civil Engineer,0.576666667,0.5642963525524234
Management Trainee - Mechanical,0.383333333,0.5642414926300432
Executive/ Sr. Executive -IT,0.35,0.5642335697570552
Data Engineer,0.35,0.5642262534733384
Marketing Officer,0.596666667,0.564226085652755
Site Engineer,0.583333333,0.5641871747727204
Mechanical Designer,0.65,0.5641712733304
Data Engineer,0.483333333,0.5641643336701153
Marketing Officer,0.5,0.5641389604637617
Executive - VAT,0.41,0.5640127760266921
Executive - VAT,0.516666667,0.5639188112623384
Sr.Officer / Executive - Internal Audit,0.61,0.5638356694653865
Data Science Engineer,0.483333333,0.5636139663334173
Mechanical Designer,0.45,0.563589503752149
Head of Internal Control & Compliance (ICC) - SEVP/DMD,0.55,0.5634442841166774
Executive - VAT,0.75,0.5633389668660244
Business Development Executive,0.543333333,0.5631598133965646
Marketing Officer,0.45,0.5631098228449073
Project Coordinator (Civil),0.55,0.5630964402260358
Mechanical Designer,0.75,0.5630683470137808
Executive - VAT,0.563333333,0.5630236827642794
Executive - VAT,0.483333333,0.5628805086121496
"Manager- Human Resource Management (HRM)
",0.45,0.5628140547047892
Sr.Officer / Executive - Internal Audit,0.716666667,0.562784021729069
Head of Internal Control & Compliance (ICC) - SEVP/DMD,0.65,0.5627711501880228
"Manager- Human Resource Management (HRM)
",0.493333333,0.562604753563699
Marketing Officer,0.35,0.5625721673078343
Project Coordinator (Civil),0.416666667,0.5625541501772395
Mechanical Engineer,0.65,0.5623435744614544
HR Officer,0.5,0.5622185916331671
Data Engineer,0.34,0.5621912005961952
Mechanical Designer,0.583333333,0.5621621944210969
Marketing Officer,0.383333333,0.562145916180009
Mechanical Designer,0.65,0.5619511123792224
Mechanical Engineer,0.65,0.5619486555150364
Marketing Officer,0.55,0.5619372939772386
Site Engineer,0.59,0.5618705189474976
Senior iOS Engineer,0.316666667,0.5617755839515028
"Manager- Human Resource Management (HRM)
",0.75,0.5617601792829549
Data Engineer,0.573333333,0.5617338972722176
Site Engineer,0.483333333,0.5616640794106753
Project Coordinator (Civil),0.483333333,0.56143365650358
Data Science Engineer,0.85,0.5614136368520135
Business Development Executive,0.55,0.5613580282225651
Project Coordinator (Civil),0.483333333,0.561303917841764
Data Engineer,0.45,0.561262596161191
"Manager- Human Resource Management (HRM)
",0.65,0.5612408505468515
Sr.Officer / Executive - Internal Audit,0.45,0.5611883953129233
Mechanical Engineer,0.35,0.5610661212222267
Site Engineer,0.583333333,0.5609828438797728
Sr.Officer / Executive - Internal Audit,0.35,0.5609626392376614
Executive - VAT,0.466666667,0.5609212478949669
Data Science Engineer,0.273333333,0.5609198700228948
Business Development Executive,0.49,0.56089839744513
Business Development Executive,0.65,0.5608258853671035
Business Development Executive,0.65,0.5607957049621415
Site Engineer,0.65,0.5607872186834523
Executive - VAT,0.56,0.560671725222578
Sr.Officer / Executive - Internal Audit,0.45,0.5606502747694468
Head of Internal Control & Compliance (ICC) - SEVP/DMD,0.533333333,0.5606100422581378
Civil Engineer,0.366666667,0.560427820916347
HR Officer,0.48,0.5603760197867867
Marketing Officer,0.556666667,0.5602555238202217
Intern (Generative AI Engineering - 2D/3D Image Generation),0.533333333,0.5601227933372896
Civil Engineer,0.516666667,0.5601012500164493
HR Officer,0.433333333,0.5600745237790784
Mechanical Engineer,0.35,0.5600374195813199
Business Development Executive,0.65,0.559950705708127
Civil Engineer,0.65,0.5599351629821121
Head of Internal Control & Compliance (ICC) - SEVP/DMD,0.44,0.5599263610664901
Sr.Officer / Executive - Internal Audit,0.56,0.559858681294351
Sr.Officer / Executive - Internal Audit,0.35,0.5597293334825232
Sr.Officer / Executive - Internal Audit,0.45,0.5596556641482868
Senior Software Engineer,0.55,0.5596411437739198
DevOps Engineer,0.576666667,0.5595786573069591
Senior Software Engineer,0.683333333,0.5595538673665249
Site Engineer,0.35,0.559493813240893
HR Officer,0.516666667,0.5594812159088829
"Full Stack Developer (Python,React js)",0.35,0.5594386040689076
Civil Engineer,0.77,0.5593817128065613
Intern (Generative AI Engineering - 2D/3D Image Generation),0.55,0.5593728398247917
Executive - VAT,0.616666667,0.5593579284299496
HR Officer,0.35,0.5593471084438254
Mechanical Designer,0.686666667,0.5592705855712097
Mechanical Designer,0.716666667,0.5591599906910912
HR Officer,0.85,0.5589143993943771
Civil Engineer,0.85,0.5588495017046092
Data Science Engineer,0.35,0.5587971406325347
Civil Engineer,0.716666667,0.5587376723839982
Site Engineer,0.55,0.558690633504144
Marketing Officer,0.55,0.5586602118674496
Head of Internal Control & Compliance (ICC) - SEVP/DMD,0.35,0.5585407009249518
Intern (Generative AI Engineering - 2D/3D Image Generation),0.406666667,0.5584437928762741
Head of Internal Control & Compliance (ICC) - SEVP/DMD,0.583333333,0.5584102979688063
Executive - VAT,0.556666667,0.5583405349215301
Sr.Officer / Executive - Internal Audit,0.65,0.558276005744627
Marketing Officer,0.4,0.5581760587885741
Business Development Executive,0.683333333,0.5581699123761344
Marketing Officer,0.65,0.5581409561630105
HR Officer,0.533333333,0.5581064031094745
Business Development Executive,0.65,0.557949777896419
HR Officer,0.516666667,0.557633134046058
DevOps Engineer,0.283333333,0.557614162441647
Data Science Engineer,0.55,0.5575593372820576
Marketing Officer,0.583333333,0.5575470570421063
Data Science Engineer,0.25,0.5575307639974937
"Manager- Human Resource Management (HRM)
",0.45,0.5575165538059299
"Manager- Human Resource Management (HRM)
",0.583333333,0.5574870762863946
HR Officer,0.616666667,0.5572757676355468
Business Development Executive,0.616666667,0.5569846990252092
Sr.Officer / Executive - Internal Audit,0.45,0.5569394048032977
HR Officer,0.65,0.556796271748206
Mechanical Engineer,0.35,0.5567091694881919
Executive - VAT,0.583333333,0.5566408347676535
Executive - VAT,0.516666667,0.5565781521518338
Marketing Officer,0.45,0.5565255997184256
Head of Internal Control & Compliance (ICC) - SEVP/DMD,0.683333333,0.5565110803918959
Marketing Officer,0.62,0.5563934933193169
Mechanical Designer,0.6,0.5562822413070188
HR Officer,0.6,0.556137174644874
Head of Internal Control & Compliance (ICC) - SEVP/DMD,0.333333333,0.5561196157317545
Head of Internal Control & Compliance (ICC) - SEVP/DMD,0.65,0.5558967169948555
Business Development Executive,0.483333333,0.555780436891975
Civil Engineer,0.49,0.5557722262976404
Mechanical Designer,0.683333333,0.5556612787241353
Marketing Officer,0.583333333,0.5556130909807083
Civil Engineer,0.65,0.5555821106635044
HR Officer,0.533333333,0.5554727983924765
HR Officer,0.35,0.5552381328508941
Civil Engineer,0.44,0.5552352128450877
Mechanical Engineer,0.333333333,0.5550868322343893
Senior Software Engineer,0.473333333,0.5549887767613653
Marketing Officer,0.45,0.5549540441666724
Data Science Engineer,0.65,0.5547701256391175
Mechanical Designer,0.446666667,0.5547130782508216
Project Coordinator (Civil),0.483333333,0.5537921906767125
Senior Software Engineer,0.35,0.5537909842315517
Mechanical Engineer,0.55,0.5536946344820575
Civil Engineer,0.416666667,0.5533457754655056
Data Science Engineer,0.346666667,0.553313352075011
Marketing Officer,0.566666667,0.5532847566195642
Marketing Officer,0.55,0.5530394790695249
Executive - VAT,0.523333333,0.5530146810779787
HR Officer,0.616666667,0.5529591262396678
Sr.Officer / Executive - Internal Audit,0.533333333,0.5527290595453032
Marketing Officer,0.483333333,0.5527013394534765
Senior Software Engineer,0.35,0.5526263034075825
Mechanical Designer,0.35,0.5526261822853737
Marketing Officer,0.52,0.5526153359291435
Project Coordinator (Civil),0.316666667,0.5525891514053526
HR Officer,0.546666667,0.5524743232386257
Site Engineer,0.583333333,0.5524499487422019
Site Engineer,0.383333333,0.5524050728098825
Civil Engineer,0.65,0.5523344894587748
Marketing Officer,0.716666667,0.5522926133378059
Senior iOS Engineer,0.35,0.5522851144275718
HR Officer,0.58,0.5520792140646184
Marketing Officer,0.573333333,0.5519846858641563
Mechanical Designer,0.716666667,0.551955599147416
"Manager- Human Resource Management (HRM)
",0.483333333,0.551868168949857
Marketing Officer,0.626666667,0.5518467164820319
Marketing Officer,0.516666667,0.551779023386894
"Manager- Human Resource Management (HRM)
",0.616666667,0.5516990417304122
Head of Internal Control & Compliance (ICC) - SEVP/DMD,0.616666667,0.5516605103713413
HR Officer,0.516666667,0.551523161354572
Site Engineer,0.65,0.5513205678367962
Marketing Officer,0.65,0.5512702974246306
Project Coordinator (Civil),0.45,0.5512590731084865
Executive/ Sr. Executive -IT,0.643333333,0.5512371582127504
Executive - VAT,0.556666667,0.5510925804823515
Site Engineer,0.57,0.5510303651063818
Mechanical Engineer,0.6,0.5509916293449416
Head of Internal Control & Compliance (ICC) - SEVP/DMD,0.683333333,0.5508007203003302
Project Coordinator (Civil),0.65,0.5507741058777911
Senior Software Engineer,0.683333333,0.5507471609420354
Site Engineer,0.783333333,0.5507131395281617
Project Coordinator (Civil),0.65,0.550552512382377
Intern (Generative AI Engineering - 2D/3D Image Generation),0.673333333,0.5504500538073087
Marketing Officer,0.55,0.550361461762385
HR Officer,0.616666667,0.5503273808060792
Business Development Executive,0.583333333,0.5502661346162793
Project Coordinator (Civil),0.55,0.5502245575792356
"Manager- Human Resource Management (HRM)
",0.55,0.550121660163281
Mechanical Engineer,0.516666667,0.5500514278071648
Civil Engineer,0.583333333,0.549874758564086
Project Coordinator (Civil),0.55,0.5497810328575397
"Manager- Human Resource Management (HRM)
",0.55,0.5497564455242804
Site Engineer,0.6,0.5497200837877996
Business Development Executive,0.65,0.5497146317126582
"Manager- Human Resource Management (HRM)
",0.423333333,0.5496689056489046
Marketing Officer,0.526666667,0.5496435197376147
"Manager- Human Resource Management (HRM)
",0.35,0.5496000074187195
Data Science Engineer,0.6,0.5495865241390694
Mechanical Engineer,0.606666667,0.54952809437054
Data Science Engineer,0.55,0.5493853155981309
Marketing Officer,0.62,0.549312303389579
Head of Internal Control & Compliance (ICC) - SEVP/DMD,0.716666667,0.5491983367924931
Marketing Officer,0.546666667,0.5491453180495189
Site Engineer,0.75,0.548964380392528
Executive - VAT,0.586666667,0.5489042321253745
Data Science Engineer,0.683333333,0.5488319452483457
Business Development Executive,0.57,0.5487597219226682
"Full Stack Developer (Python,React js)",0.466666667,0.5484958295799894
Executive - VAT,0.416666667,0.5482955191087904
Marketing Officer,0.566666667,0.5482444327495025
Executive - VAT,0.65,0.5480894237994246
DevOps Engineer,0.6,0.5479161113882526
"Manager- Human Resource Management (HRM)
",0.55,0.5478366719018634
Executive - VAT,0.49,0.547827744195076
Business Development Executive,0.616666667,0.5477949526751237
Marketing Officer,0.583333333,0.5477541501812246
Project Coordinator (Civil),0.65,0.5476692377056447
"Manager- Human Resource Management (HRM)
",0.35,0.547639003676617
Sr.Officer / Executive - Internal Audit,0.623333333,0.5476376094922338
Marketing Officer,0.58,0.5475761138714892
Civil Engineer,0.65,0.5475470195010245
Head of Internal Control & Compliance (ICC) - SEVP/DMD,0.65,0.5474876611882625
Head of Internal Control & Compliance (ICC) - SEVP/DMD,0.35,0.5473919144327423
HR Officer,0.533333333,0.5473268955530068
Business Development Executive,0.56,0.5473237050659009
Marketing Officer,0.623333333,0.5472850427801187
Marketing Officer,0.5,0.5471157760251366
DevOps Engineer,0.55,0.5471129541242072
Intern (Generative AI Engineering - 2D/3D Image Generation),0.283333333,0.5470300910605304
"Manager- Human Resource Management (HRM)
",0.85,0.5469393772845345
Senior Software Engineer,0.576666,0.5469391430491349
HR Officer,0.75,0.5469359604573941
Sr.Officer / Executive - Internal Audit,0.5,0.5466811844892968
Marketing Officer,0.59,0.5465967879272883
Business Development Executive,0.546666667,0.5465446585438416
Executive/ Sr. Executive -IT,0.35,0.5465382499175214
Business Development Executive,0.65,0.5463869068829889
"Manager- Human Resource Management (HRM)
",0.443333333,0.546167707783314
DevOps Engineer,0.383333333,0.5461368808099424
Marketing Officer,0.65,0.5460146703996938
Site Engineer,0.65,0.5459676130665758
Civil Engineer,0.233333333,0.5458665303116177
Executive - VAT,0.573333333,0.5457505720227759
Data Science Engineer,0.316666667,0.5457237478330869
Site Engineer,0.583333333,0.5455418650291952
Mechanical Engineer,0.65,0.5454612489235865
Mechanical Engineer,0.6,0.5454462756784317
Business Development Executive,0.533333333,0.5454210863652355
Executive - VAT,0.416666667,0.545396549567733
Data Science Engineer,0.65,0.5453952680495722
Civil Engineer,0.533333333,0.5453083243711777
Site Engineer,0.45,0.5452330584795763
HR Officer,0.316666667,0.545186971301632
Data Science Engineer,0.55,0.544948051288261
Sr.Officer / Executive - Internal Audit,0.41,0.5449465178391922
Business Development Executive,0.383333333,0.5449338120785615
Sr.Officer / Executive - Internal Audit,0.626666667,0.5448753092070745
Mechanical Designer,0.65,0.5448593904543714
HR Officer,0.483333333,0.5448294632984471
Marketing Officer,0.536666667,0.5448244473777855
HR Officer,0.486666667,0.5444182062444143
Business Development Executive,0.533333333,0.54432455141453
Executive - VAT,0.45,0.5442334270174263
Business Development Executive,0.373333333,0.5442222223037038
Civil Engineer,0.45,0.5441992676592412
Mechanical Engineer,0.65,0.5441365392425963
Senior Software Engineer,0.583333333,0.5441234498874569
Civil Engineer,0.693333333,0.5441193713769001
Executive - VAT,0.65,0.5440565598133599
HR Officer,0.55,0.5440372193551766
Marketing Officer,0.35,0.5438492483590102
Sr.Officer / Executive - Internal Audit,0.35,0.543655876188247
Site Engineer,0.55,0.5436445340910822
HR Officer,0.583333333,0.543509220057421
Marketing Officer,0.54,0.5434991290731847
Business Development Executive,0.316666667,0.5433570234973623
Site Engineer,0.65,0.5433522911224558
Project Coordinator (Civil),0.483333333,0.5432771058613014
HR Officer,0.623333333,0.5431833228477044
Mechanical Designer,0.483333333,0.5431778814877726
"Manager- Human Resource Management (HRM)
",0.41,0.5431557908641226
Sr.Officer / Executive - Internal Audit,0.6,0.5431245436100239
Intern (Generative AI Engineering - 2D/3D Image Generation),0.216666667,0.5430925567530274
Mechanical Designer,0.65,0.5430879848666155
Mechanical Engineer,0.25,0.5430335785219985
Executive - VAT,0.5,0.5429748108120024
"Manager- Human Resource Management (HRM)
",0.383333333,0.5426555371388989
Mechanical Engineer,0.35,0.5426297803943709
HR Officer,0.453333333,0.5425984708073109
Marketing Officer,0.613333333,0.5425113700226984
Site Engineer,0.65,0.542439185122028
"Full Stack Developer (Python,React js)",0.44,0.5423537363771512
Marketing Officer,0.623333333,0.5422137754753109
Marketing Officer,0.53,0.5421497121292048
"Manager- Human Resource Management (HRM)
",0.45,0.542121241624816
Site Engineer,0.383333333,0.542058371602505
Marketing Officer,0.65,0.5418936330602274
Executive - VAT,0.65,0.5418521580960798
Project Coordinator (Civil),0.35,0.5418182145013798
"Manager- Human Resource Management (HRM)
",0.45,0.5417378356746089
Marketing Officer,0.65,0.5416379277995518
Senior Software Engineer,0.65,0.5415905257982041
Site Engineer,0.383333333,0.5415657360502533
Senior Software Engineer,0.483333333,0.5415188325334328
Project Coordinator (Civil),0.483333333,0.5412789326289374
Executive - VAT,0.583333333,0.5412567426321475
Marketing Officer,0.416666667,0.5412237916028251
Head of Internal Control & Compliance (ICC) - SEVP/DMD,0.346666667,0.5412071227516361
Marketing Officer,0.55,0.5411436120730271
Business Development Executive,0.583333333,0.5411006817204671
Mechanical Designer,0.783333333,0.5410435789865318
Business Development Executive,0.5,0.5410086102688083
Executive - VAT,0.45,0.5410060681210879
Executive - VAT,0.65,0.5409746780874715
Civil Engineer,0.55,0.5409525477043925
DevOps Engineer,0.716666667,0.5407990996570574
Business Development Executive,0.546666667,0.5407662095097509
Mechanical Engineer,0.493333333,0.5405832077082608
Head of Internal Control & Compliance (ICC) - SEVP/DMD,0.383333333,0.5405228266305723
Sr.Officer / Executive - Internal Audit,0.35,0.5405100774685513
Mechanical Engineer,0.35,0.5403521985219865
Civil Engineer,0.55,0.5403376612014639
Civil Engineer,0.583333333,0.540331869283537
Data Engineer,0.35,0.5402732983442571
Senior Software Engineer,0.35,0.5402599286498581
Marketing Officer,0.75,0.5402092193192253
Executive - VAT,0.523333333,0.5401739577557533
Mechanical Engineer,0.35,0.5399037240547899
Executive - VAT,0.576666667,0.5398811355116749
Civil Engineer,0.65,0.5398489809333339
HR Officer,0.383333333,0.5398281847099573
Mechanical Designer,0.333333333,0.5397987217919819
Site Engineer,0.416666667,0.5397654948727061
Data Science Engineer,0.55,0.5397390947095293
"Full Stack Developer (Python,React js)",0.583333333,0.5397128934439204
Project Coordinator (Civil),0.45,0.5396778660001305
Mechanical Engineer,0.65,0.5395680030459126
Site Engineer,0.45,0.5395104288419892
Management Trainee - Mechanical,0.443333333,0.5395056584416732
"Manager- Human Resource Management (HRM)
",0.45,0.5394808684117769
Mechanical Designer,0.433333333,0.5394353432095623
Mechanical Engineer,0.65,0.5394029524477498
Marketing Officer,0.55,0.5391760898003759
Data Science Engineer,0.65,0.5391607179071625
HR Officer,0.65,0.5390120449180309
Marketing Officer,0.49,0.5389568803617845
Head of Internal Control & Compliance (ICC) - SEVP/DMD,0.55,0.5388962873862142
"Full Stack Developer (Python,React js)",0.466666667,0.5388728713772486
HR Officer,0.516666667,0.5388100044292542
Project Coordinator (Civil),0.55,0.5387627011628079
Business Development Executive,0.65,0.5387474011638477
Executive - VAT,0.473333333,0.5386389227895321
Mechanical Designer,0.65,0.538330642841094
Site Engineer,0.65,0.5383016596564453
Civil Engineer,0.6,0.5382740225793197
HR Officer,0.566666667,0.5381584623545417
Senior Software Engineer,0.45,0.5381120407017048
Marketing Officer,0.65,0.5380486440428791
Marketing Officer,0.55,0.5379096407767122
Head of Internal Control & Compliance (ICC) - SEVP/DMD,0.55,0.5378580706733946
Marketing Officer,0.5,0.5378578712789837
Data Science Engineer,0.273333333,0.537727489844103
HR Officer,0.416666667,0.5377131794563632
Sr.Officer / Executive - Internal Audit,0.35,0.5376709101604447
HR Officer,0.65,0.5376430269042678
Marketing Officer,0.62,0.5373665287059335
Business Development Executive,0.603333333,0.537313513507518
Data Science Engineer,0.45,0.5372836319214277
Management Trainee - Mechanical,0.483333333,0.5371830719311758
Data Science Engineer,0.45,0.5371460228391333
Mechanical Engineer,0.35,0.5370242816999631
Mechanical Engineer,0.65,0.5369887688459035
Intern (Generative AI Engineering - 2D/3D Image Generation),0.413333333,0.5368997770819461
Mechanical Engineer,0.583333333,0.536816387195623
Civil Engineer,0.316666667,0.5367397239351732
Civil Engineer,0.65,0.5366273161966649
Mechanical Engineer,0.543333333,0.5364266729020258
Project Coordinator (Civil),0.183333333,0.5364200298813278
HR Officer,0.45,0.536324121411524
Executive - VAT,0.45,0.5362868199141948
Project Coordinator (Civil),0.316666667,0.5361460345561894
Mechanical Designer,0.65,0.535956643454316
Marketing Officer,0.506666667,0.5359543791907946
"Full Stack Developer (Python,React js)",0.38,0.5359207099968577
Site Engineer,0.333333333,0.5359156233148579
Civil Engineer,0.77,0.5358061238138474
Data Engineer,0.336666667,0.5357433433391718
Executive - VAT,0.55,0.5356948217751791
Mechanical Designer,0.65,0.5356590465118171
Mechanical Designer,0.726666667,0.5352739378562348
Mechanical Engineer,0.583333333,0.5351772537352925
Project Coordinator (Civil),0.55,0.5351698646470747
Executive - VAT,0.45,0.534954919757193
Sr.Officer / Executive - Internal Audit,0.593333333,0.534944574762906
Civil Engineer,0.583333333,0.5348736275521768
Business Development Executive,0.65,0.5346358120703788
Site Engineer,0.45,0.5344634102077788
Marketing Officer,0.53,0.5343965778682487
Mechanical Engineer,0.35,0.5343705863653095
Business Development Executive,0.62,0.5343342118062191
Senior Software Engineer,0.35,0.5342910459372398
Project Coordinator (Civil),0.65,0.5341433007762411
Mechanical Engineer,0.283333333,0.5340909502849579
Civil Engineer,0.583333333,0.5340624906684932
Executive - VAT,0.533333333,0.5339922281985691
Senior Software Engineer,0.85,0.5339797282493869
Mechanical Designer,0.683333333,0.5339668464898986
Business Development Executive,0.506666667,0.5339014340986474
Mechanical Designer,0.283333333,0.533854662207806
Marketing Officer,0.383333333,0.5338402327017095
Business Development Executive,0.606666667,0.53383234459458
"Manager- Human Resource Management (HRM)
",0.45,0.5338321490938859
"Full Stack Developer (Python,React js)",0.35,0.5337471981533031
HR Officer,0.483333333,0.533728400096149
"Manager- Human Resource Management (HRM)
",0.35,0.533697963529464
Business Development Executive,0.506666667,0.5336761955150237
Marketing Officer,0.613333333,0.5336748013581937
Business Development Executive,0.316666667,0.533608604003994
Sr.Officer / Executive - Internal Audit,0.503333333,0.5335960784980277
Head of Internal Control & Compliance (ICC) - SEVP/DMD,0.45,0.533516583566005
HR Officer,0.516666667,0.5334353993270202
Marketing Officer,0.516666667,0.5333735478551793
Head of Internal Control & Compliance (ICC) - SEVP/DMD,0.483333333,0.5333380745371834
Mechanical Engineer,0.5,0.5332103567891939
Civil Engineer,0.54,0.5330334461732775
Marketing Officer,0.35,0.5329677623603634
Project Coordinator (Civil),0.35,0.532631474890145
Mechanical Engineer,0.65,0.532614610700209
Site Engineer,0.383333333,0.5324231397002304
Data Science Engineer,0.316666667,0.5324158867126715
Marketing Officer,0.65,0.5323123960629788
HR Officer,0.62,0.5321884194537105
Mechanical Designer,0.45,0.5321390560045172
Senior Software Engineer,0.35,0.5320475610002772
Marketing Officer,0.613333333,0.5319885539316068
Business Development Executive,0.516666667,0.5318720963197258
"Manager- Human Resource Management (HRM)
",0.636666667,0.5318684778743801
Site Engineer,0.45,0.5318078353513936
Civil Engineer,0.5,0.5317787386733293
Mechanical Engineer,0.65,0.5316630607544293
Sr.Officer / Executive - Internal Audit,0.5,0.5315941936677533
HR Officer,0.543333333,0.5315655215122578
Marketing Officer,0.416666667,0.5314365340648731
Civil Engineer,0.2,0.531408157704304
Machine Learning (ML) Engineer,0.35,0.531377415229159
Data Science Engineer,0.206666667,0.5313172680126255
Civil Engineer,0.583333333,0.5310550517858258
Executive - VAT,0.596666667,0.5310430318560929
Civil Engineer,0.516666667,0.5307415552853407
"Manager- Human Resource Management (HRM)
",0.65,0.5307164484693702
Sr.Officer / Executive - Internal Audit,0.426666667,0.5305459130122365
Site Engineer,0.516666667,0.5305235492413914
HR Officer,0.553333333,0.5302795961531043
Data Engineer,0.346666667,0.5301988476917374
Executive - VAT,0.45,0.5301549473247653
Site Engineer,0.55,0.5299823036926213
Mechanical Engineer,0.4,0.5298961831209309
Business Development Executive,0.426666667,0.5297839149779643
Senior Software Engineer,0.65,0.5295067205425915
Mechanical Designer,0.45,0.529446498502662
Senior iOS Engineer,0.323333333,0.5294400303100218
"Manager- Human Resource Management (HRM)
",0.333333333,0.5294186695066012
Mechanical Designer,0.65,0.5294164028154146
Business Development Executive,0.52,0.5293318254058551
Business Development Executive,0.626666667,0.5293062048168792
Business Development Executive,0.573333333,0.5292392646448777
Senior Software Engineer,0.55,0.5291001519299975
Site Engineer,0.516666667,0.5289892222215642
"Manager- Human Resource Management (HRM)
",0.62,0.5289583462023346
Head of Internal Control & Compliance (ICC) - SEVP/DMD,0.45,0.528922863598507
Head of Internal Control & Compliance (ICC) - SEVP/DMD,0.55,0.5288727655957643
HR Officer,0.543333333,0.5287128130510288
Site Engineer,0.44,0.5286832794554318
Head of Internal Control & Compliance (ICC) - SEVP/DMD,0.45,0.5285734137161088
HR Officer,0.35,0.5285482251555541
Head of Internal Control & Compliance (ICC) - SEVP/DMD,0.45,0.5285083974791596
HR Officer,0.65,0.5284161668190793
Business Development Executive,0.47,0.5283090599998722
Mechanical Designer,0.65,0.5282285660798158
Marketing Officer,0.483333333,0.5281996710885395
Marketing Officer,0.35,0.5281085459697369
HR Officer,0.416666667,0.5281018226284091
Mechanical Engineer,0.45,0.5280892341093364
"Manager- Human Resource Management (HRM)
",0.526666667,0.5280409332189843
HR Officer,0.45,0.5280192298658065
"Manager- Human Resource Management (HRM)
",0.583333333,0.5279665575648012
Marketing Officer,0.65,0.527853276003017
Site Engineer,0.506666667,0.5276291017082125
Project Coordinator (Civil),0.316666667,0.5274903585446148
Senior Software Engineer,0.45,0.5274556867241248
Project Coordinator (Civil),0.45,0.5274168862711293
Project Coordinator (Civil),0.55,0.5272047822752539
HR Officer,0.65,0.5271749288342029
Civil Engineer,0.85,0.5271582289633059
Mechanical Designer,0.666666667,0.5270408217539587
Mechanical Engineer,0.65,0.5269908212725615
Executive - VAT,0.486666667,0.5268423500593385
Marketing Officer,0.76,0.5268099800389369
Head of Internal Control & Compliance (ICC) - SEVP/DMD,0.35,0.5267997843615494
HR Officer,0.35,0.5267087968092142
Project Coordinator (Civil),0.45,0.5266099982273467
"Manager- Human Resource Management (HRM)
",0.283333333,0.5265115290683592
Business Development Executive,0.433333333,0.5263619014890195
Data Science Engineer,0.283333333,0.5263386385891614
Head of Internal Control & Compliance (ICC) - SEVP/DMD,0.75,0.5262228509098213
Marketing Officer,0.483333333,0.5258171026684835
Head of Internal Control & Compliance (ICC) - SEVP/DMD,0.85,0.5258159135230704
HR Officer,0.416666667,0.5257456300652333
Sr.Officer / Executive - Internal Audit,0.55,0.5257435577859721
Marketing Officer,0.45,0.5257336104828173
Head of Internal Control & Compliance (ICC) - SEVP/DMD,0.65,0.5256858264146348
Mechanical Engineer,0.65,0.5256643829512666
Civil Engineer,0.48,0.5254669562340873
Business Development Executive,0.76,0.5254539361571525
Marketing Officer,0.516666667,0.5254219484523149
Site Engineer,0.35,0.5254090205039716
Senior Software Engineer,0.35,0.5253418822977629
Executive - VAT,0.44,0.5253075906467728
Data Science Engineer,0.65,0.5252617399416426
Mechanical Engineer,0.35,0.525163342268592
Data Science Engineer,0.406666667,0.5251012636944594
"Manager- Human Resource Management (HRM)
",0.35,0.5246534654689187
Civil Engineer,0.65,0.5245408905852122
Executive - VAT,0.45,0.524537515932831
Marketing Officer,0.6,0.5243312149251392
Executive - VAT,0.466666667,0.5243026177165154
Head of Internal Control & Compliance (ICC) - SEVP/DMD,0.483333333,0.5243016006436457
Marketing Officer,0.65,0.5242748982098271
"Full Stack Developer (Python,React js)",0.59,0.5242556433110115
Marketing Officer,0.483333333,0.524223013026797
Business Development Executive,0.6,0.5242195061488358
Sr.Officer / Executive - Internal Audit,0.41,0.5241847005589532
Mechanical Designer,0.583333333,0.5240065371246097
Business Development Executive,0.65,0.5239354348784472
Civil Engineer,0.65,0.5237780826039763
Project Coordinator (Civil),0.31,0.523631693135807
Civil Engineer,0.55,0.523480162958571
Head of Internal Control & Compliance (ICC) - SEVP/DMD,0.583333333,0.5234313575945297
"Manager- Human Resource Management (HRM)
",0.35,0.5233906263214928
Marketing Officer,0.416666667,0.5233901448417838
Marketing Officer,0.55,0.5232366316785556
Business Development Executive,0.623333333,0.5231533683031896
Executive - VAT,0.573333333,0.5231370330148688
Civil Engineer,0.366666667,0.5231315723847816
Senior Software Engineer,0.55,0.5230242239589012
Data Science Engineer,0.65,0.5229599271445114
Project Coordinator (Civil),0.4,0.5229225641097494
Data Science Engineer,0.673333333,0.5226925236752331
Data Science Engineer,0.406666667,0.5226655474177979
Project Coordinator (Civil),0.206666667,0.5225359116398506
Project Coordinator (Civil),0.65,0.5225289638532646
HR Officer,0.416666667,0.5225263811174962
Sr.Officer / Executive - Internal Audit,0.35,0.5225195098583373
Mechanical Engineer,0.55,0.5224656458899617
"Manager- Human Resource Management (HRM)
",0.45,0.5223658877923774
HR Officer,0.586666667,0.5222849996225185
"Manager- Human Resource Management (HRM)
",0.426666667,0.5222598654916025
Civil Engineer,0.516666667,0.521975870903134
Marketing Officer,0.406666667,0.5219496662940311
Civil Engineer,0.65,0.5218760579476963
HR Officer,0.583333333,0.5217057759588859
Executive - VAT,0.483333333,0.5216411749843559
Project Coordinator (Civil),0.45,0.5215078599527628
Site Engineer,0.65,0.5214703539234501
Marketing Officer,0.58,0.5214256416823383
Head of Internal Control & Compliance (ICC) - SEVP/DMD,0.233333333,0.5212650947329567
Marketing Officer,0.416666667,0.5211242531278428
"Full Stack Developer (Python,React js)",0.34,0.5211068292985002
HR Officer,0.496666667,0.5210519426396663
HR Officer,0.486666667,0.5210360538054596
Head of Internal Control & Compliance (ICC) - SEVP/DMD,0.45,0.521013365782346
Project Coordinator (Civil),0.45,0.5207070990188707
Mechanical Engineer,0.416666667,0.520661508361515
Senior Software Engineer,0.583333333,0.5206252241377315
Marketing Officer,0.35,0.5205934327493854
Business Development Executive,0.416666667,0.5205548160949811
Marketing Officer,0.45,0.520540937366368
Executive - VAT,0.516666667,0.520343961288752
Business Development Executive,0.476666667,0.5199777977759279
Site Engineer,0.4,0.5199120868153344
Marketing Officer,0.583333333,0.5199114725535078
Business Development Executive,0.536666667,0.5198818463411506
Site Engineer,0.583333333,0.5198563900372558
Data Engineer,0.35,0.5198329637686474
Marketing Officer,0.603333333,0.5197540407053952
Civil Engineer,0.54,0.5195219124560805
Head of Internal Control & Compliance (ICC) - SEVP/DMD,0.316666667,0.5195086564339451
HR Officer,0.45,0.5194811472844989
Marketing Officer,0.563333333,0.5194674532204664
DevOps Engineer,0.54,0.5191771864106038
Data Engineer,0.893333333,0.5191658097740779
Business Development Executive,0.626666667,0.51913444637142
Mechanical Designer,0.65,0.5190682109156357
Mechanical Engineer,0.45,0.5190574138243116
Executive - VAT,0.35,0.5188592620987525
Data Science Engineer,0.346666667,0.5188547155718588
Business Development Executive,0.556666667,0.5187875902524578
Site Engineer,0.35,0.5187757034568573
Executive - VAT,0.503333333,0.5187272608877034
Business Development Executive,0.483333333,0.5186952311541121
Management Trainee - Mechanical,0.35,0.5185674871492171
Head of Internal Control & Compliance (ICC) - SEVP/DMD,0.45,0.5185113106521517
Mechanical Engineer,0.55,0.5184255192770486
HR Officer,0.62,0.5183038749852955
Mechanical Designer,0.76,0.518178886802027
Civil Engineer,0.313333333,0.5181492491424933
Head of Internal Control & Compliance (ICC) - SEVP/DMD,0.583333333,0.5180552541639887
Executive - VAT,0.45,0.518029700148728
Business Development Executive,0.52,0.5177397037811737
Site Engineer,0.583333333,0.5176589622399301
Executive/ Sr. Executive -IT,0.41,0.5173168080046632
Mechanical Engineer,0.316666667,0.517293690880873
Site Engineer,0.516666667,0.5172260220371675
Business Development Executive,0.49,0.5171960101333442
Business Development Executive,0.55,0.5171443905462281
"Manager- Human Resource Management (HRM)
",0.35,0.517130526383633
Data Science Engineer,0.35,0.5169377818823719
Mechanical Engineer,0.399999,0.5169057147441911
Intern (Generative AI Engineering - 2D/3D Image Generation),0.316666667,0.5168983008798318
Senior Software Engineer,0.25,0.5168400348678927
Civil Engineer,0.44,0.5168263681025178
Mechanical Designer,0.683333333,0.5167368878501304
Site Engineer,0.55,0.5167097195066244
Senior Software Engineer,0.35,0.5166776869658801
Business Development Executive,0.55,0.5164954923981101
Marketing Officer,0.613333333,0.516474197244557
Mechanical Engineer,0.333333333,0.5163299034588954
"Manager- Human Resource Management (HRM)
",0.35,0.5163043451740517
Executive - VAT,0.383333333,0.5161522542862147
Business Development Executive,0.62,0.5161343260468759
Business Development Executive,0.48,0.5161014999336061
Marketing Officer,0.623333333,0.5158338723131617
Project Coordinator (Civil),0.333333333,0.5158002773472287
Marketing Officer,0.416666667,0.5157744296759444
Business Development Executive,0.546666667,0.5157040362841437
HR Officer,0.383333333,0.5155605657501305
Executive - VAT,0.35,0.5152876366382803
Site Engineer,0.65,0.5152838440571132
HR Officer,0.466666667,0.515064411467251
"Manager- Human Resource Management (HRM)
",0.35,0.5149783326356293
Site Engineer,0.483333333,0.514947812961905
Senior Software Engineer,0.45,0.5147967034780379
Site Engineer,0.716666667,0.5147846357519058
Site Engineer,0.55,0.5147563641884673
HR Officer,0.65,0.5147354136686674
Marketing Officer,0.516666667,0.5147106411536965
Mechanical Engineer,0.65,0.5146691956369356
"Manager- Human Resource Management (HRM)
",0.35,0.5146211021538057
Site Engineer,0.583333333,0.5145932869185288
Business Development Executive,0.416666667,0.5145668706552105
Intern (Generative AI Engineering - 2D/3D Image Generation),0.473333333,0.5145607363052453
"Manager- Human Resource Management (HRM)
",0.35,0.5144142991030098
Mechanical Designer,0.55,0.5143367961099363
Civil Engineer,0.6,0.5143106022580396
Mechanical Engineer,0.65,0.5142288857637466
Head of Internal Control & Compliance (ICC) - SEVP/DMD,0.35,0.5141651167641028
Business Development Executive,0.45,0.5140299445228842
Business Development Executive,0.52,0.5137945146061419
Business Development Executive,0.49,0.5134972818017708
HR Officer,0.516666667,0.5134591268682908
Marketing Officer,0.34,0.5134085873217245
Civil Engineer,0.65,0.5133643565562881
HR Officer,0.416666667,0.5133382381853092
Site Engineer,0.583333333,0.5130019032368475
Civil Engineer,0.266666667,0.5129099231572283
HR Officer,0.383333333,0.5128915835010142
Marketing Officer,0.483333333,0.5128421706546265
Business Development Executive,0.61,0.5127822473995729
Project Coordinator (Civil),0.45,0.5126799516555303
Civil Engineer,0.65,0.5126141369843652
Site Engineer,0.533333333,0.5125789517088651
Mechanical Designer,0.35,0.5124145013148943
Civil Engineer,0.583333333,0.512402750244405
Site Engineer,0.6,0.5123873425721425
Executive - VAT,0.416666667,0.5123611830062896
Mechanical Designer,0.55,0.5123501021766598
Mechanical Designer,0.55,0.5122946527784091
Business Development Executive,0.523333333,0.5122928840489513
HR Officer,0.45,0.5122448297826657
Marketing Officer,0.35,0.512222384541839
Intern (Generative AI Engineering - 2D/3D Image Generation),0.506666667,0.5121572717360349
Marketing Officer,0.42,0.5120281915633398
Data Science Engineer,0.44,0.5117807787326266
Civil Engineer,0.35,0.5117166869869056
Head of Internal Control & Compliance (ICC) - SEVP/DMD,0.383333333,0.5116972530444599
Mechanical Designer,0.3,0.5116263608585693
HR Officer,0.45,0.5115666998654447
Sr.Officer / Executive - Internal Audit,0.35,0.5115193893970571
HR Officer,0.433333333,0.511456409908931
Senior Software Engineer,0.55,0.511424592510163
Head of Internal Control & Compliance (ICC) - SEVP/DMD,0.343333333,0.5113423930260151
Project Coordinator (Civil),0.35,0.5111152476279964
Data Science Engineer,0.383333,0.5108699206335384
Head of Internal Control & Compliance (ICC) - SEVP/DMD,0.65,0.5108636915594845
Project Coordinator (Civil),0.65,0.5107806267051461
Mechanical Designer,0.35,0.5105842904934809
Senior Software Engineer,0.333333333,0.5105340085785439
Head of Internal Control & Compliance (ICC) - SEVP/DMD,0.35,0.5104495365287943
Business Development Executive,0.623333333,0.510393934001379
Civil Engineer,0.283333333,0.5103582749981066
Business Development Executive,0.62,0.5102941251344044
Mechanical Designer,0.65,0.5100491001406218
Mechanical Designer,0.466666667,0.509851901306212
"Manager- Human Resource Management (HRM)
",0.45,0.5097805799384674
Site Engineer,0.45,0.5096488202454836
Executive - VAT,0.383333333,0.5092092168026432
Mechanical Engineer,0.55,0.5092017858442776
Project Coordinator (Civil),0.35,0.5091953443091155
Mechanical Designer,0.35,0.509091673748842
Marketing Officer,0.466666667,0.5090911298279533
Marketing Officer,0.496666667,0.5090298283664928
HR Officer,0.316666667,0.5088577454003496
Site Engineer,0.583333333,0.5087406279290974
Mechanical Designer,0.35,0.5087077603854169
Head of Internal Control & Compliance (ICC) - SEVP/DMD,0.45,0.5086957965907924
Civil Engineer,0.65,0.5085657251960494
Mechanical Engineer,0.55,0.5084924191486098
Head of Internal Control & Compliance (ICC) - SEVP/DMD,0.3,0.5084598316194949
Marketing Officer,0.516666667,0.5083771742465178
Marketing Officer,0.45,0.5083503835933064
Site Engineer,0.45,0.5083358045760359
Mechanical Designer,0.683333,0.5081822675223368
Business Development Executive,0.45,0.5081552226748717
Business Development Executive,0.45,0.5080675045751633
Mechanical Engineer,0.35,0.5079520950727668
Business Development Executive,0.45,0.5079274409335369
Marketing Officer,0.383333333,0.5079010573702385
Civil Engineer,0.383333333,0.5078197875503054
Mechanical Designer,0.35,0.5077273639476735
"Manager- Human Resource Management (HRM)
",0.35,0.5076304573063033
Mechanical Designer,0.65,0.507501541848999
Marketing Officer,0.4,0.5074237738219517
Civil Engineer,0.573333333,0.507372385861171
Marketing Officer,0.526666667,0.5073584121824283
Business Development Executive,0.433333333,0.5071952743320445
HR Officer,0.65,0.5070799348618296
Executive - VAT,0.45,0.5069270831696917
HR Officer,0.35,0.5067418860828499
Data Science Engineer,0.416666667,0.5066576524083013
Sr.Officer / Executive - Internal Audit,0.35,0.5066417413705989
Marketing Officer,0.35,0.506585172616674
Business Development Executive,0.76,0.5064449411938063
Mechanical Designer,0.62,0.5064227333267589
Civil Engineer,0.296666667,0.506404021910449
Marketing Officer,0.406666667,0.5063434996422482
Executive - VAT,0.48,0.506290006969711
Mechanical Engineer,0.55,0.5061898650279929
Business Development Executive,0.416666667,0.5060850164520373
Senior Software Engineer,0.583333333,0.5060015177537373
Mechanical Designer,0.416666667,0.5059860726101503
Site Engineer,0.316666667,0.5059396040733573
Marketing Officer,0.35,0.5059131580145031
Business Development Executive,0.383333333,0.5058761818480613
Intern (Generative AI Engineering - 2D/3D Image Generation),0.4,0.5057764888527501
Mechanical Engineer,0.65,0.5057238268637578
Head of Internal Control & Compliance (ICC) - SEVP/DMD,0.383333333,0.5056883468493146
Data Science Engineer,0.35,0.5056245264506458
Marketing Officer,0.33,0.5055443553713137
Business Development Executive,0.65,0.505385959916242
Sr.Officer / Executive - Internal Audit,0.35,0.5053449399919162
Project Coordinator (Civil),0.383333333,0.5053405424805287
Mechanical Designer,0.45,0.5053317113458241
Business Development Executive,0.516666667,0.5052370517349978
Data Science Engineer,0.45,0.5048691579222481
Marketing Officer,0.38,0.5048657379677683
Data Science Engineer,0.45,0.5047654715514367
Marketing Officer,0.45,0.5047643844788678
Business Development Executive,0.416666667,0.5047521130432145
Civil Engineer,0.65,0.5047450635211861
Senior Software Engineer,0.35,0.5045822661421171
"Manager- Human Resource Management (HRM)
",0.816666667,0.5044834140984175
"Full Stack Developer (Python,React js)",0.416666667,0.5042534425282095
HR Officer,0.49,0.5040220640237483
Data Engineer,0.55,0.5039334679859273
Site Engineer,0.446666667,0.5038883737353108
HR Officer,0.533333333,0.5035795549200124
Mechanical Engineer,0.35,0.5035448440575182
Project Coordinator (Civil),0.416666667,0.5034485552349698
HR Officer,0.52,0.5033326565404428
Civil Engineer,0.406666667,0.5032756115415021
Marketing Officer,0.35,0.5032703424862992
Business Development Executive,0.413333333,0.5031437795811662
Marketing Officer,0.493333333,0.5030431657867118
Marketing Officer,0.45,0.5030174394406015
Business Development Executive,0.506666667,0.5030017931243865
AI Engineer,0.473333333,0.5029232640203324
"Manager- Human Resource Management (HRM)
",0.35,0.502696068214333
Site Engineer,0.306666667,0.5024979596272915
Marketing Officer,0.35,0.5024329782325448
Civil Engineer,0.383333333,0.5024207279554442
Site Engineer,0.516666667,0.5023855690846064
Head of Internal Control & Compliance (ICC) - SEVP/DMD,0.343333333,0.502038026480662
Data Science Engineer,0.416666667,0.5019506679449222
Civil Engineer,0.35,0.5017962700694661
Data Science Engineer,0.35,0.5015924409855731
Site Engineer,0.583333333,0.5011545687433703
Business Development Executive,0.57,0.5010553544018411
Marketing Officer,0.716666667,0.5010308730253862
Marketing Officer,0.433333333,0.5010252356121914
Head of Internal Control & Compliance (ICC) - SEVP/DMD,0.343333333,0.5009731336366062
Head of Internal Control & Compliance (ICC) - SEVP/DMD,0.333333333,0.5005959850583759
Senior Software Engineer,0.316666667,0.5005862174592528
Marketing Officer,0.383333333,0.5005386944896011
Mechanical Engineer,0.45,0.5004781558089391
"Manager- Human Resource Management (HRM)
",0.35,0.5004780186529234
Site Engineer,0.45,0.5004266256313721
Marketing Officer,0.35,0.5003369423900265
Business Development Executive,0.45,0.5002197339079162
Civil Engineer,0.15,0.5000822504449369
Site Engineer,0.266666667,0.49988185896513293
Mechanical Designer,0.35,0.49983459766668875
Data Science Engineer,0.416666667,0.49980707910816413
"Manager- Human Resource Management (HRM)
",0.35,0.4998038816529792
Marketing Officer,0.473333333,0.49960169065079135
Data Science Engineer,0.65,0.49957781621449
Marketing Officer,0.65,0.4993792598305154
Business Development Executive,0.516666667,0.499354655147114
Marketing Officer,0.416666667,0.49935165730647413
Mechanical Engineer,0.65,0.4988838728508755
Civil Engineer,0.583333333,0.49886108730521994
Head of Internal Control & Compliance (ICC) - SEVP/DMD,0.683333333,0.4988524421946898
Data Science Engineer,0.383333333,0.49872608568646815
"Manager- Human Resource Management (HRM)
",0.583333333,0.49856297651136233
Mechanical Designer,0.65,0.4982352171703917
Site Engineer,0.416666667,0.4980484139312865
Head of Internal Control & Compliance (ICC) - SEVP/DMD,0.35,0.49794354930238416
Mechanical Designer,0.35,0.4979367556640032
Project Coordinator (Civil),0.283333333,0.4979356854135651
"Manager- Human Resource Management (HRM)
",0.493333333,0.4978857365649443
Mechanical Designer,0.65,0.49785970139699154
Site Engineer,0.65,0.49735923842007196
Civil Engineer,0.35,0.49734949625510355
Business Development Executive,0.35,0.49718473461865775
Intern (Generative AI Engineering - 2D/3D Image Generation),0.306666667,0.49708463380492995
"Manager- Human Resource Management (HRM)
",0.35,0.49695146784322713
Site Engineer,0.483333333,0.49691299989479454
Mechanical Designer,0.55,0.49690083037465227
Marketing Officer,0.416666667,0.4967302180563654
HR Officer,0.546666667,0.4966712730094085
Site Engineer,0.65,0.4965631007506674
Mechanical Engineer,0.306666667,0.4964871583684259
Head of Internal Control & Compliance (ICC) - SEVP/DMD,0.333333333,0.49640512789703317
Executive/ Sr. Executive -IT,0.316666667,0.49618859595515885
Civil Engineer,0.516666667,0.4961772273446981
Business Development Executive,0.45,0.49616325178661885
Site Engineer,0.65,0.4960757642248824
Marketing Officer,0.383333333,0.49600083620890617
Civil Engineer,0.583333333,0.49597703672418825
Mechanical Designer,0.673333333,0.49591067186256804
Site Engineer,0.166666667,0.49588966294792464
Business Development Executive,0.54,0.49580015853463627
Business Development Executive,0.546666667,0.49520479229183556
Civil Engineer,0.383333333,0.4949808718536414
Intern (Generative AI Engineering - 2D/3D Image Generation),0.416666667,0.4949559139946365
Mechanical Designer,0.55,0.4947663511161186
Business Development Executive,0.596666667,0.49475067342105045
Mechanical Designer,0.55,0.49436953781009424
Mechanical Designer,0.45,0.4943542828411643
Civil Engineer,0.483333333,0.49423410291568926
Project Coordinator (Civil),0.283333333,0.49406657754452843
Mechanical Designer,0.65,0.4940495115338596
Site Engineer,0.45,0.4940157111918533
Civil Engineer,0.316666667,0.4938004822678163
Business Development Executive,0.416666667,0.4936399109398722
Site Engineer,0.533333333,0.49355959835137136
Marketing Officer,0.583333333,0.4934398841816677
Site Engineer,0.516666667,0.49329059335471576
Marketing Officer,0.483333333,0.49294146876184025
Project Coordinator (Civil),0.416666667,0.4927927662978621
Site Engineer,0.416666667,0.49278582380586916
Civil Engineer,0.483333333,0.49264494725802505
Senior Software Engineer,0.196666667,0.4926355297465885
DevOps Engineer,0.48,0.4926330261936141
Civil Engineer,0.283333333,0.49234213397295773
HR Officer,0.543333333,0.49228001254728726
Executive - VAT,0.453333333,0.4921724600941571
Civil Engineer,0.516666667,0.49194856450224117
Data Science Engineer,0.4,0.4919323523280384
Site Engineer,0.516666667,0.49190251123710016
Business Development Executive,0.5,0.4918561255775201
Site Engineer,0.516666667,0.49182364187882105
Civil Engineer,0.45,0.49129056341008576
Head of Internal Control & Compliance (ICC) - SEVP/DMD,0.45,0.4911163351863266
Civil Engineer,0.516666667,0.491115340640039
Mechanical Engineer,0.483333333,0.491084115897174
Site Engineer,0.483333,0.4910469149146659
Civil Engineer,0.3,0.491040082503381
Business Development Executive,0.433333333,0.4907743700215215
Mechanical Engineer,0.76,0.4906377143966525
Civil Engineer,0.683333333,0.4903572611469889
Mechanical Designer,0.333333333,0.4902285822319397
Business Development Executive,0.416666667,0.49016655403611387
Executive - VAT,0.316666667,0.4900290898821655
Business Development Executive,0.55,0.4898317714629789
Head of Internal Control & Compliance (ICC) - SEVP/DMD,0.55,0.4898223681786913
"Manager- Human Resource Management (HRM)
",0.35,0.48972838149642484
Marketing Officer,0.35,0.4895669020082525
Senior Software Engineer,0.316666667,0.48934103043687466
Civil Engineer,0.45,0.4893070299671653
Executive - VAT,0.456666667,0.4892169860075335
Marketing Officer,0.383333333,0.48911121307514643
HR Officer,0.383333333,0.4890252216051827
DevOps Engineer,0.55,0.48882853668660564
Marketing Officer,0.65,0.4888227762993111
Civil Engineer,0.35,0.4887179324973809
DevOps Engineer,0.35,0.48859897931214674
Marketing Officer,0.476666667,0.48848549830970106
Intern (Generative AI Engineering - 2D/3D Image Generation),0.226666667,0.48847371086045493
Data Science Engineer,0.383333333,0.488374401131481
Mechanical Designer,0.35,0.4883534721807965
Executive/ Sr. Executive -IT,0.35,0.4882300057636287
"Manager- Human Resource Management (HRM)
",0.35,0.48817192490656613
Mechanical Engineer,0.65,0.4881687375807211
Marketing Officer,0.413333333,0.4880282522839845
Marketing Officer,0.35,0.48790297037081265
Business Development Executive,0.383333333,0.48782723225461866
Marketing Officer,0.416666667,0.48782478862176976
Data Science Engineer,0.233333333,0.4877463547077272
Civil Engineer,0.45,0.4876932506849859
Data Engineer,0.35,0.4875913748285687
HR Officer,0.383333333,0.4874341183617232
Marketing Officer,0.383333333,0.4871650401301117
Project Coordinator (Civil),0.35,0.4871632747175733
Business Development Executive,0.493333333,0.48686550660407485
Civil Engineer,0.55,0.48680832368514027
"Manager- Human Resource Management (HRM)
",0.35,0.48680412296857506
Marketing Officer,0.45,0.48677223474653325
Data Science Engineer,0.35,0.48672542041744776
Marketing Officer,0.316666667,0.4866275733632275
Business Development Executive,0.55,0.4864421260970729
Executive - VAT,0.45,0.4863630888368772
Mechanical Designer,0.35,0.48631708044465893
Business Development Executive,0.34,0.4862688903213527
Mechanical Designer,0.4,0.48619857073211503
Business Development Executive,0.376666667,0.4860906615115634
"Manager- Human Resource Management (HRM)
",0.35,0.4860137641015758
Mechanical Designer,0.316666667,0.48595516669375666
Business Development Executive,0.523333333,0.48590310726631925
Head of Internal Control & Compliance (ICC) - SEVP/DMD,0.65,0.485642678501272
Intern (Generative AI Engineering - 2D/3D Image Generation),0.35,0.4856298216195724
Management Trainee - Mechanical,0.35,0.48547501923446
Marketing Officer,0.35,0.48546569619867985
Civil Engineer,0.25,0.4854433609661791
Business Development Executive,0.583333333,0.4854295335732821
Mechanical Designer,0.45,0.48530135888371395
Site Engineer,0.45,0.4852616667198811
HR Officer,0.383333333,0.4849845450043988
Marketing Officer,0.35,0.4849036618438985
Marketing Officer,0.35,0.48482245981651695
Data Science Engineer,0.416666667,0.4848065096748753
Mechanical Designer,0.683333333,0.48477623911403156
Head of Internal Control & Compliance (ICC) - SEVP/DMD,0.35,0.4847031151319232
Site Engineer,0.283333333,0.48461463932241183
HR Officer,0.383333333,0.48458953928398707
"Manager- Human Resource Management (HRM)
",0.35,0.48450898819787985
Mechanical Engineer,0.55,0.484500691556858
Site Engineer,0.346666667,0.48435431981453614
Head of Internal Control & Compliance (ICC) - SEVP/DMD,0.65,0.4842899394489234
Sr.Officer / Executive - Internal Audit,0.35,0.48393234762688736
Marketing Officer,0.65,0.48390287548210525
Business Development Executive,0.35,0.48383853215092143
Business Development Executive,0.473333333,0.4837721290060313
Data Engineer,0.416666667,0.4836421858899867
Data Science Engineer,0.54,0.48362175248589123
Marketing Officer,0.416666667,0.4830822771752701
Business Development Executive,0.583333333,0.48297508379607224
Marketing Officer,0.586666667,0.48296864795690464
Senior Software Engineer,0.45,0.4828545066242598
Marketing Officer,0.476666667,0.48285141857906533
Business Development Executive,0.463333333,0.4828221226329194
Mechanical Engineer,0.35,0.4827419501248093
Civil Engineer,0.583333333,0.48272406773550763
Marketing Officer,0.466666667,0.4827163296578365
HR Officer,0.416666667,0.4826320583937361
Mechanical Designer,0.35,0.48255499983369676
Business Development Executive,0.5,0.482407337328419
HR Officer,0.483333333,0.48223361233339856
Site Engineer,0.65,0.48220843153585663
Mechanical Engineer,0.65,0.48214254838971254
Data Science Engineer,0.606666667,0.48207560024699014
"Manager- Human Resource Management (HRM)
",0.55,0.48204457697977027
Mechanical Designer,0.35,0.4819912419174452
Mechanical Engineer,0.65,0.4819197873229833
Site Engineer,0.516666667,0.4819151748188484
Business Development Executive,0.593333333,0.4818974921494972
Site Engineer,0.3,0.48184273418235934
Site Engineer,0.516666667,0.4816040366930353
HR Officer,0.553333333,0.481554006601563
"Manager- Human Resource Management (HRM)
",0.35,0.48146472923097217
Mechanical Designer,0.55,0.48143942159792324
Site Engineer,0.483333333,0.4813228801171449
Business Development Executive,0.383333333,0.481117092315419
Head of Internal Control & Compliance (ICC) - SEVP/DMD,0.55,0.481116233345251
Business Development Executive,0.35,0.480922401047821
Civil Engineer,0.516666667,0.48088752023227294
Business Development Executive,0.516666667,0.48087643715843464
Marketing Officer,0.85,0.48052037488496885
Mechanical Designer,0.55,0.4804710454432774
Business Development Executive,0.536666667,0.48044877211890963
Civil Engineer,0.383333333,0.480397112426482
Civil Engineer,0.45,0.4803724993692263
Marketing Officer,0.416666667,0.48032366622474254
Project Coordinator (Civil),0.333333333,0.48009103599285624
Business Development Executive,0.65,0.48008682437023564
Head of Internal Control & Compliance (ICC) - SEVP/DMD,0.65,0.4799753860969517
Civil Engineer,0.4,0.4799487519085706
Mechanical Engineer,0.55,0.479937588991076
Business Development Executive,0.416666667,0.47982572012582625
Marketing Officer,0.446666667,0.47974062162725545
Site Engineer,0.35,0.479712704025751
Civil Engineer,0.383333333,0.4796737176981007
Mechanical Designer,0.45,0.47966500932549677
Site Engineer,0.45,0.47965664453172463
Data Engineer,0.25,0.4794414718620313
Business Development Executive,0.416666667,0.47922503875924993
"Manager- Human Resource Management (HRM)
",0.35,0.47912871297159226
Mechanical Engineer,0.45,0.47893375203438465
Mechanical Designer,0.55,0.4786554945900324
Mechanical Designer,0.35,0.4786348192807004
Business Development Executive,0.486666667,0.47862643987783304
Site Engineer,0.383333333,0.4786223926188285
Mechanical Designer,0.55,0.4784882129221276
Business Development Executive,0.613333333,0.4784083761360146
Business Development Executive,0.283333333,0.4782999644267101
Senior Software Engineer,0.85,0.4782706172927764
Business Development Executive,0.483333333,0.4780727989417559
Head of Internal Control & Compliance (ICC) - SEVP/DMD,0.35,0.477923751411698
Civil Engineer,0.816666667,0.47781494938967284
Project Coordinator (Civil),0.35,0.477803892977856
Mechanical Designer,0.35,0.4777800657485967
Civil Engineer,0.483333333,0.47763389650661753
Marketing Officer,0.35,0.4773568299846288
HR Officer,0.45,0.4773239531272879
"Manager- Human Resource Management (HRM)
",0.35,0.4772491136873604
Data Engineer,0.45,0.4772408676907806
Business Development Executive,0.516666667,0.4770443032352746
Data Engineer,0.35,0.47699349257378176
Sr.Officer / Executive - Internal Audit,0.35,0.47696952508522267
Marketing Officer,0.65,0.4769411489389166
Marketing Officer,0.35,0.4768258128606085
Site Engineer,0.583333333,0.4767924785776977
Marketing Officer,0.35,0.47669934355516774
Mechanical Engineer,0.45,0.47649971130488894
Civil Engineer,0.55,0.4764577396298711
"Manager- Human Resource Management (HRM)
",0.35,0.4762263529922515
Business Development Executive,0.466666667,0.476209424779064
Data Science Engineer,0.35,0.47618987966259396
Mechanical Engineer,0.55,0.4759533931684634
Civil Engineer,0.54,0.4759041620520171
Mechanical Engineer,0.45,0.47580056575762447
Marketing Officer,0.316666667,0.47579652495192665
Head of Internal Control & Compliance (ICC) - SEVP/DMD,0.583333333,0.47574408650799627
Civil Engineer,0.433333333,0.47564113325404644
Civil Engineer,0.316666667,0.47551094855189063
Business Development Executive,0.593333333,0.47543550127412176
Business Development Executive,0.486666667,0.4750984405514326
Mechanical Engineer,0.35,0.47508918172028974
Senior Software Engineer,0.35,0.47493372927093447
Site Engineer,0.516666667,0.4749054327784173
Civil Engineer,0.383333333,0.47479912031941324
Marketing Officer,0.35,0.4747401062348496
Marketing Officer,0.406666667,0.4747060424723662
Site Engineer,0.316666667,0.47464264627942415
Site Engineer,0.473333333,0.4745491700994997
Senior Software Engineer,0.433333333,0.4744867790379803
Business Development Executive,0.683333333,0.4743348544353529
Civil Engineer,0.45,0.4742428580160592
Marketing Officer,0.416666667,0.47414443946592544
Data Engineer,0.45,0.4736959813202578
Business Development Executive,0.65,0.4736543816139964
Marketing Officer,0.516666667,0.47349289855083093
Mechanical Designer,0.683333333,0.47334182875416037
Mechanical Engineer,0.333333333,0.4732288888268509
Marketing Officer,0.416666667,0.4731572976966993
Civil Engineer,0.516666667,0.47296904180082855
HR Officer,0.35,0.4729394806836824
Business Development Executive,0.466666667,0.4728683516944916
Head of Internal Control & Compliance (ICC) - SEVP/DMD,0.65,0.47278988520543247
HR Officer,0.35,0.4727687070279712
Head of Internal Control & Compliance (ICC) - SEVP/DMD,0.483333333,0.4723170198284339
Marketing Officer,0.4,0.4721930779028552
Mechanical Designer,0.65,0.47161726468639925
Business Development Executive,0.446666667,0.4716044569142206
Marketing Officer,0.35,0.47160316294805765
Civil Engineer,0.383333333,0.4715724822596085
Business Development Executive,0.45,0.47156770974762907
Data Science Engineer,0.383333333,0.4714919521297808
Site Engineer,0.383333333,0.47148705225559573
Marketing Officer,0.536666667,0.4713959897748088
Head of Internal Control & Compliance (ICC) - SEVP/DMD,0.33,0.4711563347043713
Head of Internal Control & Compliance (ICC) - SEVP/DMD,0.333333333,0.470736888190491
AI Engineer,0.35,0.4705793685060528
Mechanical Designer,0.316666667,0.4704724103782624
HR Officer,0.283333333,0.4702516998195992
Site Engineer,0.413333333,0.47023170454033836
Head of Internal Control & Compliance (ICC) - SEVP/DMD,0.346666667,0.47011022211930215
Business Development Executive,0.416666667,0.47003178456801514
Civil Engineer,0.483333333,0.4698716130691437
Marketing Officer,0.35,0.4698190522387825
Sr.Officer / Executive - Internal Audit,0.35,0.4697148133779185
Data Engineer,0.316666667,0.4697082550654176
Mechanical Designer,0.45,0.4693901516753419
Business Development Executive,0.383333333,0.46933350790137124
Data Science Engineer,0.45,0.46932175947256116
Senior Software Engineer,0.416666667,0.46922558642001405
Site Engineer,0.383333333,0.469047533913127
Mechanical Engineer,0.55,0.46892861385010415
Data Engineer,0.37,0.4688812827800176
Civil Engineer,0.383333333,0.4688458845127563
Business Development Executive,0.516666667,0.46880645524147413
Business Development Executive,0.49,0.46876374248570374
Head of Internal Control & Compliance (ICC) - SEVP/DMD,0.35,0.4687244367341535
Marketing Officer,0.35,0.46867201989290813
Mechanical Engineer,0.35,0.4686603152367245
Site Engineer,0.45,0.4683102269273467
Business Development Executive,0.503333333,0.4682207662845927
Business Development Executive,0.516666667,0.46820595980962293
Mechanical Engineer,0.35,0.46796104831474605
Mechanical Engineer,0.35,0.46763116829955464
Project Coordinator (Civil),0.35,0.46761724063035115
Mechanical Designer,0.65,0.4674989364018256
Head of Internal Control & Compliance (ICC) - SEVP/DMD,0.333333333,0.46744240607423326
Mechanical Designer,0.35,0.46743815900798535
Site Engineer,0.3,0.46737133635672157
Head of Internal Control & Compliance (ICC) - SEVP/DMD,0.346666667,0.4671673780137554
Senior Software Engineer,0.316666667,0.4671367371818992
"Manager- Human Resource Management (HRM)
",0.333333333,0.46709114194154844
Civil Engineer,0.45,0.46702587118169164
Civil Engineer,0.516666667,0.4668838629281336
HR Officer,0.523333333,0.46687923902061756
Head of Internal Control & Compliance (ICC) - SEVP/DMD,0.446666667,0.46671411512878763
Marketing Officer,0.383333333,0.4666224810783431
Site Engineer,0.4,0.4665633496671864
"Manager- Human Resource Management (HRM)
",0.44,0.4663886325076449
Head of Internal Control & Compliance (ICC) - SEVP/DMD,0.683333333,0.4663650163774693
Mechanical Designer,0.216666667,0.4662159661629405
Senior Software Engineer,0.35,0.46616255143735313
Data Science Engineer,0.45,0.466105523139717
Civil Engineer,0.45,0.46601525055925824
Site Engineer,0.483333333,0.46597749084038925
Mechanical Designer,0.35,0.46574885340292177
Head of Internal Control & Compliance (ICC) - SEVP/DMD,0.35,0.46565302501612177
Project Coordinator (Civil),0.35,0.4655607408880603
Mechanical Engineer,0.65,0.4653595548330295
Head of Internal Control & Compliance (ICC) - SEVP/DMD,0.346666667,0.4650877827646087
Site Engineer,0.516666667,0.46502818617289127
Mechanical Designer,0.65,0.4647468846041457
Business Development Executive,0.45,0.46471709623001894
Site Engineer,0.31,0.4646737594000555
Marketing Officer,0.35,0.46451429253567755
Business Development Executive,0.44,0.4641102403046612
Site Engineer,0.316666667,0.46410312087558403
Site Engineer,0.34,0.4640806424618742
Mechanical Designer,0.35,0.46393953349417044
Senior Software Engineer,0.233333333,0.4638978218409191
Business Development Executive,0.516666667,0.4638929847137616
Marketing Officer,0.35,0.4638846398667069
Business Development Executive,0.55,0.4637753828740377
Mechanical Designer,0.483333333,0.4637712291598712
Marketing Officer,0.35,0.46366753249340104
Marketing Officer,0.383333333,0.4633600421978833
Civil Engineer,0.373333333,0.46332513770677936
Site Engineer,0.583333333,0.4630536035582934
Business Development Executive,0.51,0.4629008083953475
Mechanical Engineer,0.65,0.4628589548696175
Data Engineer,0.443333333,0.46274690536795227
Civil Engineer,0.383333333,0.4625438466078938
Mechanical Designer,0.166666667,0.4625083940099296
Civil Engineer,0.483333333,0.46204605445900226
Mechanical Engineer,0.45,0.46160147393566753
Site Engineer,0.35,0.46159670927706864
Head of Internal Control & Compliance (ICC) - SEVP/DMD,0.35,0.4615569290087933
Civil Engineer,0.45,0.46144229888985394
Business Development Executive,0.453333333,0.4612527932158584
Site Engineer,0.416666667,0.4612307018956426
Site Engineer,0.35,0.46113733829034514
Civil Engineer,0.383333333,0.4609325421410556
HR Officer,0.383333333,0.4607946075604506
Site Engineer,0.383333333,0.4607937414629862
Mechanical Engineer,0.316666667,0.4607930997022591
Mechanical Designer,0.416666667,0.4606549988268087
Data Science Engineer,0.283333333,0.46049761848818416
Civil Engineer,0.383333333,0.4604578984925079
Marketing Officer,0.35,0.4604136432320718
Business Development Executive,0.446666667,0.4601656534250627
Civil Engineer,0.316666667,0.4601457652919519
Head of Internal Control & Compliance (ICC) - SEVP/DMD,0.346666667,0.46012286551607084
Business Development Executive,0.383333333,0.4600205010209684
Senior Software Engineer,0.45,0.45997316611359373
Civil Engineer,0.3,0.4599152684994553
Marketing Officer,0.556666667,0.45988650353005006
Sr.Officer / Executive - Internal Audit,0.35,0.45981050294427367
Mechanical Designer,0.533333333,0.45937704616373165
Head of Internal Control & Compliance (ICC) - SEVP/DMD,0.35,0.4591363256504141
Business Development Executive,0.493333333,0.4589883618997659
Head of Internal Control & Compliance (ICC) - SEVP/DMD,0.35,0.45876889312186725
HR Officer,0.433333333,0.45871449216910215
Civil Engineer,0.65,0.4586344642624661
HR Officer,0.45,0.45861424618433727
Site Engineer,0.35,0.4585739706529437
Marketing Officer,0.45,0.45831997652754136
Civil Engineer,0.166666667,0.4583186652771889
Marketing Officer,0.35,0.4581604926165238
Head of Internal Control & Compliance (ICC) - SEVP/DMD,0.35,0.45814455657408654
Marketing Officer,0.383333333,0.4580176132639658
Mechanical Designer,0.65,0.4580070050418227
Marketing Officer,0.316666667,0.4579750703819631
Business Development Executive,0.503333333,0.4578297434976886
Marketing Officer,0.35,0.45770646713285923
Mechanical Designer,0.35,0.45760791789406485
Civil Engineer,0.383333333,0.4575394149875634
HR Officer,0.45,0.4574409519519069
Civil Engineer,0.383333333,0.45738785497727613
Site Engineer,0.416666667,0.4573491625092047
Business Development Executive,0.48,0.45731554571951744
Business Development Executive,0.416666667,0.45718709857192236
Site Engineer,0.383333333,0.4570348044955071
Mechanical Designer,0.35,0.4569088354088051
Site Engineer,0.45,0.4568926941086224
Head of Internal Control & Compliance (ICC) - SEVP/DMD,0.546666667,0.4567845467711285
Business Development Executive,0.493333333,0.4567570534952294
HR Officer,0.316666667,0.4567350035843823
Senior Software Engineer,0.283333333,0.4566608299961667
Mechanical Engineer,0.55,0.4566561335950603
Civil Engineer,0.316666667,0.45660082489847287
Mechanical Engineer,0.35,0.45657239759708923
Civil Engineer,0.35,0.4565232260014246
Mechanical Engineer,0.35,0.4564338277277013
Mechanical Designer,0.55,0.456351290617525
Mechanical Engineer,0.65,0.45633984593228927
"Manager- Human Resource Management (HRM)
",0.35,0.4560619524014492
Business Development Executive,0.416666667,0.4559749401323097
Civil Engineer,0.383333333,0.45595475932619045
Site Engineer,0.416666667,0.4556776143558467
Senior Software Engineer,0.383333333,0.45566296438026854
HR Officer,0.516666667,0.45550408693502287
Head of Internal Control & Compliance (ICC) - SEVP/DMD,0.433333333,0.45523403973461135
Site Engineer,0.35,0.4552322518138225
Mechanical Engineer,0.55,0.45477892663715447
Site Engineer,0.21,0.45447738475620725
"Manager- Human Resource Management (HRM)
",0.35,0.45417785542496375
Site Engineer,0.416666667,0.45407596094062624
HR Officer,0.446666667,0.4538433259311096
Mechanical Designer,0.55,0.4538389443517928
Business Development Executive,0.416666667,0.45375536664765215
Business Development Executive,0.383333333,0.45372915688413873
Business Development Executive,0.316666667,0.4536770590399905
Mechanical Designer,0.306666667,0.4536212172677205
Mechanical Designer,0.423333333,0.45356562090121505
Business Development Executive,0.376666667,0.4533208305497097
Site Engineer,0.35,0.4530957383069091
Business Development Executive,0.413333333,0.45303443674321814
Project Coordinator (Civil),0.333333333,0.45300624699855074
Business Development Executive,0.466666667,0.4529582476680422
"Manager- Human Resource Management (HRM)
",0.35,0.4526882600693958
Head of Internal Control & Compliance (ICC) - SEVP/DMD,0.346666667,0.4526785951159084
Mechanical Designer,0.45,0.45258955533846396
Civil Engineer,0.483333333,0.4523812636244121
Civil Engineer,0.483333333,0.45219681004973816
Marketing Officer,0.34,0.45219517060558845
Head of Internal Control & Compliance (ICC) - SEVP/DMD,0.383333333,0.45200027299703444
Site Engineer,0.333333333,0.45199391966795255
Mechanical Designer,0.283333333,0.4518713348220577
Business Development Executive,0.45,0.45187044253032715
Site Engineer,0.583333333,0.45185667086151465
DevOps Engineer,0.273333333,0.45179409341162974
Data Science Engineer,0.5,0.4513168963702241
Marketing Officer,0.383333333,0.45123016779366765
Mechanical Designer,0.45,0.45096001381628154
Head of Internal Control & Compliance (ICC) - SEVP/DMD,0.35,0.4505236623844027
Mechanical Designer,0.35,0.4504263275825872
Mechanical Designer,0.316666667,0.45040338171380284
Senior Software Engineer,0.35,0.45035068550358603
Business Development Executive,0.523333333,0.45016070088284965
Mechanical Engineer,0.45,0.45016006686242604
HR Officer,0.433333333,0.4500654336385123
Head of Internal Control & Compliance (ICC) - SEVP/DMD,0.35,0.4500502716478744
Marketing Officer,0.35,0.44999288267908116
Civil Engineer,0.5,0.4499229891141608
Mechanical Designer,0.35,0.4499043130064848
Business Development Executive,0.24,0.4497590179050169
Civil Engineer,0.516666667,0.44973354452407555
Site Engineer,0.416666667,0.4497184474634266
"Manager- Human Resource Management (HRM)
",0.45,0.44947236550632386
Civil Engineer,0.483333333,0.44934106522464445
Head of Internal Control & Compliance (ICC) - SEVP/DMD,0.546666667,0.44922166737307556
Mechanical Engineer,0.35,0.44911107746175055
Site Engineer,0.333333333,0.44897654917333
Data Science Engineer,0.283333333,0.44894999709835154
Site Engineer,0.45,0.4487720338670256
Head of Internal Control & Compliance (ICC) - SEVP/DMD,0.346666667,0.448686599226404
Mechanical Designer,0.316666667,0.4483871520544096
Head of Internal Control & Compliance (ICC) - SEVP/DMD,0.346666667,0.44821169518717907
Mechanical Designer,0.35,0.44799354711572476
Marketing Officer,0.316666667,0.44774727412348225
Project Coordinator (Civil),0.266666667,0.44759526899360236
Mechanical Designer,0.35,0.4474219057759797
Mechanical Designer,0.55,0.4473085967544383
Civil Engineer,0.366666667,0.44706499971530433
Mechanical Designer,0.4,0.4467853589692466
"Manager- Human Resource Management (HRM)
",0.35,0.4467482613587798
Site Engineer,0.383333333,0.446678266357058
Head of Internal Control & Compliance (ICC) - SEVP/DMD,0.65,0.4465702542343639
Head of Internal Control & Compliance (ICC) - SEVP/DMD,0.316666667,0.44647303424830864
Site Engineer,0.383333333,0.4464532126129491
Marketing Officer,0.35,0.4462003249174279
Business Development Executive,0.626666667,0.4461774569533482
Civil Engineer,0.546666667,0.44587742373291017
HR Officer,0.316666667,0.44585653756975463
Business Development Executive,0.283333333,0.44584756539378817
Civil Engineer,0.35,0.4457569539851729
Civil Engineer,0.416666667,0.4456295255794523
Business Development Executive,0.45,0.4455843588437594
Site Engineer,0.45,0.4455439899811812
Business Development Executive,0.48,0.4455432663934544
"Manager- Human Resource Management (HRM)
",0.35,0.4453350888006419
Mechanical Designer,0.35,0.44525196153028523
Site Engineer,0.316666667,0.4450745368923995
Site Engineer,0.55,0.4450290443276444
Site Engineer,0.45,0.444950225015637
Site Engineer,0.516666667,0.44480782433165983
Site Engineer,0.473333333,0.4447876811408104
Business Development Executive,0.516666667,0.44456232102709664
Civil Engineer,0.316666667,0.44445030097592453
Mechanical Designer,0.45,0.44439365863712416
Site Engineer,0.383333333,0.44436763095241805
Mechanical Designer,0.316666667,0.44436266264167584
Sr.Officer / Executive - Internal Audit,0.426666667,0.44407533581967157
Data Science Engineer,0.35,0.44404276789666586
HR Officer,0.383333333,0.44400791299457115
Civil Engineer,0.583333333,0.4439391987445369
Business Development Executive,0.45,0.4435631761324429
Site Engineer,0.346666667,0.44347652309535374
Mechanical Engineer,0.35,0.44346940796487
Civil Engineer,0.316666667,0.44326742985477297
Business Development Executive,0.35,0.44325142313713306
Mechanical Engineer,0.35,0.44288832410077145
"Manager- Human Resource Management (HRM)
",0.35,0.4428194580250802
Marketing Officer,0.35,0.4427802997055854
Data Science Engineer,0.183333333,0.44269431128590875
Civil Engineer,0.216666667,0.4426655723790022
Business Development Executive,0.383333333,0.4425544375985056
Business Development Executive,0.516666667,0.4424107715644765
Head of Internal Control & Compliance (ICC) - SEVP/DMD,0.333333333,0.44234398622104265
Business Development Executive,0.416666667,0.44231752561985077
Civil Engineer,0.083333333,0.442012826809793
Mechanical Designer,0.35,0.4419072962747242
Civil Engineer,0.45,0.44186821685885586
Head of Internal Control & Compliance (ICC) - SEVP/DMD,0.35,0.4418153601873353
Business Development Executive,0.626666667,0.4417471539935965
Civil Engineer,0.316666667,0.44172978133374347
Mechanical Engineer,0.65,0.4416399334937077
Head of Internal Control & Compliance (ICC) - SEVP/DMD,0.65,0.4415626020271917
Mechanical Designer,0.35,0.4415090903540937
Civil Engineer,0.55,0.4414752993120531
HR Officer,0.416666667,0.44098138827035827
Mechanical Engineer,0.65,0.4407090837639807
Civil Engineer,0.313333333,0.4406691730437309
Head of Internal Control & Compliance (ICC) - SEVP/DMD,0.346666667,0.4406194608857627
Site Engineer,0.313333333,0.44045704563486404
Head of Internal Control & Compliance (ICC) - SEVP/DMD,0.366666667,0.4403651783829366
Mechanical Designer,0.316666667,0.44010675709566094
Mechanical Designer,0.35,0.44010013192249386
Head of Internal Control & Compliance (ICC) - SEVP/DMD,0.33,0.4398795934475021
Senior Software Engineer,0.216666667,0.4398086966169363
"Manager- Human Resource Management (HRM)
",0.35,0.4397990355134762
Business Development Executive,0.416666667,0.4397035379722836
Mechanical Engineer,0.45,0.4396698244511086
Site Engineer,0.55,0.4395658638579257
Civil Engineer,0.483333333,0.43951865088052844
Mechanical Designer,0.35,0.4395053028041833
Business Development Executive,0.473333333,0.4394993469791453
Business Development Executive,0.45,0.43933923096537814
Site Engineer,0.483333333,0.4393171518784148
Mechanical Designer,0.35,0.4392707738427481
Site Engineer,0.28,0.439098631465639
Mechanical Engineer,0.65,0.4390855843489509
Senior Software Engineer,0.216666667,0.4390408632714855
Business Development Executive,0.486666667,0.43903959726416747
Civil Engineer,0.383333333,0.4388347432156124
HR Officer,0.316666667,0.4385288557563295
Business Development Executive,0.45,0.4381917187841369
Civil Engineer,0.383333333,0.4381330061072081
Head of Internal Control & Compliance (ICC) - SEVP/DMD,0.383333333,0.4380851101401461
Mechanical Engineer,0.45,0.4380576913534019
Business Development Executive,0.383333333,0.43799527255516996
Site Engineer,0.383333333,0.43786261980801827
Site Engineer,0.55,0.43769209657275526
Business Development Executive,0.486666667,0.4375887089199536
Business Development Executive,0.416666667,0.43741220293819405
Site Engineer,0.55,0.4372704096993296
Mechanical Engineer,0.45,0.4372577434486304
Mechanical Engineer,0.416666667,0.4370991189568148
Data Science Engineer,0.316666667,0.43702464092613713
Mechanical Engineer,0.34,0.436726199479002
Civil Engineer,0.583333333,0.43638073606473865
Site Engineer,0.273333333,0.4363586131187426
Site Engineer,0.283333333,0.43635536773154193
Mechanical Designer,0.35,0.4363260842164777
Site Engineer,0.516666667,0.43630321672954236
"Manager- Human Resource Management (HRM)
",0.35,0.4360014724374982
Mechanical Engineer,0.333333333,0.435936756144346
HR Officer,0.416666667,0.43586657294087816
"Manager- Human Resource Management (HRM)
",0.35,0.43582406926371947
Head of Internal Control & Compliance (ICC) - SEVP/DMD,0.343333333,0.43555948171004305
Mechanical Engineer,0.45,0.4355332214066002
Civil Engineer,0.433333,0.43549124589950633
Civil Engineer,0.433333333,0.4353513097325036
Site Engineer,0.38,0.4351651813669244
Head of Internal Control & Compliance (ICC) - SEVP/DMD,0.346666667,0.4351227398203492
Business Development Executive,0.416666667,0.4350457866808428
Data Science Engineer,0.366666667,0.43497526457287866
Mechanical Designer,0.35,0.43494711391038965
Mechanical Engineer,0.65,0.4348731274959743
Mechanical Designer,0.35,0.43457159733504225
Mechanical Designer,0.35,0.4345476872473436
Site Engineer,0.55,0.43445582034689295
Business Development Executive,0.44,0.43403305298774236
Project Coordinator (Civil),0.35,0.433960548109855
Business Development Executive,0.506666667,0.43382297164437594
Business Development Executive,0.383333333,0.4336425057925567
Business Development Executive,0.383333333,0.4335982863237795
Site Engineer,0.35,0.43329507120298016
Civil Engineer,0.416666667,0.43326147553740035
"Manager- Human Resource Management (HRM)
",0.35,0.43318290646900826
Mechanical Designer,0.65,0.43307294501524096
Site Engineer,0.516666667,0.4328343241285463
Mechanical Engineer,0.45,0.43282272514631787
Mechanical Designer,0.65,0.43276018961562923
Mechanical Engineer,0.416666667,0.43258362631503816
Business Development Executive,0.283333333,0.4325439294938347
Senior Software Engineer,0.316666667,0.4324914047859275
Data Science Engineer,0.316666667,0.43239495184488835
Civil Engineer,0.383333333,0.4323241540876105
Business Development Executive,0.473333333,0.43215839081984975
Mechanical Designer,0.45,0.4320327595710779
Site Engineer,0.35,0.43187442244468977
Business Development Executive,0.383333333,0.43182840786105897
Business Development Executive,0.313333333,0.43174921153401236
Civil Engineer,0.333333333,0.4316863370653178
Business Development Executive,0.416666667,0.4315607977065256
Mechanical Engineer,0.34,0.4314971702475848
Civil Engineer,0.346666667,0.43148252152375666
Mechanical Designer,0.65,0.43141442500503085
Mechanical Engineer,0.65,0.4312800714323848
Mechanical Designer,0.35,0.4312053739671606
Business Development Executive,0.416666667,0.4309518316909861
Mechanical Engineer,0.35,0.43093697989607904
Business Development Executive,0.46,0.4309343555552508
Data Science Engineer,0.19,0.43069794409605966
Mechanical Designer,0.35,0.43061688545531285
Mechanical Engineer,0.35,0.4306113669252763
Mechanical Designer,0.35,0.4303515107402873
Mechanical Designer,0.3,0.43019515732322977
Head of Internal Control & Compliance (ICC) - SEVP/DMD,0.346666667,0.4300606465103674
Mechanical Designer,0.45,0.4299274150113565
Head of Internal Control & Compliance (ICC) - SEVP/DMD,0.35,0.42967074592916105
Business Development Executive,0.473333333,0.4296386894172402
Senior Software Engineer,0.283333333,0.4295778065584193
Site Engineer,0.35,0.4295365031956812
Mechanical Engineer,0.35,0.4294644246601857
Mechanical Designer,0.55,0.4294358265947336
Mechanical Engineer,0.316666667,0.42933859031149835
Mechanical Engineer,0.316666667,0.4293364888167588
Site Engineer,0.416666667,0.42926293524748255
Mechanical Designer,0.45,0.429254512968054
Civil Engineer,0.416666667,0.42924604073364636
Site Engineer,0.383333333,0.42903956756886563
Mechanical Designer,0.35,0.42899443882553717
Business Development Executive,0.31,0.42888693643286285
Mechanical Designer,0.333333333,0.4287322699419722
Business Development Executive,0.383333333,0.4282660637782496
Mechanical Designer,0.433333333,0.4282502047590069
DevOps Engineer,0.206666667,0.4282312201883579
Mechanical Designer,0.45,0.42810948037730306
Head of Internal Control & Compliance (ICC) - SEVP/DMD,0.35,0.42801630318192074
Business Development Executive,0.206666667,0.4279885012758196
Mechanical Engineer,0.35,0.4277617229851447
Mechanical Designer,0.223333333,0.4277248309182913
Mechanical Designer,0.35,0.4276343440188714
Project Coordinator (Civil),0.266666667,0.42753459672758914
Business Development Executive,0.55,0.42745924697771265
Business Development Executive,0.46,0.4274577622425041
"Manager- Human Resource Management (HRM)
",0.35,0.427288573991221
Head of Internal Control & Compliance (ICC) - SEVP/DMD,0.346666667,0.427170897280186
Head of Internal Control & Compliance (ICC) - SEVP/DMD,0.35,0.4271697578155898
Civil Engineer,0.35,0.4271620146091943
Site Engineer,0.383333333,0.4271501778275509
Head of Internal Control & Compliance (ICC) - SEVP/DMD,0.333333333,0.42696865235192205
Data Science Engineer,0.2,0.4269354803566641
Mechanical Designer,0.333333333,0.42692907949842046
Mechanical Designer,0.35,0.426924922512462
Site Engineer,0.383333333,0.42690508632076557
Site Engineer,0.35,0.4265223627227427
Site Engineer,0.373333333,0.42638517865401293
Business Development Executive,0.416666667,0.4263332411154552
Business Development Executive,0.45,0.4262402655456404
Mechanical Engineer,0.35,0.42598186687420553
Head of Internal Control & Compliance (ICC) - SEVP/DMD,0.35,0.42576092089604783
HR Officer,0.45,0.42567111988867284
Mechanical Designer,0.35,0.4256381441583583
Civil Engineer,0.483333333,0.4253536005677531
Civil Engineer,0.316666667,0.42521266480314424
Site Engineer,0.383333333,0.42498008672073395
Civil Engineer,0.65,0.4246550390876918
Mechanical Designer,0.35,0.4245697830047647
Mechanical Engineer,0.45,0.4244747283072163
Data Science Engineer,0.34,0.4242066436613604
Business Development Executive,0.416666667,0.42418994891079936
Site Engineer,0.366666667,0.4240364883489445
Civil Engineer,0.346666667,0.42400994234417977
Civil Engineer,0.383333333,0.4239081916350734
Business Development Executive,0.383333333,0.42385171041299247
Civil Engineer,0.48,0.4235407236426146
Mechanical Designer,0.35,0.42351609977783106
Site Engineer,0.306666667,0.42342796931224913
Mechanical Designer,0.333333333,0.423366250303945
Site Engineer,0.416666667,0.423154583887542
Business Development Executive,0.45,0.4229929138536401
"Manager- Human Resource Management (HRM)
",0.35,0.42268724216301945
AI Engineer,0.21,0.4226819303757075
Head of Internal Control & Compliance (ICC) - SEVP/DMD,0.45,0.42259070173091967
Mechanical Designer,0.35,0.4222530628539118
Business Development Executive,0.516666667,0.42205776697372066
Business Development Executive,0.416666667,0.4219926795211583
Site Engineer,0.483333333,0.4219878010283296
Mechanical Designer,0.35,0.4218403392971219
Site Engineer,0.313333333,0.42181202966658005
Civil Engineer,0.413333333,0.421782530706028
Civil Engineer,0.483333333,0.4217296331247183
Civil Engineer,0.483333333,0.4213592677993929
Project Coordinator (Civil),0.273333333,0.4212856504046176
Civil Engineer,0.316666667,0.4212388398942776
Civil Engineer,0.35,0.4212387301820091
Business Development Executive,0.416666667,0.42121259304670144
Site Engineer,0.316666667,0.42102145214607734
Mechanical Engineer,0.35,0.42100256835186073
Mechanical Engineer,0.683333333,0.4209130822992168
Site Engineer,0.45,0.4205395845308758
Mechanical Engineer,0.333333333,0.42046994332904664
Head of Internal Control & Compliance (ICC) - SEVP/DMD,0.35,0.42042914008753096
Business Development Executive,0.35,0.4203102763675418
Mechanical Engineer,0.35,0.42015149424081827
Head of Internal Control & Compliance (ICC) - SEVP/DMD,0.346666667,0.41970127922034633
Mechanical Designer,0.4,0.4194034705650601
Project Coordinator (Civil),0.35,0.41937630931861325
Civil Engineer,0.33,0.4193309602456345
Civil Engineer,0.376666667,0.4193220622554103
Civil Engineer,0.416666667,0.4192925247152094
Site Engineer,0.383333333,0.4192666322387924
Mechanical Designer,0.35,0.41925782778627974
HR Officer,0.383333333,0.41919042831991943
Head of Internal Control & Compliance (ICC) - SEVP/DMD,0.0,0.41913675234431536
Mechanical Designer,0.35,0.41879693546966945
Mechanical Designer,0.35,0.41877332839018505
Civil Engineer,0.313333333,0.41873860041377614
Head of Internal Control & Compliance (ICC) - SEVP/DMD,0.35,0.4186541542036593
Site Engineer,0.416666667,0.41865323542853494
Civil Engineer,0.38,0.4185015442770731
Senior Software Engineer,0.35,0.41828385985012756
Data Science Engineer,0.306666667,0.4181319695982179
Mechanical Designer,0.35,0.4180469936138149
Business Development Executive,0.383333333,0.4178494490348815
"Manager- Human Resource Management (HRM)
",0.35,0.4176789306058697
Project Coordinator (Civil),0.283333333,0.41757505473384404
Mechanical Engineer,0.35,0.41740327310591774
Mechanical Engineer,0.35,0.4173562543914542
Head of Internal Control & Compliance (ICC) - SEVP/DMD,0.35,0.4172783137071234
Civil Engineer,0.35,0.41725134838936456
Mechanical Designer,0.35,0.41724297203401406
Mechanical Designer,0.35,0.41722173263084505
Site Engineer,0.77,0.4171664812686231
Civil Engineer,0.416666667,0.41710289070888773
Business Development Executive,0.416666667,0.4169985344709644
HR Officer,0.316666667,0.41684182181517027
Head of Internal Control & Compliance (ICC) - SEVP/DMD,0.55,0.4167176212380085
Civil Engineer,0.416666667,0.4166993697454892
Mechanical Designer,0.35,0.4165212942162912
Site Engineer,0.346666667,0.4164681436037414
Head of Internal Control & Compliance (ICC) - SEVP/DMD,0.45,0.4163500744287172
Civil Engineer,0.516666667,0.4162968523905301
Business Development Executive,0.46,0.4161691026893216
Mechanical Engineer,0.35,0.41615234549672847
Business Development Executive,0.35,0.4160102789032504
HR Officer,0.183333333,0.415957541826143
Business Development Executive,0.383333333,0.4158805098386307
Site Engineer,0.313333333,0.4152713559399528
Civil Engineer,0.316666667,0.41516572602058577
Site Engineer,0.416666667,0.415090812465699
Data Science Engineer,0.283333333,0.4150580619409524
Mechanical Designer,0.33,0.41500162181555855
Mechanical Designer,0.333333333,0.41485223759356016
Civil Engineer,0.31,0.414774330876235
HR Officer,0.416666667,0.4147671762426779
Business Development Executive,0.35,0.4147554107009466
Data Science Engineer,0.16,0.4145810735717866
Site Engineer,0.416666667,0.4143878109078229
Civil Engineer,0.313333333,0.4142497093636539
Mechanical Engineer,0.35,0.4141702698418129
Site Engineer,0.133333333,0.41377411070298636
Civil Engineer,0.383333333,0.41373977522878697
Site Engineer,0.35,0.4137182140577512
Civil Engineer,0.35,0.41360102785882824
Mechanical Engineer,0.34,0.41350311214461777
Civil Engineer,0.383333333,0.4134522905237123
Data Science Engineer,0.35,0.41344672947776856
Mechanical Designer,0.35,0.41326062817613846
Head of Internal Control & Compliance (ICC) - SEVP/DMD,0.35,0.41295539819845234
Civil Engineer,0.35,0.4129062478161189
Civil Engineer,0.35,0.4128865442002445
"Manager- Human Resource Management (HRM)
",0.35,0.4124794966368864
Head of Internal Control & Compliance (ICC) - SEVP/DMD,0.35,0.41242732319466363
Mechanical Engineer,0.683333333,0.41238170573832095
Business Development Executive,0.416666667,0.41236934662650127
Mechanical Designer,0.333333333,0.41235633630612367
Head of Internal Control & Compliance (ICC) - SEVP/DMD,0.35,0.41208029911479066
Site Engineer,0.416666667,0.4118925953329424
Head of Internal Control & Compliance (ICC) - SEVP/DMD,0.313333333,0.4118764421585231
Business Development Executive,0.35,0.41177774590532856
Civil Engineer,0.38,0.41166626290129177
Business Development Executive,0.316666667,0.4116003935324735
Mechanical Designer,0.333333333,0.4108711110589832
Civil Engineer,0.2,0.4108061446735819
Mechanical Designer,0.316666667,0.4107243418189381
Mechanical Designer,0.35,0.4107166898971911
Mechanical Engineer,0.35,0.41068863671022143
Business Development Executive,0.383333333,0.4106879673170576
Civil Engineer,0.416666667,0.4105740755312231
Data Science Engineer,0.35,0.4099423289167204
Head of Internal Control & Compliance (ICC) - SEVP/DMD,0.35,0.40972802688986365
Mechanical Designer,0.45,0.40967111988913557
Mechanical Engineer,0.45,0.4096657097636579
Business Development Executive,0.45,0.4095913761013857
Mechanical Designer,0.35,0.40938053791556545
Site Engineer,0.44,0.4091125608225427
Mechanical Designer,0.35,0.40908028932748214
Site Engineer,0.583333333,0.4088661575128904
Site Engineer,0.316666667,0.40873242359548223
Site Engineer,0.383333333,0.40868688034392026
Mechanical Designer,0.35,0.408520598618387
Mechanical Engineer,0.35,0.4084984368556008
Business Development Executive,0.383333333,0.40845934707988285
Mechanical Designer,0.216666667,0.40836837198577536
Mechanical Engineer,0.35,0.408247595125152
Head of Internal Control & Compliance (ICC) - SEVP/DMD,0.346666667,0.4081365319138588
Mechanical Designer,0.35,0.4081024600175411
Civil Engineer,0.333333333,0.40774099823218746
Site Engineer,0.383333333,0.4076361881221077
Mechanical Engineer,0.35,0.4074527674582853
Civil Engineer,0.346666667,0.4071013722573221
Head of Internal Control & Compliance (ICC) - SEVP/DMD,0.333333333,0.40683254332013175
Mechanical Designer,0.316666667,0.4068161311338709
Site Engineer,0.366666667,0.4067730820675235
Mechanical Designer,0.35,0.4067496699227781
Mechanical Designer,0.35,0.4065413218570015
Mechanical Designer,0.45,0.40651700024517684
Head of Internal Control & Compliance (ICC) - SEVP/DMD,0.35,0.40632159568650217
Civil Engineer,0.35,0.406300781995623
Mechanical Engineer,0.443333333,0.4061243798295514
Mechanical Engineer,0.35,0.4060328045305524
Business Development Executive,0.383333333,0.4060326142357338
Head of Internal Control & Compliance (ICC) - SEVP/DMD,0.333333333,0.40602779903834846
Business Development Executive,0.383333333,0.4059401715294131
Mechanical Engineer,0.35,0.40565105722703454
Head of Internal Control & Compliance (ICC) - SEVP/DMD,0.343333333,0.4053614679791331
Civil Engineer,0.433333333,0.4053000870025762
Civil Engineer,0.33,0.4049245220844582
Civil Engineer,0.45,0.4047966849363968
Site Engineer,0.416666667,0.40468496617247446
Site Engineer,0.383333333,0.4046376430050151
Business Development Executive,0.416666667,0.4046215133662042
Mechanical Engineer,0.35,0.40451900693481235
Site Engineer,0.216666667,0.4041727860489224
Mechanical Designer,0.35,0.4040249660704481
Mechanical Designer,0.35,0.40392574523594543
Mechanical Engineer,0.45,0.40391660533508206
Site Engineer,0.383333333,0.4037541795145516
Site Engineer,0.183333333,0.40369155536422485
Civil Engineer,0.166666667,0.40355551631113645
Site Engineer,0.316666667,0.40348106544500656
Mechanical Designer,0.35,0.4034798056146149
Head of Internal Control & Compliance (ICC) - SEVP/DMD,0.333333333,0.40342008952202457
Head of Internal Control & Compliance (ICC) - SEVP/DMD,0.316666667,0.4031337285190167
Data Science Engineer,0.35,0.4029426116890441
Business Development Executive,0.416666667,0.40291862416366897
Mechanical Designer,0.35,0.4027716920001002
Mechanical Designer,0.33,0.4027653052524312
Business Development Executive,0.35,0.4027218975365112
Mechanical Engineer,0.35,0.40270284608132045
Mechanical Engineer,0.35,0.4024354518093077
Mechanical Designer,0.35,0.4023428096954785
Site Engineer,0.35,0.40213232979377583
Senior Software Engineer,0.283333333,0.40163062657278875
Head of Internal Control & Compliance (ICC) - SEVP/DMD,0.343333333,0.4016007252386869
Site Engineer,0.516666667,0.40154183036893104
Site Engineer,0.416666667,0.40153536744803214
Civil Engineer,0.3,0.4014496349114152
Mechanical Engineer,0.45,0.401352571663511
Business Development Executive,0.383333333,0.40127323520240055
Civil Engineer,0.38,0.4011019420315693
Site Engineer,0.333333333,0.4010687360996362
Head of Internal Control & Compliance (ICC) - SEVP/DMD,0.33,0.4008654186270479
Head of Internal Control & Compliance (ICC) - SEVP/DMD,0.346666667,0.4008336541997589
Mechanical Engineer,0.35,0.40071469937423615
Mechanical Engineer,0.35,0.4006673163441251
Senior Software Engineer,0.25,0.4004387241166556
Head of Internal Control & Compliance (ICC) - SEVP/DMD,0.35,0.40038895946241754
Civil Engineer,0.38,0.4003498311254493
Mechanical Engineer,0.45,0.40012637821460106
Data Science Engineer,0.306666667,0.3999749736940653
Site Engineer,0.38,0.3998575681123634
Head of Internal Control & Compliance (ICC) - SEVP/DMD,0.333333333,0.3996210362178559
Mechanical Engineer,0.35,0.39932107653012844
Site Engineer,0.35,0.3991701039837459
Site Engineer,0.383333333,0.39889426317325305
Mechanical Designer,0.283333333,0.3988876529543009
Mechanical Engineer,0.35,0.398726462846722
Mechanical Engineer,0.333333333,0.3986553641818043
Site Engineer,0.38,0.3985460157773771
Mechanical Designer,0.333333333,0.3984876322837376
Mechanical Designer,0.34,0.3983600879619214
Mechanical Engineer,0.35,0.39831773144027466
Business Development Executive,0.383333333,0.3980371823357997
Mechanical Designer,0.35,0.3978270847730565
Mechanical Designer,0.35,0.397627377874327
Site Engineer,0.383333333,0.397351908518774
Civil Engineer,0.346666667,0.3972117493960374
Civil Engineer,0.38,0.39717832089910454
Mechanical Engineer,0.183333333,0.3969590038629826
Mechanical Designer,0.34,0.3969191404583492
Mechanical Engineer,0.35,0.3969142662130612
Head of Internal Control & Compliance (ICC) - SEVP/DMD,0.35,0.3968935673816869
Mechanical Engineer,0.35,0.3967442597211714
Business Development Executive,0.316666667,0.3965926112677181
Mechanical Engineer,0.35,0.3965461618921913
Mechanical Designer,0.35,0.39616506812172947
Civil Engineer,0.283333333,0.39613682174184256
Civil Engineer,0.25,0.39604891415151006
Mechanical Engineer,0.35,0.3960111758868451
Business Development Executive,0.383333333,0.39590952539570895
Civil Engineer,0.3,0.39586324853392457
Civil Engineer,0.283333333,0.39576284331966044
Civil Engineer,0.35,0.3957166244557452
Mechanical Designer,0.35,0.39549564904346685
Mechanical Designer,0.35,0.3952903814501948
Business Development Executive,0.173333333,0.3952112677078089
Civil Engineer,0.28,0.39520132622059573
Mechanical Engineer,0.35,0.39513196001064094
Mechanical Designer,0.35,0.39490114324872994
HR Officer,0.25,0.39488768171228833
Mechanical Designer,0.35,0.39477713568796813
Head of Internal Control & Compliance (ICC) - SEVP/DMD,0.313333333,0.3945956084519818
Mechanical Designer,0.35,0.3945791870987852
Head of Internal Control & Compliance (ICC) - SEVP/DMD,0.333333333,0.3942538953632151
Civil Engineer,0.546666667,0.3941568767676479
Mechanical Designer,0.35,0.39406651111121543
Mechanical Designer,0.35,0.39400126335704816
Mechanical Designer,0.34,0.3937608115765568
Mechanical Designer,0.35,0.3936760698119063
Mechanical Engineer,0.35,0.39318641996211146
Site Engineer,0.316666667,0.393126352992551
Head of Internal Control & Compliance (ICC) - SEVP/DMD,0.35,0.39302998922239724
Civil Engineer,0.383333333,0.3929938806979268
Mechanical Designer,0.35,0.3929374676721404
Site Engineer,0.45,0.3928910777622468
Mechanical Engineer,0.35,0.3927178123207787
Mechanical Engineer,0.35,0.3926802603941594
Mechanical Designer,0.35,0.39237298648727914
Site Engineer,0.35,0.3919724470247851
Civil Engineer,0.406666667,0.3919215105168793
Business Development Executive,0.316666667,0.39191021151105987
Head of Internal Control & Compliance (ICC) - SEVP/DMD,0.333333333,0.3916417894893859
Site Engineer,0.35,0.3916164443206575
Business Development Executive,0.316666667,0.39151749264628327
Business Development Executive,0.433333333,0.3912770404859705
Site Engineer,0.383333333,0.39105575407466253
Mechanical Designer,0.35,0.39103478341638015
Business Development Executive,0.35,0.39086227345415364
Mechanical Designer,0.35,0.39085680962453
Civil Engineer,0.316666667,0.39083058013608957
Business Development Executive,0.383333333,0.3907767435998783
Mechanical Engineer,0.45,0.39037706290515906
Civil Engineer,0.316666667,0.39032441147562563
Site Engineer,0.35,0.3901904830999329
Mechanical Engineer,0.35,0.3900919964542905
Site Engineer,0.233333333,0.38989980997664514
Mechanical Designer,0.35,0.38969912683818525
Mechanical Designer,0.333333333,0.3896681987224423
Mechanical Designer,0.333333333,0.3896169746985662
Site Engineer,0.133333333,0.389104468537549
Mechanical Engineer,0.35,0.38886972188091823
Site Engineer,0.316666667,0.38881307436559953
Business Development Executive,0.183333333,0.3887186483681276
Civil Engineer,0.316666667,0.3882923005110124
Head of Internal Control & Compliance (ICC) - SEVP/DMD,0.33,0.38824001117069823
Business Development Executive,0.316666667,0.38821757941571305
Mechanical Designer,0.333333333,0.3881527265458271
Head of Internal Control & Compliance (ICC) - SEVP/DMD,0.343333333,0.38814342362786247
Head of Internal Control & Compliance (ICC) - SEVP/DMD,0.583333333,0.3881057921009202
Mechanical Designer,0.35,0.38796341005165486
Business Development Executive,0.183333333,0.38753090108224025
Civil Engineer,0.28,0.3874482306099143
Mechanical Designer,0.2,0.3872427017217106
Site Engineer,0.383333333,0.38711644282523955
Business Development Executive,0.35,0.3870560189745779
Mechanical Designer,0.35,0.38702756651651743
Site Engineer,0.25,0.3869806549816867
Civil Engineer,0.313333333,0.38689790402595803
Site Engineer,0.313333333,0.38684264117924894
Head of Internal Control & Compliance (ICC) - SEVP/DMD,0.35,0.3868387375978426
Site Engineer,0.383333333,0.38654077760941
Mechanical Designer,0.35,0.38642368563217006
Mechanical Designer,0.35,0.38641140191587353
Mechanical Designer,0.333333333,0.3863740547060532
Data Science Engineer,0.316666667,0.38610348788193877
Mechanical Designer,0.35,0.3860821599699276
Mechanical Engineer,0.316666667,0.3860668376293125
Head of Internal Control & Compliance (ICC) - SEVP/DMD,0.15,0.3860512973775237
Mechanical Engineer,0.35,0.38597393788880735
Mechanical Designer,0.35,0.38594329239188685
Mechanical Designer,0.35,0.3859202544053012
Site Engineer,0.35,0.38570716351990586
Mechanical Designer,0.35,0.3854823430764651
Site Engineer,0.383333333,0.3850813968604671
Site Engineer,0.316666667,0.38505019059392065
Mechanical Designer,0.35,0.38482388564921444
Mechanical Designer,0.35,0.3847557740753916
Mechanical Engineer,0.35,0.3847425178801052
Mechanical Designer,0.316666667,0.3846362977972865
Mechanical Engineer,0.35,0.3845897362878453
Mechanical Engineer,0.35,0.3845373025324672
Civil Engineer,0.283333333,0.38431477462342684
Site Engineer,0.383333333,0.384275393388733
Mechanical Engineer,0.333333333,0.3841348906388861
Mechanical Engineer,0.35,0.38413283939771653
Mechanical Designer,0.35,0.3839592019437153
Site Engineer,0.383333333,0.383539489663331
Mechanical Engineer,0.35,0.38338618791925577
Business Development Executive,0.383333333,0.38325105130047477
Business Development Executive,0.383333333,0.3832475687045273
Data Science Engineer,0.39,0.38321220131643796
Business Development Executive,0.35,0.38315024956256405
Mechanical Engineer,0.45,0.3830882796660523
Mechanical Engineer,0.333333333,0.38303487338727926
Mechanical Designer,0.35,0.38303085098598405
Mechanical Engineer,0.33,0.3829578090364026
Civil Engineer,0.313333333,0.38294738667417244
Mechanical Designer,0.35,0.38263818631106133
Site Engineer,0.24,0.382551370897294
Site Engineer,0.546666667,0.38205176123094275
Site Engineer,0.35,0.38204987528015505
Civil Engineer,0.35,0.38204241090036756
Site Engineer,0.233333333,0.3819051949853717
Head of Internal Control & Compliance (ICC) - SEVP/DMD,0.346666667,0.38189657553294365
Business Development Executive,0.383333333,0.3818354161880716
Mechanical Engineer,0.306666667,0.3816473044939514
Site Engineer,0.416666667,0.38135567199697834
Head of Internal Control & Compliance (ICC) - SEVP/DMD,0.346666667,0.3813381483881667
Mechanical Engineer,0.35,0.38107815338766005
Site Engineer,0.333333333,0.3809882362645238
Mechanical Engineer,0.35,0.38096678496173364
Mechanical Engineer,0.333333333,0.38077838697960986
Mechanical Designer,0.3,0.3803975264554033
Civil Engineer,0.316666667,0.38027990931803773
Site Engineer,0.35,0.37990394596234095
Head of Internal Control & Compliance (ICC) - SEVP/DMD,0.35,0.3798841853179744
Civil Engineer,0.266666667,0.37965416738648744
Mechanical Designer,0.316666667,0.3793674361363137
Mechanical Designer,0.35,0.37929883071092757
Site Engineer,0.483333333,0.379031715323315
Mechanical Engineer,0.35,0.3790257985486536
Mechanical Engineer,0.35,0.37901349590683464
Civil Engineer,0.35,0.3790020344233177
Mechanical Engineer,0.35,0.37882900308530587
Mechanical Engineer,0.35,0.3786464765806325
Civil Engineer,0.383333333,0.37859784227134585
Head of Internal Control & Compliance (ICC) - SEVP/DMD,0.333333333,0.3785598138079838
Mechanical Designer,0.35,0.3785528107864294
Mechanical Engineer,0.316666667,0.37835454199781793
Civil Engineer,0.35,0.37827842779762977
Mechanical Engineer,0.35,0.3780571077294135
Mechanical Designer,0.35,0.3779274516891365
Head of Internal Control & Compliance (ICC) - SEVP/DMD,0.333333333,0.3779198944895227
Mechanical Designer,0.35,0.37765838311067473
Site Engineer,0.35,0.3775308789146191
Mechanical Engineer,0.35,0.37704872917248067
Civil Engineer,0.313333333,0.37703674781093693
Business Development Executive,0.283333333,0.37678091868544544
Data Science Engineer,0.21,0.37676994002418707
Mechanical Engineer,0.35,0.3767180917935713
Mechanical Engineer,0.35,0.3762470555494172
Site Engineer,0.383333333,0.376104365897274
Site Engineer,0.35,0.37579709545216367
Head of Internal Control & Compliance (ICC) - SEVP/DMD,0.35,0.3757968179699621
Site Engineer,0.383333333,0.3757505004928518
Mechanical Designer,0.35,0.3757254002615858
Business Development Executive,0.283333333,0.37570856665311503
Mechanical Engineer,0.35,0.37564467952758696
Site Engineer,0.23,0.37558733868589456
Mechanical Engineer,0.333333333,0.37550619859135487
Mechanical Engineer,0.35,0.3754787780914447
Mechanical Engineer,0.35,0.37542925040366815
Business Development Executive,0.25,0.3753482702233997
Head of Internal Control & Compliance (ICC) - SEVP/DMD,0.35,0.3749209362991421
Mechanical Designer,0.35,0.3749083088169506
Mechanical Designer,0.333333333,0.3745671039094179
Mechanical Engineer,0.35,0.3743934618741014
Mechanical Engineer,0.35,0.3741184633348326
Mechanical Designer,0.35,0.37407181039665277
Mechanical Designer,0.35,0.37403831219033257
Mechanical Engineer,0.55,0.37363361153064845
Mechanical Engineer,0.35,0.3736294494111262
Mechanical Engineer,0.35,0.37343396558143577
Site Engineer,0.266666667,0.37336769917246604
Head of Internal Control & Compliance (ICC) - SEVP/DMD,0.283333333,0.37320541643793786
Mechanical Engineer,0.35,0.373180189286913
HR Officer,0.316666667,0.3728274366595814
Data Science Engineer,0.05,0.37256608440880024
Head of Internal Control & Compliance (ICC) - SEVP/DMD,0.3,0.3725379368400546
Site Engineer,0.383333333,0.3722314018515648
Mechanical Designer,0.35,0.3721667012254782
Head of Internal Control & Compliance (ICC) - SEVP/DMD,0.316666667,0.37181739235784106
Mechanical Engineer,0.35,0.37171228261242806
Mechanical Engineer,0.35,0.3715002100367469
Site Engineer,0.266666667,0.3713875740556654
Mechanical Designer,0.333333333,0.37130540414480984
Site Engineer,0.273333333,0.37093547187268944
Civil Engineer,0.25,0.3708545079432053
Mechanical Designer,0.35,0.3706898665494468
Head of Internal Control & Compliance (ICC) - SEVP/DMD,0.35,0.37055080997257
Head of Internal Control & Compliance (ICC) - SEVP/DMD,0.333333333,0.3704449043392371
Site Engineer,0.04,0.37042965219740276
Business Development Executive,0.183333333,0.3702167375885683
Mechanical Designer,0.333333333,0.36975776779136016
Civil Engineer,0.316666667,0.3693891216828129
Head of Internal Control & Compliance (ICC) - SEVP/DMD,0.35,0.3693422942404851
Mechanical Designer,0.333333333,0.3693180006990743
Mechanical Designer,0.35,0.3692882869669709
Business Development Executive,0.35,0.3692748645565744
Mechanical Engineer,0.35,0.3685130206862611
Civil Engineer,0.25,0.36850802728118515
Site Engineer,0.05,0.3684387567875158
Mechanical Engineer,0.35,0.3681200496637703
Mechanical Engineer,0.35,0.36796145223352067
Mechanical Designer,0.35,0.36795732442998713
Civil Engineer,0.233333333,0.3673772458491204
Site Engineer,0.283333333,0.3673555220065037
Site Engineer,0.416666667,0.36724484808306446
Head of Internal Control & Compliance (ICC) - SEVP/DMD,0.316666667,0.3671554264871983
Business Development Executive,0.216666667,0.3663606809916545
Head of Internal Control & Compliance (ICC) - SEVP/DMD,0.346666667,0.366340980848159
Mechanical Engineer,0.35,0.3661541205096744
Mechanical Engineer,0.35,0.3659887469460853
Mechanical Engineer,0.35,0.3651714002809107
Mechanical Designer,0.116666667,0.3648397240994228
Mechanical Engineer,0.35,0.364766980184611
Head of Internal Control & Compliance (ICC) - SEVP/DMD,0.343333333,0.36474265568875397
Site Engineer,0.38,0.3645555257343647
Civil Engineer,0.283333333,0.3644453704887516
Head of Internal Control & Compliance (ICC) - SEVP/DMD,0.316666667,0.3641456227202532
Head of Internal Control & Compliance (ICC) - SEVP/DMD,0.35,0.36398775095200386
Mechanical Engineer,0.35,0.3631658226832376
Civil Engineer,0.16,0.3630465197512702
Mechanical Designer,0.35,0.36294551448530593
Mechanical Designer,0.266666667,0.36279903468914304
Business Development Executive,0.35,0.3625382422932484
Civil Engineer,0.35,0.3623351307599989
Site Engineer,0.3,0.36174173582290114
Data Science Engineer,0.24,0.3616235584120742
Head of Internal Control & Compliance (ICC) - SEVP/DMD,0.35,0.3611150066287838
Head of Internal Control & Compliance (ICC) - SEVP/DMD,0.346666667,0.3606756819080834
Data Science Engineer,0.333333333,0.36042557104204886
Head of Internal Control & Compliance (ICC) - SEVP/DMD,0.35,0.3601504238471753
Civil Engineer,0.083333333,0.35967124845637594
Business Development Executive,0.283333333,0.3596079385163366
Mechanical Engineer,0.316666667,0.35944811554965983
Head of Internal Control & Compliance (ICC) - SEVP/DMD,0.316666667,0.35899570323887353
Civil Engineer,0.35,0.35879630359045867
Business Development Executive,0.2,0.3587074367383954
Mechanical Engineer,0.35,0.3577814311297086
Head of Internal Control & Compliance (ICC) - SEVP/DMD,0.276666667,0.3576672367693627
Site Engineer,0.283333333,0.3570697285981718
Site Engineer,0.283333333,0.3566588500202189
Head of Internal Control & Compliance (ICC) - SEVP/DMD,0.35,0.35655811033161633
Civil Engineer,0.413333333,0.3560357837366557
Head of Internal Control & Compliance (ICC) - SEVP/DMD,0.346666667,0.3560121820225108
Business Development Executive,0.316666667,0.355719987157351
Civil Engineer,0.216666667,0.3546572025847986
Site Engineer,0.233333333,0.3528243426567699
Head of Internal Control & Compliance (ICC) - SEVP/DMD,0.346666667,0.3527007805816457
Business Development Executive,0.316666667,0.35252520918609404
Head of Internal Control & Compliance (ICC) - SEVP/DMD,0.35,0.35233052786071756
Mechanical Designer,0.35,0.3518218048852487
Site Engineer,0.09,0.35173313949796153
Head of Internal Control & Compliance (ICC) - SEVP/DMD,0.346666667,0.35154393529746575
Mechanical Engineer,0.35,0.3509287299548782
Mechanical Engineer,0.216666667,0.3508954081988292
Mechanical Engineer,0.35,0.3507656786299141
Civil Engineer,0.273333333,0.35043222390261075
Site Engineer,0.383333333,0.3499815863172568
Head of Internal Control & Compliance (ICC) - SEVP/DMD,0.383333333,0.34971809581590646
Mechanical Designer,0.283333333,0.3496673536169224
Site Engineer,0.25,0.3492216077646249
Civil Engineer,0.35,0.348406374298455
Business Development Executive,0.35,0.3471635536995234
Site Engineer,0.283333333,0.3452227265117394
Civil Engineer,0.223333333,0.3446143837868386
Head of Internal Control & Compliance (ICC) - SEVP/DMD,0.333333333,0.34456300987036914
Head of Internal Control & Compliance (ICC) - SEVP/DMD,0.333333333,0.3442025420587806
Site Engineer,0.333333333,0.34183556336475274
Site Engineer,0.35,0.34174144105078663
Civil Engineer,0.133333333,0.34107466948729087
Site Engineer,0.283333333,0.3409853345381595
Site Engineer,0.283333333,0.3391057318295035
Data Science Engineer,0.1,0.3358202190985565
Head of Internal Control & Compliance (ICC) - SEVP/DMD,0.316666667,0.33458852544344175
Head of Internal Control & Compliance (ICC) - SEVP/DMD,0.173333333,0.3341873837117901
Civil Engineer,0.383333333,0.3331543588293403
Mechanical Engineer,0.273333333,0.3316351189923275
Civil Engineer,0.283333333,0.33135842572612095
Site Engineer,0.2,0.33063872383905896
Site Engineer,0.256666667,0.3302950059374358
Site Engineer,0.283333333,0.328648342170077
Site Engineer,0.306666667,0.3270115663178871
Business Development Executive,0.283333333,0.32677513766875255
Civil Engineer,0.166666667,0.3256725504641653
Site Engineer,0.216666667,0.32554268103745476
Civil Engineer,0.266666667,0.32084401581524147
Civil Engineer,0.216666667,0.3196358858716601
Civil Engineer,0.283333333,0.319055441283978
Business Development Executive,0.24,0.31741021110669204
Mechanical Designer,0.216666667,0.30907889601348243
Site Engineer,0.183333333,0.3067358972049922
Head of Internal Control & Compliance (ICC) - SEVP/DMD,0.24,0.30643347289448336
Civil Engineer,0.173333333,0.3047508726008547
Site Engineer,0.2,0.2916938934401215
Site Engineer,0.266666667,0.2843013378462491
Civil Engineer,0.146666667,0.28218813102299173
Site Engineer,0.166666667,0.26876610748116786
Civil Engineer,0.05,0.2658008999085008
